Task_ID,Employee_ID,relevance,prediction_score,predicted_label
TSK-1007,EMP-11,1,0.25956749849569893,0
TSK-1007,EMP-7,0,4.0389588489729635e-06,0
TSK-1007,EMP-14,0,4.2337036831838186e-06,0
TSK-1007,EMP-5,0,1.8333437869068435e-06,0
TSK-1007,EMP-58,0,2.0692669617452803e-06,0
TSK-1007,EMP-8,0,4.288367939616773e-06,0
TSK-1007,EMP-63,0,3.925809499435736e-06,0
TSK-1007,EMP-31,0,4.9598536799985866e-06,0
TSK-1007,EMP-65,0,4.112808731693141e-06,0
TSK-1007,EMP-55,0,3.480831963407039e-06,0
TSK-1007,EMP-42,0,5.289532736171055e-06,0
TSK-1007,EMP-57,0,2.309483509417292e-06,0
TSK-1007,EMP-56,0,3.7885346274368045e-06,0
TSK-1007,EMP-40,0,5.050765617482971e-06,0
TSK-1007,EMP-17,0,6.7534725891225074e-06,0
TSK-1007,EMP-15,0,6.9983598490540036e-06,0
TSK-1007,EMP-12,0,6.124957172215717e-06,0
TSK-1007,EMP-28,0,5.068983774517668e-06,0
TSK-1007,EMP-25,0,2.5066077638010274e-06,0
TSK-1007,EMP-59,0,4.149657253970062e-06,0
TSK-1007,EMP-32,0,6.7470418349002875e-06,0
TSK-1009,EMP-9,1,0.5377577683514617,1
TSK-1009,EMP-42,1,0.5856933935507029,1
TSK-1009,EMP-14,1,0.46366374188910753,0
TSK-1009,EMP-4,1,0.47438080769183605,0
TSK-1009,EMP-52,0,7.686342829728446e-07,0
TSK-1009,EMP-31,0,0.054785241001207505,0
TSK-1009,EMP-46,0,7.80139741067492e-06,0
TSK-1009,EMP-51,0,5.880081415399334e-07,0
TSK-1009,EMP-1,0,3.006289351354042e-07,0
TSK-1009,EMP-15,0,9.670698685364914e-07,0
TSK-1009,EMP-58,0,2.8594088773482217e-07,0
TSK-1009,EMP-45,0,6.932827728396349e-06,0
TSK-1009,EMP-21,0,0.0679990265262373,0
TSK-1009,EMP-8,0,0.35862522129822577,0
TSK-1009,EMP-20,0,1.0534891896873767e-05,0
TSK-1009,EMP-28,0,7.004574539104566e-07,0
TSK-1009,EMP-57,0,3.191351883604042e-07,0
TSK-1009,EMP-49,0,6.381459054725263e-06,0
TSK-1009,EMP-65,0,5.683279502972189e-07,0
TSK-1009,EMP-12,0,9.443512574177814e-06,0
TSK-1009,EMP-67,0,3.6308605618064014e-07,0
TSK-1009,EMP-41,0,0.37199630419656604,0
TSK-1009,EMP-48,0,7.137222744962694e-07,0
TSK-1009,EMP-29,0,1.1430069846653698e-05,0
TSK-1014,EMP-21,1,0.27466926398951597,0
TSK-1014,EMP-50,0,3.882411352882967e-06,0
TSK-1014,EMP-25,0,1.5024844283198766e-06,0
TSK-1014,EMP-40,0,3.0274798215814765e-06,0
TSK-1014,EMP-16,0,4.069581895977442e-06,0
TSK-1014,EMP-63,0,2.3531687246942483e-06,0
TSK-1014,EMP-17,0,4.048102304418231e-06,0
TSK-1014,EMP-28,0,0.2044236845712132,0
TSK-1014,EMP-45,0,2.695277366241946e-06,0
TSK-1014,EMP-31,0,2.9729861816116314e-06,0
TSK-1014,EMP-68,0,2.8599310655494278e-06,0
TSK-1014,EMP-44,0,2.0291452365234646e-06,0
TSK-1014,EMP-58,0,1.2403379931513613e-06,0
TSK-1014,EMP-18,0,3.113091722886479e-06,0
TSK-1014,EMP-52,0,3.3341323641743156e-06,0
TSK-1014,EMP-22,0,0.2572343237119653,0
TSK-1014,EMP-30,0,2.0692571803490105e-06,0
TSK-1014,EMP-4,0,3.467520612404371e-06,0
TSK-1014,EMP-29,0,4.443683651797787e-06,0
TSK-1014,EMP-34,0,2.2136670689429023e-06,0
TSK-1014,EMP-56,0,2.27088469492397e-06,0
TSK-1016,EMP-7,1,0.3732971601737978,0
TSK-1016,EMP-41,0,3.230289529515672e-06,0
TSK-1016,EMP-25,0,1.7823302191363523e-06,0
TSK-1016,EMP-29,0,5.271340700006149e-06,0
TSK-1016,EMP-11,0,0.22973612699955628,0
TSK-1016,EMP-57,0,1.6421643922193942e-06,0
TSK-1016,EMP-15,0,4.976209127136407e-06,0
TSK-1016,EMP-42,0,3.7611395599853427e-06,0
TSK-1016,EMP-52,0,3.955131066878002e-06,0
TSK-1016,EMP-27,0,3.6098880959861976e-06,0
TSK-1016,EMP-67,0,1.8683207176082203e-06,0
TSK-1016,EMP-32,0,4.797508194211498e-06,0
TSK-1016,EMP-55,0,2.475055663728396e-06,0
TSK-1016,EMP-12,0,4.355171890149474e-06,0
TSK-1016,EMP-14,0,3.0103879386613312e-06,0
TSK-1016,EMP-63,0,2.7914585902912173e-06,0
TSK-1016,EMP-44,0,2.407084194110935e-06,0
TSK-1016,EMP-48,0,3.6725733500738065e-06,0
TSK-1016,EMP-51,0,3.0256925317847923e-06,0
TSK-1016,EMP-18,0,3.692920660992474e-06,0
TSK-1016,EMP-22,0,0.1934311773771294,0
TSK-102,EMP-17,1,0.6317005704728218,1
TSK-102,EMP-29,0,9.929767903152184e-06,0
TSK-102,EMP-14,0,0.38562524031556,0
TSK-102,EMP-58,0,9.336747797712771e-08,0
TSK-102,EMP-16,0,9.09381169322862e-06,0
TSK-102,EMP-15,0,3.1577476305524295e-07,0
TSK-102,EMP-20,0,9.152089228889858e-06,0
TSK-102,EMP-6,0,5.950875362185972e-06,0
TSK-102,EMP-25,0,1.1310079716436778e-07,0
TSK-102,EMP-7,0,1.8224236776915704e-07,0
TSK-102,EMP-41,0,6.084995254625265e-06,0
TSK-102,EMP-46,0,6.777388918030083e-06,0
TSK-102,EMP-11,0,5.552401146343712e-06,0
TSK-102,EMP-68,0,6.390758085450027e-06,0
TSK-102,EMP-31,0,6.643388386185879e-06,0
TSK-102,EMP-48,0,2.3304980435713529e-07,0
TSK-102,EMP-55,0,0.28278601571463896,0
TSK-102,EMP-1,0,9.816352596705703e-08,0
TSK-102,EMP-56,0,1.7094290424750535e-07,0
TSK-102,EMP-27,0,6.8000544112985455e-06,0
TSK-102,EMP-32,0,9.037200503845618e-06,0
TSK-1025,EMP-4,1,0.49512876417506396,0
TSK-1025,EMP-14,1,0.4843749179621778,0
TSK-1025,EMP-15,0,8.271007205728566e-08,0
TSK-1025,EMP-1,0,1.2278412241027284e-07,0
TSK-1025,EMP-22,0,6.681764237571382e-06,0
TSK-1025,EMP-67,0,1.4829312552585718e-07,0
TSK-1025,EMP-20,0,1.1447517612249807e-05,0
TSK-1025,EMP-34,0,2.084300486005162e-07,0
TSK-1025,EMP-29,0,1.242024284754777e-05,0
TSK-1025,EMP-16,0,1.1374623699441814e-05,0
TSK-1025,EMP-56,0,2.138174427862704e-07,0
TSK-1025,EMP-9,0,0.5583332037369596,1
TSK-1025,EMP-40,0,2.850556167104017e-07,0
TSK-1025,EMP-55,0,5.8317059611101765e-06,0
TSK-1025,EMP-17,0,1.1314587926215635e-05,0
TSK-1025,EMP-51,0,7.1291067332150174e-06,0
TSK-1025,EMP-28,0,2.860838198029187e-07,0
TSK-1025,EMP-52,0,9.31902884438535e-06,0
TSK-1025,EMP-8,0,0.37795082794381474,0
TSK-1025,EMP-62,0,2.1166543015913442e-07,0
TSK-1025,EMP-57,0,1.3034252489504792e-07,0
TSK-1025,EMP-24,0,7.026371920458003e-08,0
TSK-1030,EMP-21,1,0.30318080122909086,0
TSK-1030,EMP-20,0,3.5953960668784022e-06,0
TSK-1030,EMP-52,0,2.9268835280379846e-06,0
TSK-1030,EMP-5,0,9.64694667515873e-07,0
TSK-1030,EMP-6,0,2.3377954203813213e-06,0
TSK-1030,EMP-16,0,3.5725016245102506e-06,0
TSK-1030,EMP-45,0,2.366061526508563e-06,0
TSK-1030,EMP-18,0,2.732841904204666e-06,0
TSK-1030,EMP-49,0,2.177887560458705e-06,0
TSK-1030,EMP-50,0,3.408193004250798e-06,0
TSK-1030,EMP-51,0,2.2390781348491048e-06,0
TSK-1030,EMP-58,0,1.0888361697676137e-06,0
TSK-1030,EMP-40,0,2.657687074623746e-06,0
TSK-1030,EMP-27,0,2.671395935863617e-06,0
TSK-1030,EMP-30,0,1.816506712749409e-06,0
TSK-1030,EMP-24,0,3.128356725075988e-06,0
TSK-1030,EMP-42,0,2.7833254280159535e-06,0
TSK-1030,EMP-8,0,0.2463628632802941,0
TSK-1030,EMP-32,0,3.55026181104514e-06,0
TSK-1030,EMP-67,0,1.3825974599231968e-06,0
TSK-1030,EMP-11,0,0.20891913269919635,0
TSK-1035,EMP-16,1,0.8632837672722683,1
TSK-1035,EMP-59,0,2.828142411734077e-06,0
TSK-1035,EMP-14,0,2.8854231886628407e-06,0
TSK-1035,EMP-55,0,2.372313134441497e-06,0
TSK-1035,EMP-29,0,5.05252161136559e-06,0
TSK-1035,EMP-45,0,3.0645634277505083e-06,0
TSK-1035,EMP-34,0,2.5169667780075947e-06,0
TSK-1035,EMP-1,0,1.482722151664839e-06,0
TSK-1035,EMP-11,0,0.20719581224911315,0
TSK-1035,EMP-42,0,3.605010338042615e-06,0
TSK-1035,EMP-50,0,4.414348614850495e-06,0
TSK-1035,EMP-58,0,1.4102797942798195e-06,0
TSK-1035,EMP-18,0,3.539623273857039e-06,0
TSK-1035,EMP-20,0,4.656816897026886e-06,0
TSK-1035,EMP-66,0,4.024163763650853e-06,0
TSK-1035,EMP-44,0,2.3071632355458317e-06,0
TSK-1035,EMP-68,0,3.2517766302724097e-06,0
TSK-1035,EMP-28,0,3.4546978983703808e-06,0
TSK-1035,EMP-48,0,3.5201206002608097e-06,0
TSK-1035,EMP-56,0,2.582023904674258e-06,0
TSK-1035,EMP-41,0,3.0961964336688335e-06,0
TSK-104,EMP-17,1,0.6421106025376458,1
TSK-104,EMP-12,0,8.58171889188053e-06,0
TSK-104,EMP-27,0,7.113167530167851e-06,0
TSK-104,EMP-65,0,5.762488762836278e-06,0
TSK-104,EMP-68,0,6.685025003297331e-06,0
TSK-104,EMP-16,0,9.512541417646698e-06,0
TSK-104,EMP-31,0,6.949287761769778e-06,0
TSK-104,EMP-6,0,6.224887699013993e-06,0
TSK-104,EMP-21,0,7.310884669930727e-06,0
TSK-104,EMP-15,0,8.78816571231542e-07,0
TSK-104,EMP-49,0,5.799099857641482e-06,0
TSK-104,EMP-40,0,6.342470319522006e-07,0
TSK-104,EMP-9,0,9.551355079582867e-06,0
TSK-104,EMP-10,0,6.7244189521027464e-06,0
TSK-104,EMP-44,0,4.743086949775945e-06,0
TSK-104,EMP-51,0,0.33519334415183155,0
TSK-104,EMP-24,0,7.465708426425532e-07,0
TSK-104,EMP-1,0,2.7319398785572836e-07,0
TSK-104,EMP-50,0,9.075037432342604e-06,0
TSK-104,EMP-45,0,6.3001520453201385e-06,0
TSK-104,EMP-29,0,1.0386989306233004e-05,0
TSK-1043,EMP-16,1,0.3673963618955598,0
TSK-1043,EMP-40,0,4.670542439590248e-06,0
TSK-1043,EMP-34,0,3.4150617570980138e-06,0
TSK-1043,EMP-59,0,3.837269528523187e-06,0
TSK-1043,EMP-58,0,1.9134914835501632e-06,0
TSK-1043,EMP-18,0,0.36767837578143003,0
TSK-1043,EMP-7,0,3.7349045090744857e-06,0
TSK-1043,EMP-56,0,3.5033322509940383e-06,0
TSK-1043,EMP-52,0,5.143619456507546e-06,0
TSK-1043,EMP-14,0,3.914988936381107e-06,0
TSK-1043,EMP-29,0,6.8553378899747875e-06,0
TSK-1043,EMP-10,0,4.438062393706882e-06,0
TSK-1043,EMP-50,0,5.989456461071824e-06,0
TSK-1043,EMP-9,0,6.303823547265529e-06,0
TSK-1043,EMP-45,0,4.158049049693299e-06,0
TSK-1043,EMP-48,0,4.77615558710685e-06,0
TSK-1043,EMP-55,0,3.2187934899438247e-06,0
TSK-1043,EMP-22,0,3.687982138363438e-06,0
TSK-1043,EMP-17,0,6.245069910996555e-06,0
TSK-1043,EMP-62,0,3.4680723087171627e-06,0
TSK-1043,EMP-66,0,5.460048381587774e-06,0
TSK-1050,EMP-8,1,0.31433197572321314,0
TSK-1050,EMP-65,0,4.345028414892791e-06,0
TSK-1050,EMP-58,0,2.186103310596136e-06,0
TSK-1050,EMP-29,0,7.832000525754931e-06,0
TSK-1050,EMP-18,0,5.4868353956368564e-06,0
TSK-1050,EMP-57,0,2.4398830941407794e-06,0
TSK-1050,EMP-9,0,7.201913896606189e-06,0
TSK-1050,EMP-27,0,5.363468212970372e-06,0
TSK-1050,EMP-17,0,7.134789832953096e-06,0
TSK-1050,EMP-31,0,5.2398994333338195e-06,0
TSK-1050,EMP-48,0,5.456603999723113e-06,0
TSK-1050,EMP-63,0,4.147470772263781e-06,0
TSK-1050,EMP-59,0,4.383957489710385e-06,0
TSK-1050,EMP-11,0,4.379394252358203e-06,0
TSK-1050,EMP-41,0,4.799472433598143e-06,0
TSK-1050,EMP-7,0,4.267008797008289e-06,0
TSK-1050,EMP-42,0,5.588192890185755e-06,0
TSK-1050,EMP-22,0,0.3180400573158765,0
TSK-1050,EMP-62,0,3.962161703615804e-06,0
TSK-1050,EMP-24,0,6.280923730506092e-06,0
TSK-1050,EMP-68,0,5.040639796540381e-06,0
TSK-1055,EMP-8,1,0.35010227601040717,0
TSK-1055,EMP-46,0,3.0646307921294425e-06,0
TSK-1055,EMP-31,0,3.004037596789488e-06,0
TSK-1055,EMP-52,0,3.3689557653587314e-06,0
TSK-1055,EMP-63,0,2.377746459117877e-06,0
TSK-1055,EMP-21,0,3.1603493301341718e-06,0
TSK-1055,EMP-51,0,2.5772655122323895e-06,0
TSK-1055,EMP-65,0,2.491006535425084e-06,0
TSK-1055,EMP-6,0,2.6908928848854768e-06,0
TSK-1055,EMP-16,0,0.8487488957172916,1
TSK-1055,EMP-10,0,2.906830953375729e-06,0
TSK-1055,EMP-22,0,2.415544647618152e-06,0
TSK-1055,EMP-7,0,2.4462777757163245e-06,0
TSK-1055,EMP-9,0,4.128865162790639e-06,0
TSK-1055,EMP-25,0,1.5181771810788791e-06,0
TSK-1055,EMP-27,0,3.0748798169658404e-06,0
TSK-1055,EMP-28,0,3.0701346196686905e-06,0
TSK-1055,EMP-20,0,4.138439049311209e-06,0
TSK-1055,EMP-14,0,2.5642291520537385e-06,0
TSK-1055,EMP-32,0,4.086487814129325e-06,0
TSK-1055,EMP-48,0,3.128274748444026e-06,0
TSK-107,EMP-17,1,0.721374285853421,1
TSK-107,EMP-57,0,4.1849806193847174e-07,0
TSK-107,EMP-65,0,7.452770360841709e-07,0
TSK-107,EMP-52,0,1.0079487454757837e-06,0
TSK-107,EMP-18,0,1.0500652693155624e-05,0
TSK-107,EMP-51,0,0.06121682408175861,0
TSK-107,EMP-31,0,8.98769637708245e-07,0
TSK-107,EMP-68,0,9.646731789712212e-06,0
TSK-107,EMP-24,0,1.0773314423848532e-06,0
TSK-107,EMP-11,0,8.381250989267684e-06,0
TSK-107,EMP-9,0,1.3782931795818948e-05,0
TSK-107,EMP-49,0,8.368313189282344e-06,0
TSK-107,EMP-22,0,0.4054418945215017,0
TSK-107,EMP-46,0,1.0230341905290769e-05,0
TSK-107,EMP-14,0,0.48651088896572997,0
TSK-107,EMP-41,0,9.185189851124648e-06,0
TSK-107,EMP-4,0,0.5420233711688399,1
TSK-107,EMP-50,0,1.1737005979570194e-06,0
TSK-107,EMP-5,0,0.255339761680743,0
TSK-107,EMP-21,0,9.455362132178439e-07,0
TSK-107,EMP-27,0,1.0264554925238978e-05,0
TSK-1073,EMP-27,1,0.6019350573671263,1
TSK-1073,EMP-17,0,6.192988338426038e-06,0
TSK-1073,EMP-32,0,6.187091282107167e-06,0
TSK-1073,EMP-44,0,3.1042906736876912e-06,0
TSK-1073,EMP-9,0,6.251251994168628e-06,0
TSK-1073,EMP-34,0,2.3889580001377718e-08,0
TSK-1073,EMP-20,0,6.265747175659596e-06,0
TSK-1073,EMP-55,0,3.1919498625350243e-06,0
TSK-1073,EMP-30,0,2.2331125843278487e-08,0
TSK-1073,EMP-16,0,6.225848815559039e-06,0
TSK-1073,EMP-7,0,0.013621739428472746,0
TSK-1073,EMP-51,0,1.3144806232600365e-07,0
TSK-1073,EMP-59,0,2.68430858187191e-08,0
TSK-1073,EMP-12,0,5.616634385010133e-06,0
TSK-1073,EMP-4,0,5.304787208172781e-06,0
TSK-1073,EMP-45,0,0.276114426201122,0
TSK-1073,EMP-62,0,2.4260409071290847e-08,0
TSK-1073,EMP-48,0,3.3410963938117754e-08,0
TSK-1073,EMP-63,0,1.2127198540111145e-07,0
TSK-1073,EMP-29,0,6.798166942839175e-06,0
TSK-1073,EMP-22,0,0.2362233497409945,0
TSK-1083,EMP-27,1,0.4219254701648096,0
TSK-1083,EMP-11,0,0.14510101337927422,0
TSK-1083,EMP-7,0,0.16518759666091312,0
TSK-1083,EMP-40,0,0.17136318957379876,0
TSK-1083,EMP-68,0,2.1118438634161352e-06,0
TSK-1083,EMP-24,0,2.6314794016736752e-06,0
TSK-1083,EMP-31,0,0.352670595457597,0
TSK-1083,EMP-46,0,2.2396076819515356e-06,0
TSK-1083,EMP-8,0,0.14935979668050006,0
TSK-1083,EMP-57,0,1.0222203056388985e-06,0
TSK-1083,EMP-62,0,1.6599999154897225e-06,0
TSK-1083,EMP-15,0,3.097612176647423e-06,0
TSK-1083,EMP-25,0,1.1094712846015928e-06,0
TSK-1083,EMP-4,0,2.5605034256296537e-06,0
TSK-1083,EMP-34,0,1.634626261180067e-06,0
TSK-1083,EMP-44,0,1.4983707251239204e-06,0
TSK-1083,EMP-5,0,0.06982385324960753,0
TSK-1083,EMP-9,0,3.0173425162225646e-06,0
TSK-1083,EMP-49,0,1.8319731069629963e-06,0
TSK-1083,EMP-22,0,0.12989288637127724,0
TSK-1083,EMP-45,0,0.1554832607836764,0
TSK-1090,EMP-16,1,8.636531712868152e-06,0
TSK-1090,EMP-40,0,6.424973556384091e-06,0
TSK-1090,EMP-24,0,7.562815056536916e-06,0
TSK-1090,EMP-34,0,4.697889402450923e-06,0
TSK-1090,EMP-65,0,5.231819507858882e-06,0
TSK-1090,EMP-10,0,6.105165808915762e-06,0
TSK-1090,EMP-58,0,2.6322734615314017e-06,0
TSK-1090,EMP-8,0,5.455144509588057e-06,0
TSK-1090,EMP-25,0,3.188605642472863e-06,0
TSK-1090,EMP-52,0,7.075754807249593e-06,0
TSK-1090,EMP-44,0,4.3062942980085025e-06,0
TSK-1090,EMP-41,0,5.779011960089839e-06,0
TSK-1090,EMP-27,0,6.458114680583316e-06,0
TSK-1090,EMP-21,0,6.63762413500982e-06,0
TSK-1090,EMP-5,0,2.332160419669064e-06,0
TSK-1090,EMP-68,0,6.06939963504988e-06,0
TSK-1090,EMP-9,0,0.4451190672746929,0
TSK-1090,EMP-12,0,7.791427942682886e-06,0
TSK-1090,EMP-30,0,4.3914205032459965e-06,0
TSK-1090,EMP-31,0,6.309326533676328e-06,0
TSK-1090,EMP-59,0,5.278693703232129e-06,0
TSK-1102,EMP-27,1,0.6878359199174028,1
TSK-1102,EMP-12,0,8.184294638226004e-06,0
TSK-1102,EMP-48,0,3.5537524377374575e-07,0
TSK-1102,EMP-50,0,4.456527643377011e-07,0
TSK-1102,EMP-10,0,0.5040292459534161,1
TSK-1102,EMP-52,0,3.8271693763244004e-07,0
TSK-1102,EMP-14,0,5.657166150412331e-06,0
TSK-1102,EMP-68,0,6.375437155936495e-06,0
TSK-1102,EMP-8,0,0.3464375277947535,0
TSK-1102,EMP-11,0,0.3387974732026722,0
TSK-1102,EMP-17,0,9.024128049590496e-06,0
TSK-1102,EMP-62,0,1.3287218057425274e-08,0
TSK-1102,EMP-1,0,1.496885592173228e-07,0
TSK-1102,EMP-45,0,0.35724748355891583,0
TSK-1102,EMP-51,0,5.6859266947682755e-06,0
TSK-1102,EMP-65,0,5.49562393282574e-06,0
TSK-1102,EMP-55,0,4.651163902064381e-06,0
TSK-1102,EMP-57,0,8.182202531291128e-09,0
TSK-1102,EMP-34,0,2.541012019684673e-07,0
TSK-1102,EMP-58,0,7.331144496388762e-09,0
TSK-1102,EMP-6,0,5.936608982398434e-06,0
TSK-1108,EMP-7,1,0.20241094677245744,0
TSK-1108,EMP-10,0,0.28299388762972993,0
TSK-1108,EMP-52,0,2.638954316065066e-06,0
TSK-1108,EMP-68,0,2.2636253929087355e-06,0
TSK-1108,EMP-45,0,2.1333024950126617e-06,0
TSK-1108,EMP-14,0,2.0085993641749868e-06,0
TSK-1108,EMP-44,0,1.6060610491544436e-06,0
TSK-1108,EMP-58,0,9.817228333871849e-07,0
TSK-1108,EMP-17,0,3.204059548805318e-06,0
TSK-1108,EMP-34,0,1.7521094734947489e-06,0
TSK-1108,EMP-41,0,2.1553228693773026e-06,0
TSK-1108,EMP-56,0,1.7973970388232444e-06,0
TSK-1108,EMP-49,0,1.9636399258955358e-06,0
TSK-1108,EMP-20,0,3.2417028220426245e-06,0
TSK-1108,EMP-50,0,3.0729156040024595e-06,0
TSK-1108,EMP-66,0,2.801299859860932e-06,0
TSK-1108,EMP-25,0,1.1892108109704685e-06,0
TSK-1108,EMP-46,0,2.4005717753517314e-06,0
TSK-1108,EMP-62,0,1.779306769809409e-06,0
TSK-1108,EMP-42,0,2.5095185637502577e-06,0
TSK-1108,EMP-32,0,3.2010085861687514e-06,0
TSK-1122,EMP-49,1,0.4189967574318779,0
TSK-1122,EMP-11,0,0.2605619586499161,0
TSK-1122,EMP-17,0,6.788463840841715e-06,0
TSK-1122,EMP-8,0,4.31058698794795e-06,0
TSK-1122,EMP-63,0,3.536732153161074e-07,0
TSK-1122,EMP-58,0,2.079988347092226e-06,0
TSK-1122,EMP-22,0,4.008880495999677e-06,0
TSK-1122,EMP-6,0,4.465852475302091e-06,0
TSK-1122,EMP-44,0,0.22346094749446557,0
TSK-1122,EMP-9,0,6.852329693785364e-06,0
TSK-1122,EMP-28,0,5.095247357467335e-06,0
TSK-1122,EMP-18,0,5.220501455051174e-06,0
TSK-1122,EMP-25,0,2.5195951146030373e-06,0
TSK-1122,EMP-29,0,7.45183185695648e-06,0
TSK-1122,EMP-20,0,6.868218623362785e-06,0
TSK-1122,EMP-62,0,3.769835964914886e-06,0
TSK-1122,EMP-41,0,4.566503308449138e-06,0
TSK-1122,EMP-1,0,2.186831793132521e-06,0
TSK-1122,EMP-45,0,4.51984864067949e-06,0
TSK-1122,EMP-4,0,5.814859846918937e-06,0
TSK-1122,EMP-7,0,4.0598856550761364e-06,0
TSK-113,EMP-17,1,0.6873151665740403,1
TSK-113,EMP-5,0,0.22547780537639284,0
TSK-113,EMP-48,0,2.986672491936227e-07,0
TSK-113,EMP-42,0,9.079795358490737e-06,0
TSK-113,EMP-28,0,2.9311639386687894e-07,0
TSK-113,EMP-24,0,3.4378666195984296e-07,0
TSK-113,EMP-1,0,1.2580242865281803e-07,0
TSK-113,EMP-66,0,3.414333235940958e-07,0
TSK-113,EMP-55,0,0.3356799635035268,0
TSK-113,EMP-11,0,7.115723172065663e-06,0
TSK-113,EMP-62,0,2.168686357402764e-07,0
TSK-113,EMP-45,0,7.718599675447635e-06,0
TSK-113,EMP-15,0,4.0468421722098025e-07,0
TSK-113,EMP-10,0,8.238387361132458e-06,0
TSK-113,EMP-30,0,1.9962239120221898e-07,0
TSK-113,EMP-52,0,9.548109098050344e-06,0
TSK-113,EMP-22,0,0.3666692772512504,0
TSK-113,EMP-46,0,8.685612848489232e-06,0
TSK-113,EMP-58,0,1.19656006514215e-07,0
TSK-113,EMP-51,0,0.38184413475122625,0
TSK-113,EMP-21,0,8.956891642188233e-06,0
TSK-1144,EMP-5,1,0.22222790541061213,0
TSK-1144,EMP-27,0,0.4417202079639073,0
TSK-1144,EMP-44,0,6.2385917899187144e-06,0
TSK-1144,EMP-40,0,4.1607184012140973e-07,0
TSK-1144,EMP-50,0,5.335669672904164e-07,0
TSK-1144,EMP-28,0,4.175726219737636e-07,0
TSK-1144,EMP-14,0,7.802204629659643e-06,0
TSK-1144,EMP-49,0,7.627565148568379e-06,0
TSK-1144,EMP-45,0,8.286598568634465e-06,0
TSK-1144,EMP-25,0,9.230117466779877e-09,0
TSK-1144,EMP-55,0,6.414757036951582e-06,0
TSK-1144,EMP-52,0,4.582157558968127e-07,0
TSK-1144,EMP-17,0,1.2445808004882368e-05,0
TSK-1144,EMP-56,0,3.120914466084017e-07,0
TSK-1144,EMP-10,0,8.8446362259819e-06,0
TSK-1144,EMP-29,0,1.3662003581114979e-05,0
TSK-1144,EMP-63,0,3.233999001225992e-07,0
TSK-1144,EMP-7,0,3.3272093925237643e-07,0
TSK-1144,EMP-34,0,3.042279184420318e-07,0
TSK-1144,EMP-57,0,8.50424234727189e-09,0
TSK-1144,EMP-12,0,1.1287538430264069e-05,0
TSK-1148,EMP-9,1,0.5898790030143322,1
TSK-1148,EMP-15,0,7.787380180875285e-06,0
TSK-1148,EMP-49,0,4.605579261780932e-06,0
TSK-1148,EMP-62,0,1.4058268502189448e-07,0
TSK-1148,EMP-32,0,7.507727880054165e-06,0
TSK-1148,EMP-10,0,5.340458197230556e-06,0
TSK-1148,EMP-52,0,2.085034370811944e-07,0
TSK-1148,EMP-6,0,4.9437355640757125e-06,0
TSK-1148,EMP-11,0,4.612699727580047e-06,0
TSK-1148,EMP-31,0,5.51904674206002e-06,0
TSK-1148,EMP-58,0,7.756567491708367e-08,0
TSK-1148,EMP-50,0,2.427907590032271e-07,0
TSK-1148,EMP-63,0,4.3684209357122215e-06,0
TSK-1148,EMP-57,0,8.657011968402465e-08,0
TSK-1148,EMP-41,0,5.0551568129826115e-06,0
TSK-1148,EMP-45,0,5.003509736076657e-06,0
TSK-1148,EMP-34,0,4.1094506409522724e-06,0
TSK-1148,EMP-65,0,4.576503111498706e-06,0
TSK-1148,EMP-42,0,0.4161032575911453,0
TSK-1148,EMP-46,0,5.630368857223011e-06,0
TSK-1148,EMP-28,0,5.640480515567137e-06,0
TSK-1159,EMP-9,1,0.5689335149557885,1
TSK-1159,EMP-51,0,4.344947388353365e-06,0
TSK-1159,EMP-16,0,6.932456663849513e-06,0
TSK-1159,EMP-49,0,4.226206877397573e-06,0
TSK-1159,EMP-24,0,5.440772849648522e-07,0
TSK-1159,EMP-14,0,4.322969753831956e-06,0
TSK-1159,EMP-34,0,3.379704641759232e-07,0
TSK-1159,EMP-41,0,4.638751841232175e-06,0
TSK-1159,EMP-10,0,4.900552405020897e-06,0
TSK-1159,EMP-55,0,3.5542240697227878e-06,0
TSK-1159,EMP-50,0,6.6136160143613616e-06,0
TSK-1159,EMP-12,0,6.254099371272341e-06,0
TSK-1159,EMP-17,0,6.895866685469493e-06,0
TSK-1159,EMP-45,0,4.591359034105155e-06,0
TSK-1159,EMP-7,0,3.69623703507128e-07,0
TSK-1159,EMP-28,0,4.638864566545963e-07,0
TSK-1159,EMP-65,0,4.199525787868925e-06,0
TSK-1159,EMP-1,0,1.990951368670053e-07,0
TSK-1159,EMP-15,0,6.404538242024182e-07,0
TSK-1159,EMP-48,0,4.726712473205197e-07,0
TSK-1159,EMP-62,0,3.4321665238461914e-07,0
TSK-1177,EMP-28,1,1.5709086277203006e-06,0
TSK-1177,EMP-12,0,1.8981625323462162e-06,0
TSK-1177,EMP-30,0,1.0698434853766832e-06,0
TSK-1177,EMP-51,0,1.318719911732847e-06,0
TSK-1177,EMP-17,0,2.0929442984862137e-06,0
TSK-1177,EMP-68,0,1.4786367864746715e-06,0
TSK-1177,EMP-32,0,2.0909513573919145e-06,0
TSK-1177,EMP-48,0,1.6006574761411052e-06,0
TSK-1177,EMP-15,0,0.2079771154711874,0
TSK-1177,EMP-40,0,1.5652626913566525e-06,0
TSK-1177,EMP-4,0,1.7927722460616554e-06,0
TSK-1177,EMP-52,0,1.7238079452849085e-06,0
TSK-1177,EMP-10,0,0.20497150902364866,0
TSK-1177,EMP-50,0,2.0072788294557948e-06,0
TSK-1177,EMP-14,0,1.3120495360229455e-06,0
TSK-1177,EMP-34,0,1.1445060962811051e-06,0
TSK-1177,EMP-63,0,1.2166310689788124e-06,0
TSK-1177,EMP-56,0,0.09032174607255555,0
TSK-1177,EMP-27,0,1.573336626323201e-06,0
TSK-1177,EMP-65,0,1.274583377056147e-06,0
TSK-1177,EMP-11,0,0.6964657409828998,1
TSK-1178,EMP-27,1,0.5507988675297905,1
TSK-1178,EMP-22,0,0.2819985567162216,0
TSK-1178,EMP-30,0,3.675080725603072e-06,0
TSK-1178,EMP-57,0,8.282259654880312e-08,0
TSK-1178,EMP-24,0,2.1320871628581728e-07,0
TSK-1178,EMP-68,0,5.0793449872728814e-06,0
TSK-1178,EMP-48,0,5.498503206680879e-06,0
TSK-1178,EMP-50,0,2.322806216288411e-07,0
TSK-1178,EMP-65,0,4.378392288965953e-06,0
TSK-1178,EMP-49,0,4.406209776350566e-06,0
TSK-1178,EMP-10,0,5.109276929110006e-06,0
TSK-1178,EMP-66,0,6.285827561935214e-06,0
TSK-1178,EMP-11,0,4.413022007884896e-06,0
TSK-1178,EMP-8,0,0.2785390572141327,0
TSK-1178,EMP-18,0,5.528966736814121e-06,0
TSK-1178,EMP-46,0,5.386637813311927e-06,0
TSK-1178,EMP-62,0,1.3449701898342696e-07,0
TSK-1178,EMP-9,0,7.257214583656084e-06,0
TSK-1178,EMP-32,0,7.18272908985345e-06,0
TSK-1178,EMP-63,0,4.17931768024737e-06,0
TSK-1178,EMP-42,0,5.631102512982389e-06,0
TSK-1184,EMP-27,1,0.47628149050099,0
TSK-1184,EMP-24,0,4.69418128262117e-06,0
TSK-1184,EMP-68,0,3.7672276541807317e-06,0
TSK-1184,EMP-57,0,1.823496499863673e-06,0
TSK-1184,EMP-46,0,3.9951396479420815e-06,0
TSK-1184,EMP-59,0,3.276441844041562e-06,0
TSK-1184,EMP-66,0,4.662048130289565e-06,0
TSK-1184,EMP-56,0,2.9913102885259847e-06,0
TSK-1184,EMP-42,0,4.176453496904243e-06,0
TSK-1184,EMP-20,0,5.394984798278286e-06,0
TSK-1184,EMP-52,0,4.391865911298214e-06,0
TSK-1184,EMP-18,0,4.100701736426567e-06,0
TSK-1184,EMP-67,0,2.074625549210495e-06,0
TSK-1184,EMP-14,0,3.3428023808271515e-06,0
TSK-1184,EMP-58,0,1.6338288868063907e-06,0
TSK-1184,EMP-44,0,2.672880530654464e-06,0
TSK-1184,EMP-8,0,0.22260248532069693,0
TSK-1184,EMP-21,0,0.25838719656979525,0
TSK-1184,EMP-51,0,3.3597969390967862e-06,0
TSK-1184,EMP-12,0,4.8360799664640535e-06,0
TSK-1184,EMP-25,0,1.9791397750994237e-06,0
TSK-1190,EMP-28,1,0.2121979284073721,0
TSK-1190,EMP-21,0,0.23271326864154418,0
TSK-1190,EMP-62,0,2.3565491518919273e-06,0
TSK-1190,EMP-9,0,4.283441120334284e-06,0
TSK-1190,EMP-12,0,3.848591913891529e-06,0
TSK-1190,EMP-51,0,2.673753023925275e-06,0
TSK-1190,EMP-7,0,0.34484993812372666,0
TSK-1190,EMP-56,0,2.3805082487531052e-06,0
TSK-1190,EMP-65,0,2.584264697062595e-06,0
TSK-1190,EMP-30,0,2.169147489332292e-06,0
TSK-1190,EMP-46,0,3.179364197934001e-06,0
TSK-1190,EMP-58,0,1.3002135147711e-06,0
TSK-1190,EMP-44,0,2.1270992052693716e-06,0
TSK-1190,EMP-63,0,2.4667644068908153e-06,0
TSK-1190,EMP-24,0,3.735667674740598e-06,0
TSK-1190,EMP-57,0,1.4511525069912825e-06,0
TSK-1190,EMP-29,0,4.658195328922375e-06,0
TSK-1190,EMP-15,0,4.397392359023717e-06,0
TSK-1190,EMP-66,0,3.7100958262121167e-06,0
TSK-1190,EMP-22,0,0.1748661641951881,0
TSK-1190,EMP-68,0,2.997989864493274e-06,0
TSK-1201,EMP-27,1,0.5446698926845065,1
TSK-1201,EMP-62,0,3.4909019426634625e-07,0
TSK-1201,EMP-32,0,7.007197665914335e-06,0
TSK-1201,EMP-1,0,2.2594464021917194e-06,0
TSK-1201,EMP-25,0,2.333165045836745e-07,0
TSK-1201,EMP-65,0,4.271392912261514e-06,0
TSK-1201,EMP-51,0,4.419303123744629e-06,0
TSK-1201,EMP-5,0,0.13868813732141438,0
TSK-1201,EMP-59,0,3.8625307972298186e-07,0
TSK-1201,EMP-21,0,0.31426266423500926,0
TSK-1201,EMP-22,0,0.27701609526605997,0
TSK-1201,EMP-34,0,3.835478173363722e-06,0
TSK-1201,EMP-11,0,4.305176351965864e-06,0
TSK-1201,EMP-16,0,7.051092520771815e-06,0
TSK-1201,EMP-42,0,5.493489507354704e-06,0
TSK-1201,EMP-46,0,5.254999009934467e-06,0
TSK-1201,EMP-17,0,7.013876378651618e-06,0
TSK-1201,EMP-18,0,5.393849714041677e-06,0
TSK-1201,EMP-58,0,1.9260849265876128e-07,0
TSK-1201,EMP-48,0,5.364130648400814e-06,0
TSK-1201,EMP-29,0,7.699271516104725e-06,0
TSK-1230,EMP-21,1,0.3232747360631559,0
TSK-1230,EMP-51,0,2.4583682644916646e-06,0
TSK-1230,EMP-12,0,3.5385680856979188e-06,0
TSK-1230,EMP-40,0,2.917974675226615e-06,0
TSK-1230,EMP-22,0,0.18906687276099723,0
TSK-1230,EMP-56,0,2.1887458345951753e-06,0
TSK-1230,EMP-20,0,3.9475203108914235e-06,0
TSK-1230,EMP-68,0,2.756486207473101e-06,0
TSK-1230,EMP-65,0,2.3760886722365217e-06,0
TSK-1230,EMP-49,0,2.3911848412158376e-06,0
TSK-1230,EMP-16,0,3.922383651966353e-06,0
TSK-1230,EMP-50,0,3.741983109545624e-06,0
TSK-1230,EMP-48,0,2.9839578123303462e-06,0
TSK-1230,EMP-57,0,1.3342544681026819e-06,0
TSK-1230,EMP-52,0,3.2135355093276673e-06,0
TSK-1230,EMP-67,0,1.5180059821271718e-06,0
TSK-1230,EMP-14,0,2.4459333105504648e-06,0
TSK-1230,EMP-44,0,1.9557501775950876e-06,0
TSK-1230,EMP-6,0,2.566753667648224e-06,0
TSK-1230,EMP-62,0,2.166716764358624e-06,0
TSK-1230,EMP-8,0,0.2641184113783501,0
TSK-1231,EMP-21,1,0.14118998914869044,0
TSK-1231,EMP-18,0,1.4783837395963308e-06,0
TSK-1231,EMP-48,0,1.4702381002455066e-06,0
TSK-1231,EMP-31,0,0.11551632899075583,0
TSK-1231,EMP-28,0,1.442913143696776e-06,0
TSK-1231,EMP-16,0,1.9326146671327003e-06,0
TSK-1231,EMP-45,0,1.2799665774171023e-06,0
TSK-1231,EMP-42,0,1.5056938141236395e-06,0
TSK-1231,EMP-41,0,1.293178659423629e-06,0
TSK-1231,EMP-14,0,1.2051455109303414e-06,0
TSK-1231,EMP-51,0,1.2112723940898935e-06,0
TSK-1231,EMP-68,0,1.3581594755219208e-06,0
TSK-1231,EMP-20,0,1.9449998842133206e-06,0
TSK-1231,EMP-10,0,0.19146836612797266,0
TSK-1231,EMP-15,0,0.19432436575244466,0
TSK-1231,EMP-27,0,1.445143312583937e-06,0
TSK-1231,EMP-40,0,1.4377272298359658e-06,0
TSK-1231,EMP-57,0,6.574054447590155e-07,0
TSK-1231,EMP-8,0,0.12876476877613074,0
TSK-1231,EMP-22,0,0.11162986791960645,0
TSK-1231,EMP-65,0,1.1707320404476464e-06,0
TSK-1233,EMP-7,1,0.2077360088215641,0
TSK-1233,EMP-6,0,2.17780973022321e-06,0
TSK-1233,EMP-31,0,0.18360866839645001,0
TSK-1233,EMP-58,0,1.0143222036401358e-06,0
TSK-1233,EMP-62,0,1.838390892547912e-06,0
TSK-1233,EMP-41,0,2.2268930525756686e-06,0
TSK-1233,EMP-11,0,0.19744476594448426,0
TSK-1233,EMP-52,0,2.726584040668871e-06,0
TSK-1233,EMP-4,0,2.835666242247734e-06,0
TSK-1233,EMP-57,0,1.1320727256245049e-06,0
TSK-1233,EMP-42,0,2.5928502261061106e-06,0
TSK-1233,EMP-20,0,3.349347485273456e-06,0
TSK-1233,EMP-45,0,2.2041414658362944e-06,0
TSK-1233,EMP-27,0,2.4885805423781207e-06,0
TSK-1233,EMP-32,0,3.307301952544562e-06,0
TSK-1233,EMP-15,0,3.4304948339338257e-06,0
TSK-1233,EMP-67,0,1.2879801107166545e-06,0
TSK-1233,EMP-12,0,3.0023641302484716e-06,0
TSK-1233,EMP-46,0,2.4802857340576286e-06,0
TSK-1233,EMP-24,0,2.9142695826488215e-06,0
TSK-1233,EMP-59,0,2.0340990467890534e-06,0
TSK-1247,EMP-16,1,0.6061923330409046,1
TSK-1247,EMP-25,0,2.9972668037851344e-06,0
TSK-1247,EMP-45,0,5.3767317903722575e-06,0
TSK-1247,EMP-63,0,4.694270636090217e-06,0
TSK-1247,EMP-41,0,5.4322313077543426e-06,0
TSK-1247,EMP-50,0,7.744902306459283e-06,0
TSK-1247,EMP-67,0,3.1418730812874233e-06,0
TSK-1247,EMP-18,0,6.210215128431314e-06,0
TSK-1247,EMP-1,0,2.60141747161279e-06,0
TSK-1247,EMP-7,0,4.829568400580522e-06,0
TSK-1247,EMP-29,0,8.864562102825015e-06,0
TSK-1247,EMP-10,0,5.738813784146183e-06,0
TSK-1247,EMP-55,0,4.162190931728266e-06,0
TSK-1247,EMP-52,0,6.6511611407504e-06,0
TSK-1247,EMP-30,0,4.127904583287803e-06,0
TSK-1247,EMP-56,0,4.530124891651097e-06,0
TSK-1247,EMP-22,0,4.7688936086643244e-06,0
TSK-1247,EMP-8,0,0.30247817342879746,0
TSK-1247,EMP-57,0,2.7615563247396464e-06,0
TSK-1247,EMP-9,0,8.151406283630608e-06,0
TSK-1247,EMP-27,0,6.07058341959478e-06,0
TSK-1258,EMP-31,1,0.17220424770226475,0
TSK-1258,EMP-25,0,6.065127582167968e-07,0
TSK-1258,EMP-50,0,0.15948760467828496,0
TSK-1258,EMP-10,0,0.12326915442694632,0
TSK-1258,EMP-45,0,1.0880121227988022e-06,0
TSK-1258,EMP-11,0,0.09214225350724478,0
TSK-1258,EMP-63,0,0.08077386296479899,0
TSK-1258,EMP-32,0,0.288330809637258,0
TSK-1258,EMP-4,0,1.399746922885785e-06,0
TSK-1258,EMP-30,0,8.353040340625218e-07,0
TSK-1258,EMP-5,0,4.4360583475544244e-07,0
TSK-1258,EMP-48,0,1.2497489780873703e-06,0
TSK-1258,EMP-66,0,1.428699967230294e-06,0
TSK-1258,EMP-52,0,1.3459014863036226e-06,0
TSK-1258,EMP-9,0,1.649486868398456e-06,0
TSK-1258,EMP-17,0,1.6341130563563274e-06,0
TSK-1258,EMP-16,0,1.642783826893661e-06,0
TSK-1258,EMP-44,0,8.191118906437042e-07,0
TSK-1258,EMP-41,0,1.0992428130620854e-06,0
TSK-1258,EMP-28,0,0.3228058951297612,0
TSK-1258,EMP-42,0,1.2798874653057473e-06,0
TSK-1269,EMP-28,1,0.19030171353217037,0
TSK-1269,EMP-40,0,2.531569521801956e-06,0
TSK-1269,EMP-8,0,0.23744794162485372,0
TSK-1269,EMP-66,0,2.959505720590175e-06,0
TSK-1269,EMP-68,0,2.391465690269081e-06,0
TSK-1269,EMP-42,0,2.651245864161326e-06,0
TSK-1269,EMP-62,0,1.8797947850299858e-06,0
TSK-1269,EMP-45,0,2.2537827050887705e-06,0
TSK-1269,EMP-14,0,2.1220368657962486e-06,0
TSK-1269,EMP-9,0,3.416857828932196e-06,0
TSK-1269,EMP-4,0,2.899530516684696e-06,0
TSK-1269,EMP-49,0,2.074538307041438e-06,0
TSK-1269,EMP-67,0,1.3169877718470542e-06,0
TSK-1269,EMP-46,0,2.5361462242672297e-06,0
TSK-1269,EMP-57,0,1.1575690721610478e-06,0
TSK-1269,EMP-15,0,3.5077556649197908e-06,0
TSK-1269,EMP-63,0,1.96771239320133e-06,0
TSK-1269,EMP-6,0,2.226857932641644e-06,0
TSK-1269,EMP-16,0,3.402972723225782e-06,0
TSK-1269,EMP-55,0,1.7446783074602891e-06,0
TSK-1269,EMP-12,0,3.0699827276820876e-06,0
TSK-1276,EMP-16,1,0.856284493205813,1
TSK-1276,EMP-46,0,3.2539573710824275e-06,0
TSK-1276,EMP-30,0,2.2200393505583757e-06,0
TSK-1276,EMP-62,0,2.4118377618172805e-06,0
TSK-1276,EMP-28,0,3.259801212643932e-06,0
TSK-1276,EMP-65,0,2.644895882864736e-06,0
TSK-1276,EMP-63,0,2.5246388456974708e-06,0
TSK-1276,EMP-55,0,2.2384790183406302e-06,0
TSK-1276,EMP-17,0,4.343077893059232e-06,0
TSK-1276,EMP-5,0,1.1789995123004112e-06,0
TSK-1276,EMP-52,0,3.577082847171216e-06,0
TSK-1276,EMP-50,0,4.165313486184504e-06,0
TSK-1276,EMP-59,0,2.668592742009861e-06,0
TSK-1276,EMP-56,0,2.436358978052073e-06,0
TSK-1276,EMP-14,0,2.722642032391142e-06,0
TSK-1276,EMP-9,0,4.38393766122144e-06,0
TSK-1276,EMP-49,0,2.661699878795471e-06,0
TSK-1276,EMP-42,0,3.401633809063638e-06,0
TSK-1276,EMP-8,0,0.3638611127912973,0
TSK-1276,EMP-7,0,2.5974038779911144e-06,0
TSK-1276,EMP-4,0,0.35020201686759606,0
TSK-1295,EMP-29,1,0.14533704971743935,0
TSK-1295,EMP-65,0,1.0419094692615816e-07,0
TSK-1295,EMP-5,0,0.3576529059353656,0
TSK-1295,EMP-58,0,5.2421220831666195e-08,0
TSK-1295,EMP-11,0,1.4886735022972232e-05,0
TSK-1295,EMP-18,0,6.283053469439556e-07,0
TSK-1295,EMP-6,0,1.5955087356178076e-05,0
TSK-1295,EMP-25,0,6.35005040743629e-08,0
TSK-1295,EMP-45,0,5.439790300772324e-07,0
TSK-1295,EMP-21,0,1.3218752974928368e-07,0
TSK-1295,EMP-10,0,1.2158361929242474e-07,0
TSK-1295,EMP-15,0,1.772919282000286e-07,0
TSK-1295,EMP-24,0,1.50612738300586e-07,0
TSK-1295,EMP-32,0,8.162381730420801e-07,0
TSK-1295,EMP-16,0,0.07061391836231205,0
TSK-1295,EMP-30,0,8.745444735458835e-08,0
TSK-1295,EMP-52,0,1.4091291276733632e-07,0
TSK-1295,EMP-46,0,6.121311764550616e-07,0
TSK-1295,EMP-8,0,1.5400378718743362e-05,0
TSK-1295,EMP-4,0,6.998387942543425e-07,0
TSK-1295,EMP-44,0,4.0953553967726644e-07,0
TSK-1303,EMP-22,1,0.32077348875175216,0
TSK-1303,EMP-52,0,5.950776344758812e-06,0
TSK-1303,EMP-45,0,4.810547117908311e-06,0
TSK-1303,EMP-7,0,4.321001291736564e-06,0
TSK-1303,EMP-15,0,7.487057142508854e-06,0
TSK-1303,EMP-41,0,4.860202411592209e-06,0
TSK-1303,EMP-44,0,3.6216324133116695e-06,0
TSK-1303,EMP-58,0,2.2137651753385805e-06,0
TSK-1303,EMP-48,0,5.5256489259923885e-06,0
TSK-1303,EMP-18,0,5.556262851571862e-06,0
TSK-1303,EMP-20,0,7.309953704229364e-06,0
TSK-1303,EMP-14,0,4.529345189970854e-06,0
TSK-1303,EMP-34,0,3.950967680317962e-06,0
TSK-1303,EMP-65,0,4.400008124663906e-06,0
TSK-1303,EMP-11,0,4.4348088074767455e-06,0
TSK-1303,EMP-42,0,5.6589028619349205e-06,0
TSK-1303,EMP-29,0,7.931102201099005e-06,0
TSK-1303,EMP-50,0,6.929344481456097e-06,0
TSK-1303,EMP-24,0,6.3603990880532e-06,0
TSK-1303,EMP-30,0,3.6932243710431238e-06,0
TSK-1303,EMP-66,0,6.3168602210453815e-06,0
TSK-1321,EMP-8,1,0.35586873244592804,0
TSK-1321,EMP-32,0,4.1909810282818125e-06,0
TSK-1321,EMP-14,0,2.6297976735864595e-06,0
TSK-1321,EMP-12,0,3.8045670808477398e-06,0
TSK-1321,EMP-44,0,2.102766839344172e-06,0
TSK-1321,EMP-25,0,1.556997713128474e-06,0
TSK-1321,EMP-22,0,2.4773112472471954e-06,0
TSK-1321,EMP-16,0,0.8519617632936035,1
TSK-1321,EMP-59,0,2.5775915042305473e-06,0
TSK-1321,EMP-34,0,2.293983491656371e-06,0
TSK-1321,EMP-10,0,2.9811599347918836e-06,0
TSK-1321,EMP-7,0,2.508830233747109e-06,0
TSK-1321,EMP-57,0,1.4345524361903567e-06,0
TSK-1321,EMP-67,0,1.6321168126413835e-06,0
TSK-1321,EMP-58,0,1.2853400679637613e-06,0
TSK-1321,EMP-52,0,3.4551014462776126e-06,0
TSK-1321,EMP-31,0,3.0808521883589834e-06,0
TSK-1321,EMP-5,0,1.1387945879441927e-06,0
TSK-1321,EMP-20,0,4.244260672784856e-06,0
TSK-1321,EMP-1,0,1.3513646094579451e-06,0
TSK-1321,EMP-46,0,3.142994774068743e-06,0
TSK-1327,EMP-22,1,0.3035908885840752,0
TSK-1327,EMP-14,0,4.1809600865098754e-06,0
TSK-1327,EMP-9,0,6.732082975069811e-06,0
TSK-1327,EMP-29,0,7.3210649730650165e-06,0
TSK-1327,EMP-49,0,4.08737586005644e-06,0
TSK-1327,EMP-65,0,4.061571241525467e-06,0
TSK-1327,EMP-21,0,0.3427168231305663,0
TSK-1327,EMP-45,0,4.440532811190947e-06,0
TSK-1327,EMP-52,0,5.493059163712996e-06,0
TSK-1327,EMP-32,0,6.662987211184005e-06,0
TSK-1327,EMP-10,0,0.2861298900152032,0
TSK-1327,EMP-51,0,4.2022157582072825e-06,0
TSK-1327,EMP-66,0,5.8309850496618275e-06,0
TSK-1327,EMP-1,0,2.1484564427664907e-06,0
TSK-1327,EMP-56,0,3.7413369383272127e-06,0
TSK-1327,EMP-44,0,3.3430659125738545e-06,0
TSK-1327,EMP-12,0,6.048652430186912e-06,0
TSK-1327,EMP-46,0,4.996860350400314e-06,0
TSK-1327,EMP-40,0,4.9878430915796395e-06,0
TSK-1327,EMP-17,0,6.669337851626801e-06,0
TSK-1327,EMP-62,0,3.7036815622592273e-06,0
TSK-134,EMP-27,1,0.45016873797718043,0
TSK-134,EMP-52,0,8.691105143778397e-07,0
TSK-134,EMP-34,0,5.770375981038847e-07,0
TSK-134,EMP-45,0,7.839083880875265e-06,0
TSK-134,EMP-51,0,6.648728553221809e-07,0
TSK-134,EMP-32,0,1.1762468384481154e-05,0
TSK-134,EMP-50,0,1.0120311754781564e-06,0
TSK-134,EMP-58,0,3.233192341362007e-07,0
TSK-134,EMP-25,0,3.9165309093093694e-07,0
TSK-134,EMP-67,0,4.105488562897821e-07,0
TSK-134,EMP-46,0,8.82119160356675e-06,0
TSK-134,EMP-17,0,0.4989180281611832,0
TSK-134,EMP-8,0,7.476148175201864e-06,0
TSK-134,EMP-10,0,7.498930394887686e-07,0
TSK-134,EMP-28,0,7.920215855306677e-07,0
TSK-134,EMP-48,0,8.070203883748807e-07,0
TSK-134,EMP-11,0,7.2267967881898444e-06,0
TSK-134,EMP-14,0,0.47191476932413107,0
TSK-134,EMP-6,0,7.745434930412636e-06,0
TSK-134,EMP-31,0,7.749700903887621e-07,0
TSK-134,EMP-16,0,1.1836151102811505e-05,0
TSK-1345,EMP-24,1,0.03569464451926155,0
TSK-1345,EMP-28,0,0.047097374989150564,0
TSK-1345,EMP-1,0,1.022766777864146e-07,0
TSK-1345,EMP-55,0,0.15727763473016848,0
TSK-1345,EMP-63,0,0.01536783735984939,0
TSK-1345,EMP-8,0,0.16118808015333982,0
TSK-1345,EMP-46,0,0.05574206026806113,0
TSK-1345,EMP-6,0,0.03809411265870867,0
TSK-1345,EMP-58,0,0.008159565688525069,0
TSK-1345,EMP-50,0,3.044981439724005e-07,0
TSK-1345,EMP-44,0,0.015848353109532656,0
TSK-1345,EMP-11,0,0.39475714831692615,0
TSK-1345,EMP-21,0,0.12990692922873912,0
TSK-1345,EMP-62,0,0.01604808154868715,0
TSK-1345,EMP-48,0,0.02855892001212178,0
TSK-1345,EMP-5,0,0.7482547479437672,1
TSK-1345,EMP-51,0,0.02816409133380382,0
TSK-1345,EMP-67,0,0.010338210708686643,0
TSK-1345,EMP-42,0,0.06323540853903234,0
TSK-1345,EMP-40,0,0.0332544493706469,0
TSK-1345,EMP-27,0,0.17216678805157556,0
TSK-1350,EMP-11,1,0.8049394413627677,1
TSK-1350,EMP-45,0,0.34201649388190924,0
TSK-1350,EMP-44,0,1.441568393387236e-06,0
TSK-1350,EMP-51,0,1.8120445536942844e-06,0
TSK-1350,EMP-50,0,2.7581882258610785e-06,0
TSK-1350,EMP-7,0,1.7199485760672797e-06,0
TSK-1350,EMP-46,0,2.1547055641676445e-06,0
TSK-1350,EMP-52,0,2.3686730576532105e-06,0
TSK-1350,EMP-24,0,2.53172171121976e-06,0
TSK-1350,EMP-15,0,2.9801837453673434e-06,0
TSK-1350,EMP-55,0,1.482275577527559e-06,0
TSK-1350,EMP-68,0,2.0317851817472183e-06,0
TSK-1350,EMP-25,0,1.0674118806882933e-06,0
TSK-1350,EMP-42,0,2.252494063518936e-06,0
TSK-1350,EMP-1,0,9.264384487176806e-07,0
TSK-1350,EMP-56,0,1.6133077965347893e-06,0
TSK-1350,EMP-63,0,1.6717649949612978e-06,0
TSK-1350,EMP-27,0,2.161911538558009e-06,0
TSK-1350,EMP-22,0,1.698340466658633e-06,0
TSK-1350,EMP-66,0,2.5143912398921045e-06,0
TSK-1350,EMP-5,0,0.06735515723737816,0
TSK-1354,EMP-4,1,0.59766727136931,1
TSK-1354,EMP-57,0,4.946921385280654e-08,0
TSK-1354,EMP-5,0,5.566931871067259e-06,0
TSK-1354,EMP-52,0,5.689724371252566e-07,0
TSK-1354,EMP-32,0,2.048712666031403e-05,0
TSK-1354,EMP-16,0,2.0615461452028466e-05,0
TSK-1354,EMP-66,0,1.2647597231954496e-07,0
TSK-1354,EMP-9,0,2.069957699968944e-05,0
TSK-1354,EMP-55,0,1.0569479395994811e-05,0
TSK-1354,EMP-41,0,1.3794596540419266e-05,0
TSK-1354,EMP-51,0,4.3526605182113304e-07,0
TSK-1354,EMP-12,0,1.8598214657027586e-05,0
TSK-1354,EMP-59,0,8.888595694097277e-08,0
TSK-1354,EMP-17,0,2.0506653123545467e-05,0
TSK-1354,EMP-49,0,1.2567791560458134e-05,0
TSK-1354,EMP-8,0,1.3021525461972937e-05,0
TSK-1354,EMP-50,0,6.625369999014652e-07,0
TSK-1354,EMP-1,0,4.660055485075283e-08,0
TSK-1354,EMP-7,0,4.131439109093207e-07,0
TSK-1354,EMP-58,0,4.432375696497041e-08,0
TSK-1354,EMP-56,0,8.115065562072389e-08,0
TSK-1359,EMP-21,1,4.426048949218311e-06,0
TSK-1359,EMP-49,0,3.5108041883472584e-06,0
TSK-1359,EMP-29,0,6.288346894191104e-06,0
TSK-1359,EMP-1,0,1.8453912908862608e-06,0
TSK-1359,EMP-8,0,3.6375556404823054e-06,0
TSK-1359,EMP-6,0,0.258497654752759,0
TSK-1359,EMP-24,0,5.042979125048624e-06,0
TSK-1359,EMP-63,0,3.3300196959454843e-06,0
TSK-1359,EMP-27,0,4.30634959209822e-06,0
TSK-1359,EMP-9,0,5.782446912608279e-06,0
TSK-1359,EMP-11,0,0.24543672624265048,0
TSK-1359,EMP-7,0,0.24065398166342486,0
TSK-1359,EMP-51,0,3.6094446481963506e-06,0
TSK-1359,EMP-42,0,4.486782112535116e-06,0
TSK-1359,EMP-20,0,5.795855051797647e-06,0
TSK-1359,EMP-59,0,3.5198959242842795e-06,0
TSK-1359,EMP-57,0,1.9589905440978457e-06,0
TSK-1359,EMP-52,0,4.718200528430492e-06,0
TSK-1359,EMP-32,0,5.723097827998986e-06,0
TSK-1359,EMP-46,0,4.29199591573367e-06,0
TSK-1359,EMP-25,0,2.1261987946336274e-06,0
TSK-1361,EMP-16,1,0.6967452307135759,1
TSK-1361,EMP-62,0,1.2226964191964279e-08,0
TSK-1361,EMP-7,0,2.9457733218781917e-07,0
TSK-1361,EMP-32,0,1.1008525551254868e-05,0
TSK-1361,EMP-45,0,7.336617679064289e-06,0
TSK-1361,EMP-15,0,5.104196173219336e-07,0
TSK-1361,EMP-51,0,6.942872967204897e-06,0
TSK-1361,EMP-25,0,8.171963220646708e-09,0
TSK-1361,EMP-56,0,2.7631283360071097e-07,0
TSK-1361,EMP-59,0,1.3528603271415814e-08,0
TSK-1361,EMP-48,0,3.767026752602589e-07,0
TSK-1361,EMP-41,0,7.412347313722375e-06,0
TSK-1361,EMP-52,0,4.056852483758704e-07,0
TSK-1361,EMP-21,0,8.513628943290484e-06,0
TSK-1361,EMP-55,0,5.679364023150682e-06,0
TSK-1361,EMP-17,0,0.5715745849940422,1
TSK-1361,EMP-6,0,7.2489713549354814e-06,0
TSK-1361,EMP-44,0,5.523394393135274e-06,0
TSK-1361,EMP-29,0,1.2095790322472158e-05,0
TSK-1361,EMP-34,0,2.6935079138794953e-07,0
TSK-1361,EMP-20,0,1.1148475189386655e-05,0
TSK-1364,EMP-16,1,0.4566239474692151,0
TSK-1364,EMP-1,0,2.22408185298252e-06,0
TSK-1364,EMP-51,0,4.350132936585399e-06,0
TSK-1364,EMP-10,0,4.906401045856445e-06,0
TSK-1364,EMP-67,0,2.686144584063554e-06,0
TSK-1364,EMP-30,0,3.5291527820915567e-06,0
TSK-1364,EMP-46,0,5.172748719368874e-06,0
TSK-1364,EMP-12,0,6.261563413767965e-06,0
TSK-1364,EMP-34,0,3.7754458813634675e-06,0
TSK-1364,EMP-18,0,5.3094261689997585e-06,0
TSK-1364,EMP-56,0,3.873031334606437e-06,0
TSK-1364,EMP-41,0,4.644288033545529e-06,0
TSK-1364,EMP-40,0,5.163414056689379e-06,0
TSK-1364,EMP-49,0,4.231250713432362e-06,0
TSK-1364,EMP-9,0,6.9690503674341535e-06,0
TSK-1364,EMP-48,0,5.280172258259723e-06,0
TSK-1364,EMP-31,0,5.070474498699312e-06,0
TSK-1364,EMP-8,0,0.43179389477351315,0
TSK-1364,EMP-24,0,6.0778389129371795e-06,0
TSK-1364,EMP-11,0,4.237792450220587e-06,0
TSK-1364,EMP-50,0,6.621509124189297e-06,0
TSK-1383,EMP-10,1,0.3068085118189323,0
TSK-1383,EMP-30,0,1.8366368357315466e-06,0
TSK-1383,EMP-62,0,1.9953115789480705e-06,0
TSK-1383,EMP-18,0,2.763126621716419e-06,0
TSK-1383,EMP-68,0,2.5384255081529503e-06,0
TSK-1383,EMP-56,0,2.0155979713599443e-06,0
TSK-1383,EMP-28,0,0.1996612021912625,0
TSK-1383,EMP-24,0,3.1630244318548437e-06,0
TSK-1383,EMP-41,0,2.4169752817781818e-06,0
TSK-1383,EMP-45,0,2.3922816790203666e-06,0
TSK-1383,EMP-58,0,1.100902418671149e-06,0
TSK-1383,EMP-25,0,1.3335790720207368e-06,0
TSK-1383,EMP-16,0,3.6120912218779237e-06,0
TSK-1383,EMP-55,0,1.8518919645073427e-06,0
TSK-1383,EMP-21,0,0.3055141267494749,0
TSK-1383,EMP-9,0,3.6268295880022293e-06,0
TSK-1383,EMP-42,0,2.8141695906067404e-06,0
TSK-1383,EMP-66,0,3.1413724984638743e-06,0
TSK-1383,EMP-29,0,3.944137701801996e-06,0
TSK-1383,EMP-52,0,2.959318563269833e-06,0
TSK-1383,EMP-7,0,0.22153958207414723,0
TSK-1393,EMP-17,1,0.11872083774602002,0
TSK-1393,EMP-27,1,0.1989537262197079,0
TSK-1393,EMP-31,1,0.09002890964063186,0
TSK-1393,EMP-29,1,0.07314505379379307,0
TSK-1393,EMP-5,1,0.7801991614864302,1
TSK-1393,EMP-57,0,0.010846146563116034,0
TSK-1393,EMP-21,0,0.15132064567354062,0
TSK-1393,EMP-24,0,0.0423341108545085,0
TSK-1393,EMP-14,0,0.05116664986717549,0
TSK-1393,EMP-63,0,0.018298113000224894,0
TSK-1393,EMP-68,0,0.05263377956138599,0
TSK-1393,EMP-62,0,0.019105546551980376,0
TSK-1393,EMP-50,0,3.6364076743925056e-07,0
TSK-1393,EMP-67,0,0.012321459009706251,0
TSK-1393,EMP-42,0,0.07460134660551992,0
TSK-1393,EMP-6,0,0.04515899633829192,0
TSK-1393,EMP-32,0,0.031039738410517274,0
TSK-1393,EMP-8,0,0.18665200912170288,0
TSK-1393,EMP-66,0,0.032454832650658655,0
TSK-1393,EMP-55,0,0.18225803249639358,0
TSK-1393,EMP-52,0,0.043282367871027204,0
TSK-1393,EMP-15,0,0.03823723449469224,0
TSK-1393,EMP-18,0,0.024065047912104377,0
TSK-1393,EMP-56,0,0.017669581035498875,0
TSK-1393,EMP-59,0,2.329735301487236e-07,0
TSK-1399,EMP-4,1,0.4138125925583275,0
TSK-1399,EMP-40,0,7.288245053733515e-06,0
TSK-1399,EMP-21,0,7.529467547804373e-06,0
TSK-1399,EMP-50,0,9.346364950723426e-06,0
TSK-1399,EMP-67,0,3.7915417437793766e-06,0
TSK-1399,EMP-56,0,5.466851224175535e-06,0
TSK-1399,EMP-11,0,5.981716997670227e-06,0
TSK-1399,EMP-22,0,5.7549915728294e-06,0
TSK-1399,EMP-25,0,3.617034249819672e-06,0
TSK-1399,EMP-68,0,6.884895882366691e-06,0
TSK-1399,EMP-20,0,9.859732937946693e-06,0
TSK-1399,EMP-52,0,8.026465792193274e-06,0
TSK-1399,EMP-1,0,3.139332424864184e-06,0
TSK-1399,EMP-18,0,7.494343135062615e-06,0
TSK-1399,EMP-29,0,1.0697541438375223e-05,0
TSK-1399,EMP-57,0,3.3325843010103353e-06,0
TSK-1399,EMP-44,0,4.884897467120017e-06,0
TSK-1399,EMP-8,0,6.18810876361953e-06,0
TSK-1399,EMP-41,0,6.5554914148043465e-06,0
TSK-1399,EMP-6,0,6.411001343391924e-06,0
TSK-1399,EMP-49,0,5.97248323965496e-06,0
TSK-1404,EMP-16,1,0.6480511374382251,1
TSK-1404,EMP-49,0,5.9201255208301555e-06,0
TSK-1404,EMP-14,0,6.055671980879656e-06,0
TSK-1404,EMP-20,0,9.773298013813623e-06,0
TSK-1404,EMP-34,0,5.282390265886383e-06,0
TSK-1404,EMP-31,0,7.094317368631629e-06,0
TSK-1404,EMP-11,0,5.929278331671547e-06,0
TSK-1404,EMP-59,0,5.935456506281278e-06,0
TSK-1404,EMP-51,0,6.086458482145783e-06,0
TSK-1404,EMP-55,0,4.978804611238122e-06,0
TSK-1404,EMP-22,0,5.704540481804353e-06,0
TSK-1404,EMP-27,0,7.2616172351184635e-06,0
TSK-1404,EMP-6,0,6.354799384115036e-06,0
TSK-1404,EMP-66,0,8.445549809286027e-06,0
TSK-1404,EMP-56,0,5.418926099695982e-06,0
TSK-1404,EMP-30,0,4.93779138184387e-06,0
TSK-1404,EMP-65,0,5.882750366762003e-06,0
TSK-1404,EMP-57,0,3.303369155252344e-06,0
TSK-1404,EMP-41,0,6.498022793440516e-06,0
TSK-1404,EMP-17,0,9.659809340517914e-06,0
TSK-1404,EMP-50,0,9.26443040324491e-06,0
TSK-1414,EMP-17,1,0.38775155310623644,0
TSK-1414,EMP-10,0,0.2232349591873853,0
TSK-1414,EMP-25,0,2.6123387947838115e-10,0
TSK-1414,EMP-63,0,0.020218537451030555,0
TSK-1414,EMP-16,0,4.01779011009323e-06,0
TSK-1414,EMP-56,0,7.044028782206585e-09,0
TSK-1414,EMP-11,0,0.1849559263692406,0
TSK-1414,EMP-48,0,9.603262765188835e-09,0
TSK-1414,EMP-65,0,2.4338837742948538e-06,0
TSK-1414,EMP-32,0,0.28775972429137675,0
TSK-1414,EMP-44,0,2.003321142055823e-06,0
TSK-1414,EMP-30,0,6.418601630876797e-09,0
TSK-1414,EMP-4,0,3.423390970479171e-06,0
TSK-1414,EMP-12,0,3.6246388045724856e-06,0
TSK-1414,EMP-24,0,1.1054020161407749e-08,0
TSK-1414,EMP-5,0,0.1161061960871548,0
TSK-1414,EMP-50,0,1.2042822478131224e-08,0
TSK-1414,EMP-40,0,0.013970337416142035,0
TSK-1414,EMP-15,0,2.3214194252160923e-07,0
TSK-1414,EMP-62,0,3.9086045989268553e-10,0
TSK-1414,EMP-66,0,1.097835155288846e-08,0
TSK-1415,EMP-17,1,0.1929496629094659,0
TSK-1415,EMP-29,0,1.6561486756397477e-06,0
TSK-1415,EMP-32,0,0.1323345729346767,0
TSK-1415,EMP-21,0,0.18101465020300236,0
TSK-1415,EMP-48,0,1.1538470318961603e-06,0
TSK-1415,EMP-16,0,1.5167216241926918e-06,0
TSK-1415,EMP-8,0,0.15372430865867012,0
TSK-1415,EMP-46,0,1.1303722612828386e-06,0
TSK-1415,EMP-14,0,9.458015618221941e-07,0
TSK-1415,EMP-67,0,5.869872271097217e-07,0
TSK-1415,EMP-24,0,1.3281575711149978e-06,0
TSK-1415,EMP-58,0,4.6226962984771783e-07,0
TSK-1415,EMP-44,0,7.562557034644936e-07,0
TSK-1415,EMP-12,0,1.368306098298631e-06,0
TSK-1415,EMP-52,0,1.2426210974232818e-06,0
TSK-1415,EMP-30,0,7.712053113710372e-07,0
TSK-1415,EMP-31,0,0.24756335889803255,0
TSK-1415,EMP-63,0,0.12201947094413262,0
TSK-1415,EMP-65,0,9.18793767298439e-07,0
TSK-1415,EMP-57,0,5.159335677510512e-07,0
TSK-1415,EMP-59,0,9.270256846856459e-07,0
TSK-1420,EMP-17,1,0.16233823001195724,0
TSK-1420,EMP-20,0,1.2373399191297193e-06,0
TSK-1420,EMP-24,0,1.0766100311432236e-06,0
TSK-1420,EMP-30,0,6.251421553945935e-07,0
TSK-1420,EMP-59,0,7.514508045892616e-07,0
TSK-1420,EMP-66,0,1.0692402692309932e-06,0
TSK-1420,EMP-9,0,1.2344774422104088e-06,0
TSK-1420,EMP-46,0,9.162844050304073e-07,0
TSK-1420,EMP-56,0,6.86055830121364e-07,0
TSK-1420,EMP-34,0,6.687698152822823e-07,0
TSK-1420,EMP-40,0,0.07179485639130465,0
TSK-1420,EMP-18,0,9.404951234623647e-07,0
TSK-1420,EMP-22,0,0.09471644911220733,0
TSK-1420,EMP-62,0,6.791508737253536e-07,0
TSK-1420,EMP-49,0,7.495098349421023e-07,0
TSK-1420,EMP-55,0,6.303346003830333e-07,0
TSK-1420,EMP-1,0,3.939658938231588e-07,0
TSK-1420,EMP-10,0,0.08083377326116356,0
TSK-1420,EMP-41,0,0.09058197628524339,0
TSK-1420,EMP-48,0,9.353131548166203e-07,0
TSK-1420,EMP-8,0,0.1283463045089353,0
TSK-1431,EMP-41,1,0.20348435064004544,0
TSK-1431,EMP-42,1,0.6816081906432109,1
TSK-1431,EMP-17,1,0.33202500090365644,0
TSK-1431,EMP-51,0,6.6577373398111e-08,0
TSK-1431,EMP-48,0,1.6922380404210653e-08,0
TSK-1431,EMP-62,0,1.2287699031149556e-08,0
TSK-1431,EMP-50,0,2.1221248206925816e-08,0
TSK-1431,EMP-1,0,7.127919823909844e-09,0
TSK-1431,EMP-44,0,1.5723002597367736e-06,0
TSK-1431,EMP-9,0,3.166217803689599e-06,0
TSK-1431,EMP-18,0,2.412205903694149e-06,0
TSK-1431,EMP-67,0,8.608780303463234e-09,0
TSK-1431,EMP-40,0,0.16554330803917414,0
TSK-1431,EMP-58,0,6.779665743108074e-09,0
TSK-1431,EMP-4,0,2.686838392322834e-06,0
TSK-1431,EMP-34,0,5.7781941749703315e-08,0
TSK-1431,EMP-10,0,0.0075409591683283555,0
TSK-1431,EMP-46,0,2.350109723990426e-06,0
TSK-1431,EMP-5,0,0.09346023932591875,0
TSK-1431,EMP-7,0,0.2623697930733351,0
TSK-1431,EMP-49,0,1.9223625343181056e-06,0
TSK-1431,EMP-66,0,1.934549179138083e-08,0
TSK-1431,EMP-28,0,0.023008236396258302,0
TSK-1442,EMP-7,1,0.020575938205953593,0
TSK-1442,EMP-14,0,1.3896478058922854e-07,0
TSK-1442,EMP-46,0,1.6608341997616172e-07,0
TSK-1442,EMP-11,0,0.013581014794734862,0
TSK-1442,EMP-59,0,0.01359497360543104,0
TSK-1442,EMP-65,0,1.3499657485412832e-07,0
TSK-1442,EMP-67,0,8.62448631386468e-08,0
TSK-1442,EMP-12,0,2.0104262134708328e-07,0
TSK-1442,EMP-1,0,7.140924221737166e-08,0
TSK-1442,EMP-57,0,0.007612133167109696,0
TSK-1442,EMP-15,0,2.2971096093366967e-07,0
TSK-1442,EMP-4,0,1.8988026142260543e-07,0
TSK-1442,EMP-25,0,8.227538867418823e-08,0
TSK-1442,EMP-62,0,0.012303041448099912,0
TSK-1442,EMP-51,0,1.3967126945602976e-07,0
TSK-1442,EMP-42,0,1.736209148616998e-07,0
TSK-1442,EMP-20,0,2.242771985777351e-07,0
TSK-1442,EMP-31,0,0.027445084581596627,0
TSK-1442,EMP-18,0,1.7047179763647106e-07,0
TSK-1442,EMP-28,0,0.060735941310353966,0
TSK-1442,EMP-32,0,0.3801213832975309,0
TSK-1470,EMP-28,1,0.20572531029751473,0
TSK-1470,EMP-68,0,2.202613554427927e-06,0
TSK-1470,EMP-5,0,0.07260707364627693,0
TSK-1470,EMP-27,0,0.4322220798509817,0
TSK-1470,EMP-52,0,2.56782620617891e-06,0
TSK-1470,EMP-16,0,3.134242935094449e-06,0
TSK-1470,EMP-25,0,1.1571577981353731e-06,0
TSK-1470,EMP-18,0,2.397588706448894e-06,0
TSK-1470,EMP-65,0,1.8986507901874386e-06,0
TSK-1470,EMP-32,0,3.11473139502646e-06,0
TSK-1470,EMP-1,0,1.004331605754129e-06,0
TSK-1470,EMP-11,0,0.1503996621141146,0
TSK-1470,EMP-58,0,9.552622759806512e-07,0
TSK-1470,EMP-10,0,0.2598602818227687,0
TSK-1470,EMP-57,0,1.0661566630299027e-06,0
TSK-1470,EMP-6,0,2.051004713310851e-06,0
TSK-1470,EMP-4,0,2.670557014366681e-06,0
TSK-1470,EMP-14,0,1.9544612674853472e-06,0
TSK-1470,EMP-7,0,0.17107296631587549,0
TSK-1470,EMP-59,0,1.915661703361128e-06,0
TSK-1470,EMP-42,0,2.441879145531301e-06,0
TSK-1482,EMP-8,1,0.42122367812543476,0
TSK-1482,EMP-20,0,1.0476542967203909e-05,0
TSK-1482,EMP-5,0,2.811016041722272e-06,0
TSK-1482,EMP-28,0,7.77212120324774e-06,0
TSK-1482,EMP-65,0,6.306049825675904e-06,0
TSK-1482,EMP-59,0,6.362548466490773e-06,0
TSK-1482,EMP-7,0,0.36421942366786647,0
TSK-1482,EMP-42,0,8.110281375444981e-06,0
TSK-1482,EMP-40,0,7.744187923225884e-06,0
TSK-1482,EMP-55,0,5.33706005448558e-06,0
TSK-1482,EMP-18,0,7.96317912239175e-06,0
TSK-1482,EMP-1,0,3.335725731299247e-06,0
TSK-1482,EMP-63,0,6.019329950242154e-06,0
TSK-1482,EMP-46,0,7.758188194034205e-06,0
TSK-1482,EMP-32,0,1.0345028177508653e-05,0
TSK-1482,EMP-49,0,6.346114331000834e-06,0
TSK-1482,EMP-41,0,6.965594515309485e-06,0
TSK-1482,EMP-56,0,5.8088507919543184e-06,0
TSK-1482,EMP-66,0,9.053256514534568e-06,0
TSK-1482,EMP-50,0,9.931059771535816e-06,0
TSK-1482,EMP-24,0,9.115655781185805e-06,0
TSK-1484,EMP-8,1,0.5375553231754024,1
TSK-1484,EMP-56,0,8.315354321840739e-07,0
TSK-1484,EMP-14,0,1.0368095611890377e-05,0
TSK-1484,EMP-41,0,1.1125454053698151e-05,0
TSK-1484,EMP-24,0,1.3049073764742638e-06,0
TSK-1484,EMP-65,0,9.027097250275695e-07,0
TSK-1484,EMP-52,0,1.220868268213786e-06,0
TSK-1484,EMP-18,0,1.2718789540773375e-05,0
TSK-1484,EMP-4,0,1.4166822115011451e-05,0
TSK-1484,EMP-27,0,1.2432819573207945e-05,0
TSK-1484,EMP-55,0,8.524365585163462e-06,0
TSK-1484,EMP-20,0,1.6733109108979674e-05,0
TSK-1484,EMP-7,0,0.4778045563564279,0
TSK-1484,EMP-58,0,4.5417731591769663e-07,0
TSK-1484,EMP-62,0,8.231662662620294e-07,0
TSK-1484,EMP-6,0,1.0880238193501762e-05,0
TSK-1484,EMP-51,0,9.33968954614535e-07,0
TSK-1484,EMP-46,0,1.239137955092434e-05,0
TSK-1484,EMP-15,0,1.5360553177914066e-06,0
TSK-1484,EMP-67,0,5.767116562611653e-07,0
TSK-1484,EMP-31,0,1.0886261442794603e-06,0
TSK-1492,EMP-5,1,0.23744444699259365,0
TSK-1492,EMP-55,1,6.390911291660873e-06,0
TSK-1492,EMP-25,0,1.2202356952529036e-08,0
TSK-1492,EMP-9,0,1.2516197367067695e-05,0
TSK-1492,EMP-44,0,6.215400904270512e-06,0
TSK-1492,EMP-22,0,0.46993661005321735,0
TSK-1492,EMP-28,0,0.4849977808760834,0
TSK-1492,EMP-24,0,5.620700218821467e-07,0
TSK-1492,EMP-52,0,5.258713635717241e-07,0
TSK-1492,EMP-15,0,1.2849159604512419e-05,0
TSK-1492,EMP-63,0,3.7114993898203377e-07,0
TSK-1492,EMP-40,0,0.4617399081228358,0
TSK-1492,EMP-30,0,3.263703467202732e-07,0
TSK-1492,EMP-10,0,0.5607399791503827,1
TSK-1492,EMP-1,0,2.0567925238669618e-07,0
TSK-1492,EMP-8,0,0.3997067367795785,0
TSK-1492,EMP-46,0,0.4399791714257574,0
TSK-1492,EMP-21,0,0.6241523227245264,1
TSK-1492,EMP-7,0,0.3854197022598802,0
TSK-1492,EMP-49,0,7.599211034000932e-06,0
TSK-1492,EMP-45,0,0.41113324934978723,0
TSK-1492,EMP-65,0,0.38972045911419706,0
TSK-1493,EMP-11,1,0.7561991975417516,1
TSK-1493,EMP-15,0,2.240013832532744e-06,0
TSK-1493,EMP-29,0,2.3728661112338948e-06,0
TSK-1493,EMP-56,0,1.212620047053254e-06,0
TSK-1493,EMP-9,0,2.181967411729929e-06,0
TSK-1493,EMP-67,0,8.410131070243202e-07,0
TSK-1493,EMP-63,0,1.2565585938645513e-06,0
TSK-1493,EMP-51,0,1.3619977943086307e-06,0
TSK-1493,EMP-59,0,1.3282071578950892e-06,0
TSK-1493,EMP-27,0,1.624970532245426e-06,0
TSK-1493,EMP-20,0,2.187026901040636e-06,0
TSK-1493,EMP-31,0,1.5875327492615648e-06,0
TSK-1493,EMP-28,0,1.6224628514906296e-06,0
TSK-1493,EMP-55,0,1.114131491791405e-06,0
TSK-1493,EMP-52,0,1.780380023982573e-06,0
TSK-1493,EMP-10,0,1.5361622399342114e-06,0
TSK-1493,EMP-42,0,1.6930556566914504e-06,0
TSK-1493,EMP-49,0,1.3247764498835634e-06,0
TSK-1493,EMP-6,0,0.1073492397375444,0
TSK-1493,EMP-17,0,2.1616306998609436e-06,0
TSK-1493,EMP-44,0,1.0835345011113573e-06,0
TSK-1495,EMP-4,1,0.42698695427781214,0
TSK-1495,EMP-24,0,9.055609942710473e-06,0
TSK-1495,EMP-10,0,7.310243037125022e-06,0
TSK-1495,EMP-67,0,3.5869657230427907e-07,0
TSK-1495,EMP-22,0,6.074736324911796e-06,0
TSK-1495,EMP-62,0,5.119836619364386e-07,0
TSK-1495,EMP-68,0,7.267417155172567e-06,0
TSK-1495,EMP-31,0,7.554702025571373e-06,0
TSK-1495,EMP-44,0,5.156300429980781e-06,0
TSK-1495,EMP-45,0,6.849014710785363e-06,0
TSK-1495,EMP-41,0,6.919711271519994e-06,0
TSK-1495,EMP-51,0,6.481438712392808e-06,0
TSK-1495,EMP-20,0,1.0407532906773467e-05,0
TSK-1495,EMP-6,0,6.767193457617645e-06,0
TSK-1495,EMP-17,0,1.0286679499891251e-05,0
TSK-1495,EMP-59,0,5.664875897677951e-07,0
TSK-1495,EMP-27,0,7.732858707736138e-06,0
TSK-1495,EMP-12,0,9.329347423459149e-06,0
TSK-1495,EMP-65,0,6.264511058174808e-06,0
TSK-1495,EMP-1,0,2.969945186589131e-07,0
TSK-1495,EMP-55,0,5.301904114352264e-06,0
TSK-1505,EMP-4,1,0.387063966690907,0
TSK-1505,EMP-16,1,0.8747085040727841,1
TSK-1505,EMP-42,0,3.985791818354078e-06,0
TSK-1505,EMP-8,0,0.40127294954526527,0
TSK-1505,EMP-41,0,3.423234309857304e-06,0
TSK-1505,EMP-20,0,5.1486955334827666e-06,0
TSK-1505,EMP-44,0,2.5508591505088972e-06,0
TSK-1505,EMP-59,0,3.1268669861662065e-06,0
TSK-1505,EMP-7,0,3.0434529807660048e-06,0
TSK-1505,EMP-51,0,3.2064167988107063e-06,0
TSK-1505,EMP-34,0,2.7828232939952145e-06,0
TSK-1505,EMP-27,0,3.82550616340303e-06,0
TSK-1505,EMP-68,0,3.5952477125688523e-06,0
TSK-1505,EMP-24,0,4.479884621300348e-06,0
TSK-1505,EMP-14,0,3.190198067016022e-06,0
TSK-1505,EMP-6,0,3.347782317970753e-06,0
TSK-1505,EMP-65,0,3.0991007063157895e-06,0
TSK-1505,EMP-56,0,2.854752109160657e-06,0
TSK-1505,EMP-50,0,4.880616541551483e-06,0
TSK-1505,EMP-18,0,3.9134982314904e-06,0
TSK-1505,EMP-12,0,4.615305439884565e-06,0
TSK-1505,EMP-11,0,0.22417495666202109,0
TSK-1508,EMP-16,1,0.6921432523533637,1
TSK-1508,EMP-18,0,6.335497513051092e-06,0
TSK-1508,EMP-41,0,5.541819046362218e-06,0
TSK-1508,EMP-46,0,6.172406672527757e-06,0
TSK-1508,EMP-44,0,4.129547140968232e-06,0
TSK-1508,EMP-52,0,6.785338932683178e-06,0
TSK-1508,EMP-58,0,2.2623391435910165e-07,0
TSK-1508,EMP-62,0,4.100340429727145e-07,0
TSK-1508,EMP-68,0,5.820288161831728e-06,0
TSK-1508,EMP-40,0,5.522040083012764e-07,0
TSK-1508,EMP-20,0,8.335131609231833e-06,0
TSK-1508,EMP-10,0,5.854586363140935e-06,0
TSK-1508,EMP-22,0,4.865099493556037e-06,0
TSK-1508,EMP-6,0,0.31428420429908877,0
TSK-1508,EMP-48,0,5.646908339229499e-07,0
TSK-1508,EMP-24,0,6.499981821107461e-07,0
TSK-1508,EMP-67,0,2.872704974544639e-07,0
TSK-1508,EMP-59,0,4.5368478823874145e-07,0
TSK-1508,EMP-21,0,0.3499280262231886,0
TSK-1508,EMP-1,0,2.378549689506408e-07,0
TSK-1508,EMP-65,0,5.017085367679164e-06,0
TSK-1509,EMP-16,1,0.5033320293940723,1
TSK-1509,EMP-4,0,0.37622003887020483,0
TSK-1509,EMP-62,0,4.623679367034251e-06,0
TSK-1509,EMP-58,0,2.551093197296903e-06,0
TSK-1509,EMP-31,0,0.3408526319058415,0
TSK-1509,EMP-21,0,6.432918204056849e-06,0
TSK-1509,EMP-6,0,5.477338240525974e-06,0
TSK-1509,EMP-28,0,6.2492859698962446e-06,0
TSK-1509,EMP-41,0,5.600785687611358e-06,0
TSK-1509,EMP-57,0,2.847243709736912e-06,0
TSK-1509,EMP-51,0,5.246049252432453e-06,0
TSK-1509,EMP-30,0,4.255987739805038e-06,0
TSK-1509,EMP-59,0,5.115897300496429e-06,0
TSK-1509,EMP-32,0,8.318073065082683e-06,0
TSK-1509,EMP-34,0,4.553005086620525e-06,0
TSK-1509,EMP-12,0,7.551138692418085e-06,0
TSK-1509,EMP-50,0,7.985214991730043e-06,0
TSK-1509,EMP-63,0,4.839927260991777e-06,0
TSK-1509,EMP-67,0,3.239361146387266e-06,0
TSK-1509,EMP-55,0,4.291337941539497e-06,0
TSK-1509,EMP-29,0,9.139615832256977e-06,0
TSK-1528,EMP-27,1,0.5947946053065871,1
TSK-1528,EMP-9,0,4.636375727310848e-06,0
TSK-1528,EMP-29,0,5.042007694861326e-06,0
TSK-1528,EMP-7,0,0.18851241474993755,0
TSK-1528,EMP-44,0,2.3023621896636166e-06,0
TSK-1528,EMP-63,0,1.1935080036145348e-07,0
TSK-1528,EMP-45,0,0.205481369329824,0
TSK-1528,EMP-5,0,0.10341526907166143,0
TSK-1528,EMP-16,0,4.617534882270818e-06,0
TSK-1528,EMP-1,0,1.4796367076755594e-06,0
TSK-1528,EMP-40,0,0.24114018301317572,0
TSK-1528,EMP-67,0,3.5707207940974266e-09,0
TSK-1528,EMP-68,0,3.245009916134663e-06,0
TSK-1528,EMP-58,0,0.005291887997886963,0
TSK-1528,EMP-32,0,4.588789476783583e-06,0
TSK-1528,EMP-10,0,0.3210538949052466,0
TSK-1528,EMP-31,0,0.3282658472456339,0
TSK-1528,EMP-22,0,0.24721945943138668,0
TSK-1528,EMP-17,0,4.593163162581679e-06,0
TSK-1528,EMP-6,0,3.0216517540652244e-06,0
TSK-1528,EMP-18,0,3.532257573597537e-06,0
TSK-1531,EMP-27,1,0.47846938768210706,0
TSK-1531,EMP-8,0,0.13356677613040688,0
TSK-1531,EMP-44,0,1.4389860008058855e-06,0
TSK-1531,EMP-30,0,1.4674317519176802e-06,0
TSK-1531,EMP-52,0,2.364429874950969e-06,0
TSK-1531,EMP-65,0,0.12880303497046,0
TSK-1531,EMP-15,0,2.9748451207065886e-06,0
TSK-1531,EMP-32,0,2.868015079899718e-06,0
TSK-1531,EMP-25,0,1.0654997427945352e-06,0
TSK-1531,EMP-9,0,2.8977567627733966e-06,0
TSK-1531,EMP-31,0,0.2339685243118896,0
TSK-1531,EMP-10,0,0.22812470983753677,0
TSK-1531,EMP-42,0,2.2484590005435814e-06,0
TSK-1531,EMP-55,0,1.4796202631373836e-06,0
TSK-1531,EMP-28,0,0.17900207266035859,0
TSK-1531,EMP-16,0,2.885981125103179e-06,0
TSK-1531,EMP-7,0,0.126783454774123,0
TSK-1531,EMP-66,0,2.509887021874588e-06,0
TSK-1531,EMP-4,0,2.459023443142665e-06,0
TSK-1531,EMP-22,0,0.17030106065858866,0
TSK-1531,EMP-67,0,1.1169059984186094e-06,0
TSK-157,EMP-41,1,0.4915271430506958,0
TSK-157,EMP-5,0,0.14820492833372198,0
TSK-157,EMP-9,0,7.650207871723535e-06,0
TSK-157,EMP-67,0,2.6427579050278156e-07,0
TSK-157,EMP-15,0,7.038915200309216e-07,0
TSK-157,EMP-30,0,3.4721524512174205e-07,0
TSK-157,EMP-56,0,3.8104781067500144e-07,0
TSK-157,EMP-52,0,6.242206418243499e-06,0
TSK-157,EMP-62,0,3.7721267190579086e-07,0
TSK-157,EMP-18,0,5.8283723491284385e-06,0
TSK-157,EMP-10,0,5.385955545034258e-06,0
TSK-157,EMP-65,0,0.2807421980839429,0
TSK-157,EMP-59,0,4.173693738495089e-07,0
TSK-157,EMP-49,0,4.6448159319452865e-06,0
TSK-157,EMP-1,0,2.1881575119202673e-07,0
TSK-157,EMP-25,0,2.5211233188468434e-07,0
TSK-157,EMP-31,0,5.566065543568923e-06,0
TSK-157,EMP-28,0,5.098349583807627e-07,0
TSK-157,EMP-27,0,5.6973260201716855e-06,0
TSK-157,EMP-46,0,5.678336047640204e-06,0
TSK-157,EMP-45,0,0.3583713138338338,0
TSK-1572,EMP-28,1,0.17736413116311237,0
TSK-1572,EMP-22,1,0.11473680430322443,0
TSK-1572,EMP-21,1,0.15646448763276816,0
TSK-1572,EMP-49,0,1.590511784429107e-06,0
TSK-1572,EMP-7,0,0.14660717377754287,0
TSK-1572,EMP-55,0,1.3376138609104003e-06,0
TSK-1572,EMP-12,0,2.353701941229658e-06,0
TSK-1572,EMP-31,0,0.3211136088270885,0
TSK-1572,EMP-56,0,1.4558580947246044e-06,0
TSK-1572,EMP-66,0,2.2690010980421075e-06,0
TSK-1572,EMP-51,0,1.635199301913089e-06,0
TSK-1572,EMP-17,0,2.5952291987696357e-06,0
TSK-1572,EMP-30,0,1.3265951392467036e-06,0
TSK-1572,EMP-34,0,1.4191759988376996e-06,0
TSK-1572,EMP-10,0,0.22616109831385897,0
TSK-1572,EMP-29,0,2.8488359071288164e-06,0
TSK-1572,EMP-25,0,9.632384765334317e-07,0
TSK-1572,EMP-40,0,0.15221478714745598,0
TSK-1572,EMP-27,0,0.3878848018885898,0
TSK-1572,EMP-14,0,1.6269281063599049e-06,0
TSK-1572,EMP-9,0,2.6196452127320368e-06,0
TSK-1572,EMP-45,0,0.13781419115759544,0
TSK-1572,EMP-41,0,1.7457714638250658e-06,0
TSK-1588,EMP-32,1,0.5555337475962154,1
TSK-1588,EMP-52,0,3.7958518239046945e-06,0
TSK-1588,EMP-31,0,3.3846933329841273e-06,0
TSK-1588,EMP-40,0,3.446733373300373e-06,0
TSK-1588,EMP-41,0,3.1002006854110857e-06,0
TSK-1588,EMP-62,0,2.559342293909881e-06,0
TSK-1588,EMP-25,0,1.7105528759266858e-06,0
TSK-1588,EMP-5,0,0.09567971198889282,0
TSK-1588,EMP-8,0,0.2793180763070032,0
TSK-1588,EMP-16,0,4.633147878312095e-06,0
TSK-1588,EMP-67,0,1.7930804030658e-06,0
TSK-1588,EMP-45,0,3.0685267692555998e-06,0
TSK-1588,EMP-7,0,0.18902933456289978,0
TSK-1588,EMP-6,0,3.031868701770246e-06,0
TSK-1588,EMP-11,0,0.23845037219722473,0
TSK-1588,EMP-17,0,4.608693752356626e-06,0
TSK-1588,EMP-18,0,3.544200999034303e-06,0
TSK-1588,EMP-59,0,2.831799995308528e-06,0
TSK-1588,EMP-28,0,0.2768707552829518,0
TSK-1588,EMP-49,0,0.2071543520154251,0
TSK-1588,EMP-51,0,2.9038431069058106e-06,0
TSK-159,EMP-41,1,0.08818842133446032,0
TSK-159,EMP-63,0,9.230519504880526e-08,0
TSK-159,EMP-8,0,1.4293461239455e-05,0
TSK-159,EMP-66,0,1.3883025383081494e-07,0
TSK-159,EMP-56,0,8.90775216954087e-08,0
TSK-159,EMP-15,0,1.6454871514992512e-07,0
TSK-159,EMP-59,0,9.75684138505234e-08,0
TSK-159,EMP-25,0,5.893627745736057e-08,0
TSK-159,EMP-57,0,5.430140952231334e-08,0
TSK-159,EMP-40,0,0.05426997118472929,0
TSK-159,EMP-6,0,1.480830023438164e-05,0
TSK-159,EMP-31,0,1.1661817102672634e-07,0
TSK-159,EMP-58,0,4.865333997207859e-08,0
TSK-159,EMP-12,0,0.6538012527906719,1
TSK-159,EMP-18,0,5.831446584322392e-07,0
TSK-159,EMP-42,0,1.7630379576579243e-05,0
TSK-159,EMP-17,0,2.2509715787101548e-05,0
TSK-159,EMP-5,0,0.3407043772594512,0
TSK-159,EMP-65,0,0.008111506301578145,0
TSK-159,EMP-28,0,1.191840965241485e-07,0
TSK-159,EMP-45,0,0.0529249662157838,0
TSK-161,EMP-41,1,0.5117869033434418,1
TSK-161,EMP-46,0,6.157733573397184e-06,0
TSK-161,EMP-51,0,5.178477687889171e-06,0
TSK-161,EMP-50,0,2.65531726317494e-07,0
TSK-161,EMP-4,0,7.040022761285181e-06,0
TSK-161,EMP-22,0,4.85353412140241e-06,0
TSK-161,EMP-58,0,8.4830855865411e-08,0
TSK-161,EMP-28,0,6.168792327583953e-06,0
TSK-161,EMP-65,0,0.2973953366473207,0
TSK-161,EMP-48,0,6.285612367206915e-06,0
TSK-161,EMP-62,0,1.5375034682057076e-07,0
TSK-161,EMP-14,0,5.152283907977924e-06,0
TSK-161,EMP-52,0,2.2803288723343897e-07,0
TSK-161,EMP-6,0,5.406787581899829e-06,0
TSK-161,EMP-24,0,2.4372966741210295e-07,0
TSK-161,EMP-49,0,5.036958232497792e-06,0
TSK-161,EMP-44,0,4.119730325377725e-06,0
TSK-161,EMP-1,0,2.6475887248280434e-06,0
TSK-161,EMP-67,0,1.0771772730302913e-07,0
TSK-161,EMP-56,0,4.610527647140801e-06,0
TSK-161,EMP-68,0,5.806452117044297e-06,0
TSK-1611,EMP-5,1,0.7839225281840919,1
TSK-1611,EMP-20,0,0.032093665162282174,0
TSK-1611,EMP-21,0,0.15414756639916866,0
TSK-1611,EMP-40,0,0.04029496787432164,0
TSK-1611,EMP-1,0,1.248395128890192e-07,0
TSK-1611,EMP-51,0,0.03416498321365439,0
TSK-1611,EMP-56,0,0.018052789623803883,0
TSK-1611,EMP-48,0,0.03464093895521448,0
TSK-1611,EMP-9,0,0.08848778580291992,0
TSK-1611,EMP-31,0,0.09183470168150146,0
TSK-1611,EMP-27,0,0.20245822858220958,0
TSK-1611,EMP-6,0,0.04611039653645282,0
TSK-1611,EMP-24,0,0.043228691354172996,0
TSK-1611,EMP-46,0,0.06721257247610836,0
TSK-1611,EMP-8,0,0.18999121532821842,0
TSK-1611,EMP-4,0,0.10549916933094955,0
TSK-1611,EMP-22,0,0.08866512103831986,0
TSK-1611,EMP-32,0,0.03170355366999851,0
TSK-1611,EMP-15,0,0.03904877212309518,0
TSK-1611,EMP-57,0,0.011083041693866267,0
TSK-1611,EMP-52,0,0.04419606165137125,0
TSK-1619,EMP-8,1,0.2361011849638288,0
TSK-1619,EMP-44,0,0.025247051959841813,0
TSK-1619,EMP-55,0,0.23087355671384446,0
TSK-1619,EMP-28,0,0.07364128710127527,0
TSK-1619,EMP-11,0,0.5119678952798665,1
TSK-1619,EMP-68,0,0.06961687822910247,0
TSK-1619,EMP-32,0,0.04135937572048636,0
TSK-1619,EMP-10,0,0.15583017400768698,0
TSK-1619,EMP-12,0,0.15253772164691726,0
TSK-1619,EMP-52,0,0.05743100839629497,0
TSK-1619,EMP-34,0,0.04616967859152143,0
TSK-1619,EMP-27,0,0.25065758374709673,0
TSK-1619,EMP-50,0,1.6498160053406226e-08,0
TSK-1619,EMP-49,0,0.03348023831928846,0
TSK-1619,EMP-62,0,0.000882909868602694,0
TSK-1619,EMP-42,0,0.09793983500412969,0
TSK-1619,EMP-51,0,0.04453599248427756,0
TSK-1619,EMP-24,0,0.05619098008789375,0
TSK-1619,EMP-7,0,0.2583295285878138,0
TSK-1619,EMP-20,0,0.04186316506583426,0
TSK-1619,EMP-46,0,0.08671472076531399,0
TSK-1620,EMP-16,1,0.47758487287775686,0
TSK-1620,EMP-46,0,5.627270775211141e-06,0
TSK-1620,EMP-45,0,5.000756578403602e-06,0
TSK-1620,EMP-20,0,7.59898917225173e-06,0
TSK-1620,EMP-24,0,6.611889427976966e-06,0
TSK-1620,EMP-41,0,5.052375236892253e-06,0
TSK-1620,EMP-1,0,2.419509381700418e-06,0
TSK-1620,EMP-10,0,0.3110018439968926,0
TSK-1620,EMP-32,0,7.503596798478125e-06,0
TSK-1620,EMP-4,0,0.35236208745008685,0
TSK-1620,EMP-6,0,4.94101529669684e-06,0
TSK-1620,EMP-30,0,3.839254960460275e-06,0
TSK-1620,EMP-42,0,5.882656186602675e-06,0
TSK-1620,EMP-51,0,4.73237325836051e-06,0
TSK-1620,EMP-48,0,5.744133413104242e-06,0
TSK-1620,EMP-14,0,0.28478561735148716,0
TSK-1620,EMP-59,0,4.614965301292766e-06,0
TSK-1620,EMP-68,0,5.306250575420372e-06,0
TSK-1620,EMP-25,0,2.7876784218942076e-06,0
TSK-1620,EMP-66,0,6.566629044377238e-06,0
TSK-1620,EMP-50,0,7.20333077449762e-06,0
TSK-1626,EMP-16,1,0.914891048756758,1
TSK-1626,EMP-63,0,4.082318502996384e-07,0
TSK-1626,EMP-65,0,4.276773490994605e-07,0
TSK-1626,EMP-25,0,2.6065345868467043e-07,0
TSK-1626,EMP-62,0,3.899919787350843e-07,0
TSK-1626,EMP-41,0,5.270941656791211e-06,0
TSK-1626,EMP-67,0,2.7322899398787517e-07,0
TSK-1626,EMP-5,0,2.1271244749299786e-06,0
TSK-1626,EMP-28,0,5.271072743906624e-07,0
TSK-1626,EMP-14,0,4.912123587775548e-06,0
TSK-1626,EMP-50,0,6.735284031469919e-07,0
TSK-1626,EMP-40,0,5.86011292575088e-06,0
TSK-1626,EMP-10,0,4.990698205463209e-07,0
TSK-1626,EMP-18,0,6.025826316984426e-06,0
TSK-1626,EMP-17,0,7.835663780951152e-06,0
TSK-1626,EMP-21,0,5.425961569695301e-07,0
TSK-1626,EMP-68,0,5.535799615189307e-06,0
TSK-1626,EMP-12,0,7.106434397194613e-06,0
TSK-1626,EMP-49,0,4.80217349303606e-06,0
TSK-1626,EMP-20,0,7.927721573890491e-06,0
TSK-1626,EMP-15,0,0.06858736581095357,0
TSK-1641,EMP-11,1,0.7048400812187252,1
TSK-1641,EMP-12,0,1.9754886132844943e-06,0
TSK-1641,EMP-28,0,1.6349032788608057e-06,0
TSK-1641,EMP-42,0,1.7060373618892782e-06,0
TSK-1641,EMP-18,0,1.6750934887741648e-06,0
TSK-1641,EMP-20,0,2.2037961810372864e-06,0
TSK-1641,EMP-56,0,0.09365661336119417,0
TSK-1641,EMP-45,0,1.4502755129534669e-06,0
TSK-1641,EMP-24,0,1.9175243086266785e-06,0
TSK-1641,EMP-57,0,7.448781198006435e-07,0
TSK-1641,EMP-4,0,1.8658050157248367e-06,0
TSK-1641,EMP-44,0,1.0918426356070355e-06,0
TSK-1641,EMP-7,0,0.12601775664594417,0
TSK-1641,EMP-65,0,1.3265065394092963e-06,0
TSK-1641,EMP-8,0,0.14344030976812205,0
TSK-1641,EMP-31,0,0.1289053298775857,0
TSK-1641,EMP-50,0,2.089050008140835e-06,0
TSK-1641,EMP-21,0,0.15702641979892445,0
TSK-1641,EMP-40,0,1.6290273423984958e-06,0
TSK-1641,EMP-48,0,1.6658640144477388e-06,0
TSK-1641,EMP-15,0,0.21463111404228183,0
TSK-1642,EMP-21,1,0.16585799001896054,0
TSK-1642,EMP-8,0,0.1404608122416612,0
TSK-1642,EMP-12,0,2.5231053493284424e-06,0
TSK-1642,EMP-10,0,0.23855556642122172,0
TSK-1642,EMP-65,0,1.694222039607044e-06,0
TSK-1642,EMP-44,0,1.3945079970608037e-06,0
TSK-1642,EMP-6,0,1.8301719640018171e-06,0
TSK-1642,EMP-25,0,1.032565913920042e-06,0
TSK-1642,EMP-24,0,2.449073047431292e-06,0
TSK-1642,EMP-52,0,2.2913471441545377e-06,0
TSK-1642,EMP-34,0,1.5213187075329613e-06,0
TSK-1642,EMP-11,0,0.1364150789189844,0
TSK-1642,EMP-30,0,1.4220745120823574e-06,0
TSK-1642,EMP-1,0,8.961945959150859e-07,0
TSK-1642,EMP-49,0,1.7049860653976993e-06,0
TSK-1642,EMP-46,0,2.08436465746548e-06,0
TSK-1642,EMP-57,0,9.513629170807859e-07,0
TSK-1642,EMP-17,0,2.7820160427365533e-06,0
TSK-1642,EMP-28,0,0.18773311782613802,0
TSK-1642,EMP-63,0,1.6171897794743616e-06,0
TSK-1642,EMP-41,0,1.8714202655202626e-06,0
TSK-1646,EMP-10,1,0.2720456012708003,0
TSK-1646,EMP-4,0,5.326526903864245e-06,0
TSK-1646,EMP-30,0,3.1786292099345763e-06,0
TSK-1646,EMP-56,0,3.48835307276066e-06,0
TSK-1646,EMP-67,0,2.1683367497766917e-07,0
TSK-1646,EMP-17,0,6.218367973186542e-06,0
TSK-1646,EMP-31,0,0.31605755339720604,0
TSK-1646,EMP-12,0,5.6396520630648055e-06,0
TSK-1646,EMP-18,0,4.782082594603517e-06,0
TSK-1646,EMP-1,0,2.003180667800785e-06,0
TSK-1646,EMP-66,0,5.436702928555961e-06,0
TSK-1646,EMP-21,0,0.3271235138479894,0
TSK-1646,EMP-65,0,3.7869336712941554e-06,0
TSK-1646,EMP-49,0,3.8109934255092377e-06,0
TSK-1646,EMP-20,0,6.291424983288487e-06,0
TSK-1646,EMP-57,0,2.126493154923138e-06,0
TSK-1646,EMP-46,0,4.658980178645052e-06,0
TSK-1646,EMP-15,0,0.3527271264876288,0
TSK-1646,EMP-41,0,4.183007126456287e-06,0
TSK-1646,EMP-34,0,3.4004599952413584e-06,0
TSK-1646,EMP-52,0,5.121626947306544e-06,0
TSK-1652,EMP-11,1,0.6356193865642391,1
TSK-1652,EMP-31,1,0.18138032309968669,0
TSK-1652,EMP-22,1,0.17571815314432918,0
TSK-1652,EMP-7,1,0.02523601303538607,0
TSK-1652,EMP-57,0,4.906425901935463e-05,0
TSK-1652,EMP-40,0,0.004095505159110672,0
TSK-1652,EMP-50,0,3.6402982917507464e-08,0
TSK-1652,EMP-65,0,0.0456518328776339,0
TSK-1652,EMP-52,0,0.09199593220838512,0
TSK-1652,EMP-17,0,0.23177044669309815,0
TSK-1652,EMP-4,0,0.20535584198903503,0
TSK-1652,EMP-10,0,0.2348604625627527,0
TSK-1652,EMP-51,0,0.07193230787581387,0
TSK-1652,EMP-44,0,0.0412905494358163,0
TSK-1652,EMP-62,0,8.715137993278633e-05,0
TSK-1652,EMP-25,0,5.325188999374915e-05,0
TSK-1652,EMP-45,0,0.25600954928683745,0
TSK-1652,EMP-68,0,0.11065488299078478,0
TSK-1652,EMP-56,0,8.048383018071209e-05,0
TSK-1652,EMP-21,0,0.28536111266476616,0
TSK-1652,EMP-6,0,0.09577323855420831,0
TSK-1652,EMP-28,0,0.005874105881086203,0
TSK-1652,EMP-20,0,0.06773184558913294,0
TSK-1652,EMP-63,0,0.0018624359401144303,0
TSK-1655,EMP-22,1,0.2681318282465606,0
TSK-1655,EMP-31,0,0.29404860974903535,0
TSK-1655,EMP-57,0,1.9167337784558064e-06,0
TSK-1655,EMP-56,0,3.1442589168278398e-06,0
TSK-1655,EMP-42,0,4.389999393566346e-06,0
TSK-1655,EMP-1,0,1.8055849343935128e-06,0
TSK-1655,EMP-50,0,5.375569696001983e-06,0
TSK-1655,EMP-66,0,4.900422804122892e-06,0
TSK-1655,EMP-28,0,0.26241338811426707,0
TSK-1655,EMP-21,0,0.30468726901290905,0
TSK-1655,EMP-40,0,4.191836633479865e-06,0
TSK-1655,EMP-8,0,0.2826084766656743,0
TSK-1655,EMP-58,0,1.71736827910716e-06,0
TSK-1655,EMP-12,0,5.08335299787382e-06,0
TSK-1655,EMP-59,0,1.1601588992465863e-07,0
TSK-1655,EMP-7,0,0.25328060202629793,0
TSK-1655,EMP-20,0,5.670834964323054e-06,0
TSK-1655,EMP-30,0,2.865086395446616e-06,0
TSK-1655,EMP-15,0,0.32939446831520885,0
TSK-1655,EMP-16,0,5.634724801738905e-06,0
TSK-1655,EMP-4,0,4.80111456627389e-06,0
TSK-1656,EMP-22,1,0.24325936578126986,0
TSK-1656,EMP-58,0,1.506851778280129e-06,0
TSK-1656,EMP-63,0,2.858797883400127e-06,0
TSK-1656,EMP-27,0,3.6969705659471342e-06,0
TSK-1656,EMP-8,0,0.2568644435448768,0
TSK-1656,EMP-1,0,1.5842547761872655e-06,0
TSK-1656,EMP-34,0,2.6893213625229844e-06,0
TSK-1656,EMP-11,0,0.21828691879830578,0
TSK-1656,EMP-67,0,1.9133908883803535e-06,0
TSK-1656,EMP-57,0,1.6817789220150297e-06,0
TSK-1656,EMP-46,0,3.684648029161135e-06,0
TSK-1656,EMP-59,0,3.0218053366945423e-06,0
TSK-1656,EMP-25,0,1.825326014058495e-06,0
TSK-1656,EMP-31,0,0.2676512535293606,0
TSK-1656,EMP-62,0,2.731066585338318e-06,0
TSK-1656,EMP-41,0,3.3082148537355375e-06,0
TSK-1656,EMP-16,0,4.944017697365858e-06,0
TSK-1656,EMP-14,0,3.083008521687904e-06,0
TSK-1656,EMP-10,0,0.22813162895962194,0
TSK-1656,EMP-65,0,2.994971991451447e-06,0
TSK-1656,EMP-68,0,3.4744486873341132e-06,0
TSK-1660,EMP-21,1,0.29055847966862125,0
TSK-1660,EMP-52,0,4.314682408085061e-06,0
TSK-1660,EMP-4,0,4.487299232586252e-06,0
TSK-1660,EMP-45,0,3.487944314073958e-06,0
TSK-1660,EMP-14,0,3.2840552629904697e-06,0
TSK-1660,EMP-48,0,4.006438159710666e-06,0
TSK-1660,EMP-5,0,1.4221115885985533e-06,0
TSK-1660,EMP-29,0,5.750544768132182e-06,0
TSK-1660,EMP-31,0,0.280214336079708,0
TSK-1660,EMP-68,0,3.7010216242022925e-06,0
TSK-1660,EMP-59,0,3.218860956595247e-06,0
TSK-1660,EMP-28,0,0.24954136570945973,0
TSK-1660,EMP-66,0,4.580116414112625e-06,0
TSK-1660,EMP-1,0,1.6875661249568562e-06,0
TSK-1660,EMP-40,0,3.917845387730636e-06,0
TSK-1660,EMP-25,0,1.9443579064447456e-06,0
TSK-1660,EMP-62,0,2.909162831016418e-06,0
TSK-1660,EMP-16,0,5.266422474896697e-06,0
TSK-1660,EMP-7,0,0.2407103657640856,0
TSK-1660,EMP-22,0,0.25507630758431143,0
TSK-1660,EMP-12,0,4.751089796392185e-06,0
TSK-1699,EMP-45,1,0.23887586408247546,0
TSK-1699,EMP-20,0,5.639394369361037e-06,0
TSK-1699,EMP-52,0,4.590831289203377e-06,0
TSK-1699,EMP-46,0,0.35611807311875426,0
TSK-1699,EMP-4,0,4.77449590606757e-06,0
TSK-1699,EMP-5,0,0.19340497341366558,0
TSK-1699,EMP-48,0,3.8205831119213464e-07,0
TSK-1699,EMP-55,0,2.872867041440308e-06,0
TSK-1699,EMP-21,0,0.4274263476214987,0
TSK-1699,EMP-57,0,1.7083427701042756e-07,0
TSK-1699,EMP-32,0,5.568601235656884e-06,0
TSK-1699,EMP-42,0,0.26964343416171543,0
TSK-1699,EMP-30,0,2.5535908598582167e-07,0
TSK-1699,EMP-51,0,0.22899139476525937,0
TSK-1699,EMP-22,0,3.2916317564563635e-06,0
TSK-1699,EMP-34,0,2.731801906156073e-07,0
TSK-1699,EMP-49,0,3.4160288643253886e-06,0
TSK-1699,EMP-15,0,5.17676325202351e-07,0
TSK-1699,EMP-44,0,2.793970666649505e-06,0
TSK-1699,EMP-56,0,2.802412131635057e-07,0
TSK-1699,EMP-17,0,5.573908798441459e-06,0
TSK-1715,EMP-16,1,0.5400295729423573,1
TSK-1715,EMP-52,0,7.120279752164731e-07,0
TSK-1715,EMP-5,0,2.6185013334298426e-06,0
TSK-1715,EMP-14,0,0.33834833146049703,0
TSK-1715,EMP-45,0,6.422260417291927e-06,0
TSK-1715,EMP-29,0,1.0588307157097208e-05,0
TSK-1715,EMP-7,0,0.32788781688529806,0
TSK-1715,EMP-67,0,3.3634646205261297e-07,0
TSK-1715,EMP-66,0,8.4332405215003e-06,0
TSK-1715,EMP-51,0,6.077587520842923e-06,0
TSK-1715,EMP-30,0,4.930594584783574e-06,0
TSK-1715,EMP-11,0,5.920636457740448e-06,0
TSK-1715,EMP-44,0,4.835016722372278e-06,0
TSK-1715,EMP-9,0,9.736477048879069e-06,0
TSK-1715,EMP-34,0,5.274691220966147e-06,0
TSK-1715,EMP-49,0,5.911496986965982e-06,0
TSK-1715,EMP-24,0,7.610408213978971e-07,0
TSK-1715,EMP-32,0,9.636545523782367e-06,0
TSK-1715,EMP-42,0,7.5548449344511855e-06,0
TSK-1715,EMP-46,0,7.226864846186231e-06,0
TSK-1715,EMP-20,0,9.759053567793582e-06,0
TSK-1718,EMP-11,1,0.8160126954731858,1
TSK-1718,EMP-50,0,2.964415838462614e-06,0
TSK-1718,EMP-65,0,1.8823475916820482e-06,0
TSK-1718,EMP-30,0,1.5799809891053972e-06,0
TSK-1718,EMP-22,0,1.8253242219736743e-06,0
TSK-1718,EMP-59,0,1.8992124370432955e-06,0
TSK-1718,EMP-7,0,1.8485479519599585e-06,0
TSK-1718,EMP-45,0,0.3584231448975695,0
TSK-1718,EMP-15,0,3.2030097390827673e-06,0
TSK-1718,EMP-10,0,2.196568625028674e-06,0
TSK-1718,EMP-24,0,2.7210166427486203e-06,0
TSK-1718,EMP-58,0,9.470596906729414e-07,0
TSK-1718,EMP-8,0,0.14235280138137002,0
TSK-1718,EMP-41,0,0.16131209306703345,0
TSK-1718,EMP-55,0,1.5931043345707156e-06,0
TSK-1718,EMP-4,0,2.647625684376463e-06,0
TSK-1718,EMP-5,0,0.07202852204368133,0
TSK-1718,EMP-17,0,3.09092931334196e-06,0
TSK-1718,EMP-34,0,1.6902451941596189e-06,0
TSK-1718,EMP-32,0,3.087986075000261e-06,0
TSK-1718,EMP-48,0,2.3639044185645497e-06,0
TSK-1722,EMP-41,1,0.5700759695378549,1
TSK-1722,EMP-10,1,0.2030277577357964,0
TSK-1722,EMP-7,1,0.3246333662988874,0
TSK-1722,EMP-11,1,0.5914566798195294,1
TSK-1722,EMP-31,1,0.1553247657940017,0
TSK-1722,EMP-8,1,0.298999831914802,0
TSK-1722,EMP-28,1,0.09886088884571663,0
TSK-1722,EMP-22,1,0.15032661081130566,0
TSK-1722,EMP-21,1,0.24891031627624677,0
TSK-1722,EMP-55,0,0.292913547447448,0
TSK-1722,EMP-58,0,0.0008155790254274508,0
TSK-1722,EMP-30,0,0.03516893693200813,0
TSK-1722,EMP-9,0,0.15004625414294864,0
TSK-1722,EMP-67,0,4.63280781523389e-05,0
TSK-1722,EMP-40,0,0.07093615305814645,0
TSK-1722,EMP-29,0,0.12791681972139388,0
TSK-1722,EMP-18,0,0.04382286472341196,0
TSK-1722,EMP-52,0,0.0037445974940563493,0
TSK-1722,EMP-1,0,2.2701839618429725e-07,0
TSK-1722,EMP-4,0,0.1765991580846702,0
TSK-1722,EMP-5,0,0.8683759890275019,1
TSK-1722,EMP-12,0,0.19897313859779842,0
TSK-1722,EMP-6,0,0.08080144111326644,0
TSK-1722,EMP-68,0,0.09359751153357583,0
TSK-1722,EMP-42,0,0.13031028354275256,0
TSK-1722,EMP-56,0,0.03235066504899699,0
TSK-1722,EMP-25,0,0.0009877823016578612,0
TSK-1722,EMP-27,0,0.31583083134256695,0
TSK-1722,EMP-14,0,0.09109834494929807,0
TSK-1723,EMP-11,1,0.8120018574725778,1
TSK-1723,EMP-1,0,9.69675163247972e-07,0
TSK-1723,EMP-58,0,9.222990658968664e-07,0
TSK-1723,EMP-57,0,1.0293668272051638e-06,0
TSK-1723,EMP-15,0,3.1192680817763973e-06,0
TSK-1723,EMP-44,0,1.5088460928190743e-06,0
TSK-1723,EMP-28,0,2.25931542912661e-06,0
TSK-1723,EMP-6,0,0.1434420623756942,0
TSK-1723,EMP-16,0,3.0260899245881594e-06,0
TSK-1723,EMP-4,0,2.5784043267420957e-06,0
TSK-1723,EMP-21,0,0.16435422796317234,0
TSK-1723,EMP-52,0,2.4792184331750514e-06,0
TSK-1723,EMP-7,0,1.8002181977888301e-06,0
TSK-1723,EMP-68,0,2.1266081183143023e-06,0
TSK-1723,EMP-14,0,1.8870187893008396e-06,0
TSK-1723,EMP-30,0,1.5386728300775383e-06,0
TSK-1723,EMP-27,0,2.2628074278504407e-06,0
TSK-1723,EMP-17,0,3.010117953822749e-06,0
TSK-1723,EMP-50,0,2.8869121237812446e-06,0
TSK-1723,EMP-20,0,3.0454826881918134e-06,0
TSK-1723,EMP-55,0,1.5514530698952882e-06,0
TSK-173,EMP-6,1,0.76133594606804,1
TSK-173,EMP-11,0,0.054040612559037096,0
TSK-173,EMP-57,0,9.122467863519771e-10,0
TSK-173,EMP-67,0,3.322132458654083e-10,0
TSK-173,EMP-58,0,8.173609705307766e-10,0
TSK-173,EMP-62,0,1.4814131013097165e-09,0
TSK-173,EMP-34,0,2.8330153728980634e-08,0
TSK-173,EMP-17,0,1.0061224625292359e-06,0
TSK-173,EMP-24,0,4.5606932166907416e-08,0
TSK-173,EMP-56,0,1.4964747028877849e-09,0
TSK-173,EMP-59,0,5.246627220305737e-10,0
TSK-173,EMP-22,0,0.07925295586244788,0
TSK-173,EMP-50,0,4.9686555492106284e-08,0
TSK-173,EMP-66,0,2.3323052669390955e-09,0
TSK-173,EMP-27,0,1.4688282840340196e-05,0
TSK-173,EMP-46,0,7.538149082598973e-07,0
TSK-173,EMP-63,0,3.011547754270948e-08,0
TSK-173,EMP-45,0,1.3009463773785077e-05,0
TSK-173,EMP-44,0,5.043265587863784e-07,0
TSK-173,EMP-65,0,6.127188487477333e-07,0
TSK-173,EMP-14,0,6.307296261067714e-07,0
TSK-1734,EMP-5,1,0.7663849036566882,1
TSK-1734,EMP-32,0,0.028754833676425638,0
TSK-1734,EMP-28,0,0.051729498087540425,0
TSK-1734,EMP-44,0,0.017463395875830193,0
TSK-1734,EMP-34,0,0.03214832691118253,0
TSK-1734,EMP-30,0,0.017802465599932073,0
TSK-1734,EMP-16,0,0.10267606209015585,0
TSK-1734,EMP-59,0,2.1531609331153103e-07,0
TSK-1734,EMP-62,0,0.01768311213783992,0
TSK-1734,EMP-4,0,0.09636989091046662,0
TSK-1734,EMP-65,0,0.019358773081653364,0
TSK-1734,EMP-15,0,0.0354418854269072,0
TSK-1734,EMP-14,0,0.04747274618070016,0
TSK-1734,EMP-17,0,0.11071904834743951,0
TSK-1734,EMP-6,0,0.04187966337848243,0
TSK-1734,EMP-11,0,0.4185630049219717,0
TSK-1734,EMP-27,0,0.18668980166740162,0
TSK-1734,EMP-48,0,0.03142788264579691,0
TSK-1734,EMP-29,0,0.06797812778503332,0
TSK-1734,EMP-31,0,0.08377712085298866,0
TSK-1734,EMP-25,0,0.010879336259392173,0
TSK-1737,EMP-11,1,0.33389948000014297,0
TSK-1737,EMP-16,1,0.5625038491277157,1
TSK-1737,EMP-10,0,4.382137349343221e-06,0
TSK-1737,EMP-14,0,3.8656552354076884e-06,0
TSK-1737,EMP-7,0,3.6878400861673225e-06,0
TSK-1737,EMP-55,0,3.1782326844682e-06,0
TSK-1737,EMP-30,0,3.1520517376132667e-06,0
TSK-1737,EMP-56,0,3.459185915272295e-06,0
TSK-1737,EMP-57,0,2.1087128892173515e-06,0
TSK-1737,EMP-34,0,3.372027735435699e-06,0
TSK-1737,EMP-62,0,3.424370290521523e-06,0
TSK-1737,EMP-51,0,3.885307928310404e-06,0
TSK-1737,EMP-66,0,5.391245126305665e-06,0
TSK-1737,EMP-48,0,4.715970172790433e-06,0
TSK-1737,EMP-41,0,4.148031783925432e-06,0
TSK-1737,EMP-31,0,4.528679140070727e-06,0
TSK-1737,EMP-1,0,1.9864314538176365e-06,0
TSK-1737,EMP-22,0,3.6415089932926263e-06,0
TSK-1737,EMP-27,0,4.6354758008106734e-06,0
TSK-1737,EMP-68,0,4.356465228434456e-06,0
TSK-1737,EMP-40,0,4.61168787424031e-06,0
TSK-1737,EMP-32,0,6.160502775588287e-06,0
TSK-1745,EMP-11,1,4.207091716700845e-06,0
TSK-1745,EMP-5,0,1.8606554920842145e-06,0
TSK-1745,EMP-31,0,0.29858656829503427,0
TSK-1745,EMP-27,0,5.152448549949649e-06,0
TSK-1745,EMP-63,0,1.3421766364643504e-07,0
TSK-1745,EMP-4,0,0.33177583036559244,0
TSK-1745,EMP-24,0,6.033808023227989e-06,0
TSK-1745,EMP-29,0,7.523859948271904e-06,0
TSK-1745,EMP-7,0,0.25741881830522295,0
TSK-1745,EMP-34,0,3.7480946100386907e-06,0
TSK-1745,EMP-52,0,5.645218295447241e-06,0
TSK-1745,EMP-6,0,4.509018747146201e-06,0
TSK-1745,EMP-48,0,5.241920032462519e-06,0
TSK-1745,EMP-46,0,5.135274719766332e-06,0
TSK-1745,EMP-30,0,3.5035857783721343e-06,0
TSK-1745,EMP-17,0,6.854079977961244e-06,0
TSK-1745,EMP-1,0,2.207969435586173e-06,0
TSK-1745,EMP-21,0,5.295665961703888e-06,0
TSK-1745,EMP-42,0,5.368331733340387e-06,0
TSK-1745,EMP-41,0,4.610642451926806e-06,0
TSK-1745,EMP-49,0,4.200597371396886e-06,0
TSK-1746,EMP-5,1,0.777746514195011,1
TSK-1746,EMP-27,1,0.1966931738507658,0
TSK-1746,EMP-14,0,0.05047946690878415,0
TSK-1746,EMP-45,0,0.13155066609786153,0
TSK-1746,EMP-17,0,0.11723848561797345,0
TSK-1746,EMP-32,0,0.030614144143744585,0
TSK-1746,EMP-30,0,0.01896741741538431,0
TSK-1746,EMP-28,0,0.05499025876848098,0
TSK-1746,EMP-49,0,0.024729214177692138,0
TSK-1746,EMP-65,0,0.020623427646165197,0
TSK-1746,EMP-10,0,0.11903814085369352,0
TSK-1746,EMP-15,0,0.03771679479435318,0
TSK-1746,EMP-6,0,0.04454870968808645,0
TSK-1746,EMP-48,0,0.03345408114721774,0
TSK-1746,EMP-4,0,0.10214145685704004,0
TSK-1746,EMP-57,0,0.010694376196145222,0
TSK-1746,EMP-67,0,0.012149298124519854,0
TSK-1746,EMP-24,0,0.04176033056374139,0
TSK-1746,EMP-68,0,0.05192797098922284,0
TSK-1746,EMP-66,0,0.032010476630241105,0
TSK-1746,EMP-46,0,0.06498487764404919,0
TSK-1746,EMP-42,0,0.073623850423679,0
TSK-1751,EMP-8,1,0.15688965551765038,0
TSK-1751,EMP-15,0,0.03123145134297291,0
TSK-1751,EMP-55,0,0.15306446163512272,0
TSK-1751,EMP-21,0,0.1263170639825545,0
TSK-1751,EMP-4,0,0.0855633924560994,0
TSK-1751,EMP-56,0,0.014375852728250012,0
TSK-1751,EMP-31,0,0.07426666446419311,0
TSK-1751,EMP-32,0,0.02531795779030689,0
TSK-1751,EMP-16,0,0.0912338132607881,0
TSK-1751,EMP-12,0,0.09777326787951263,0
TSK-1751,EMP-34,0,0.02831767487882724,0
TSK-1751,EMP-1,0,9.904172053732882e-08,0
TSK-1751,EMP-18,0,0.01960295189966903,0
TSK-1751,EMP-48,0,0.027680620385469628,0
TSK-1751,EMP-52,0,0.03538623125204257,0
TSK-1751,EMP-17,0,0.09847885476463569,0
TSK-1751,EMP-10,0,0.10002317131382066,0
TSK-1751,EMP-24,0,0.034604710488214674,0
TSK-1751,EMP-63,0,0.014888997934116625,0
TSK-1751,EMP-42,0,0.061358028158963004,0
TSK-1751,EMP-45,0,0.11078832222819283,0
TSK-1779,EMP-41,1,0.4575951919569266,0
TSK-1779,EMP-27,1,0.1579247514220792,0
TSK-1779,EMP-7,0,0.1894042095977241,0
TSK-1779,EMP-44,0,1.478742573111948e-06,0
TSK-1779,EMP-66,0,2.5792305700380186e-06,0
TSK-1779,EMP-30,0,1.5079742275298625e-06,0
TSK-1779,EMP-6,0,1.94072255861485e-06,0
TSK-1779,EMP-8,0,0.13675234397185634,0
TSK-1779,EMP-45,0,0.4110267762172936,0
TSK-1779,EMP-25,0,1.0949375787436107e-06,0
TSK-1779,EMP-52,0,2.4297547202494153e-06,0
TSK-1779,EMP-59,0,1.8126569047861567e-06,0
TSK-1779,EMP-65,0,0.14250752889017562,0
TSK-1779,EMP-16,0,2.965715428702521e-06,0
TSK-1779,EMP-46,0,2.2102695968341937e-06,0
TSK-1779,EMP-48,0,2.2561708599505005e-06,0
TSK-1779,EMP-4,0,2.526961728010163e-06,0
TSK-1779,EMP-63,0,0.12665497294067096,0
TSK-1779,EMP-14,0,1.8493702269140458e-06,0
TSK-1779,EMP-12,0,2.6755121161078078e-06,0
TSK-1779,EMP-42,0,0.2185981238799842,0
TSK-1779,EMP-24,0,2.5970079460541344e-06,0
TSK-1788,EMP-41,1,0.5509457771013657,1
TSK-1788,EMP-42,1,0.1217580274320586,0
TSK-1788,EMP-17,1,0.188097470977059,0
TSK-1788,EMP-65,1,0.0016393116640337454,0
TSK-1788,EMP-51,1,0.05617557993424552,0
TSK-1788,EMP-45,1,0.20901180670160413,0
TSK-1788,EMP-27,1,0.29929299062541875,0
TSK-1788,EMP-5,1,0.8592418149456394,1
TSK-1788,EMP-22,1,0.14067317181999073,0
TSK-1788,EMP-55,1,0.2770897147831357,0
TSK-1788,EMP-66,0,0.0025719704420411773,0
TSK-1788,EMP-68,0,0.08721309042390096,0
TSK-1788,EMP-8,0,0.2829787896409729,0
TSK-1788,EMP-15,0,0.003046979184403021,0
TSK-1788,EMP-12,0,0.1868828860757592,0
TSK-1788,EMP-7,0,0.3078419927998748,0
TSK-1788,EMP-10,0,0.19074980232691172,0
TSK-1788,EMP-56,0,0.030005679212249562,0
TSK-1788,EMP-18,0,0.04068126021251915,0
TSK-1788,EMP-40,0,0.06598496618169503,0
TSK-1788,EMP-46,0,0.10813028347635671,0
TSK-1788,EMP-29,0,0.11950006246125469,0
TSK-1788,EMP-31,0,0.14540528988421556,0
TSK-1788,EMP-52,0,0.07218612170731777,0
TSK-1788,EMP-62,0,0.032411093147226726,0
TSK-1788,EMP-63,0,6.404508560470681e-05,0
TSK-1788,EMP-48,0,0.0026916524942354448,0
TSK-1788,EMP-59,0,8.005595221817529e-10,0
TSK-1788,EMP-30,0,0.03262655248574199,0
TSK-1788,EMP-4,0,0.1655873835608522,0
TSK-1789,EMP-5,1,0.8712770550217589,1
TSK-1789,EMP-46,1,0.1185020335532582,0
TSK-1789,EMP-27,1,0.32139328633629244,0
TSK-1789,EMP-55,1,0.2982483303158985,0
TSK-1789,EMP-25,0,0.001013392606103799,0
TSK-1789,EMP-63,0,0.0015862516081301449,0
TSK-1789,EMP-20,0,0.05825787465876978,0
TSK-1789,EMP-66,0,0.06011814439589214,0
TSK-1789,EMP-44,0,0.03537470906296216,0
TSK-1789,EMP-48,0,0.06274717671291419,0
TSK-1789,EMP-45,0,0.22660147088184637,0
TSK-1789,EMP-11,0,0.5976331306670271,1
TSK-1789,EMP-6,0,0.0827250309938439,0
TSK-1789,EMP-57,0,0.0009337717769293464,0
TSK-1789,EMP-16,0,0.19099622042621764,0
TSK-1789,EMP-29,0,0.13080244533282645,0
TSK-1789,EMP-52,0,0.0038414091083073644,0
TSK-1789,EMP-67,0,4.7530390968531855e-05,0
TSK-1789,EMP-32,0,0.05756864262548808,0
TSK-1789,EMP-42,0,0.13324165299057966,0
TSK-1789,EMP-62,0,0.0016574925817547778,0
TSK-1789,EMP-10,0,0.20720519607255392,0
TSK-1789,EMP-22,0,0.1536287138587091,0
TSK-1789,EMP-49,0,0.04675216696575351,0
TSK-1792,EMP-32,1,0.31181513942703687,0
TSK-1792,EMP-7,1,0.1476276345724363,0
TSK-1792,EMP-49,1,0.09388004009194205,0
TSK-1792,EMP-52,0,1.5051937278887421e-06,0
TSK-1792,EMP-42,0,1.4313667232243645e-06,0
TSK-1792,EMP-58,0,5.599498218856369e-07,0
TSK-1792,EMP-21,0,0.1698166349976901,0
TSK-1792,EMP-29,0,2.0061017685668618e-06,0
TSK-1792,EMP-1,0,5.887129946574267e-07,0
TSK-1792,EMP-27,0,1.3738052333992912e-06,0
TSK-1792,EMP-66,0,1.5977916887084921e-06,0
TSK-1792,EMP-14,0,1.145654673755992e-06,0
TSK-1792,EMP-16,0,1.8372130878795394e-06,0
TSK-1792,EMP-5,0,4.961082205709036e-07,0
TSK-1792,EMP-59,0,0.10203136187601193,0
TSK-1792,EMP-20,0,1.8489869223062513e-06,0
TSK-1792,EMP-12,0,1.6574366124669043e-06,0
TSK-1792,EMP-55,0,0.08014911974391137,0
TSK-1792,EMP-9,0,1.844709456528567e-06,0
TSK-1792,EMP-51,0,1.1514791096297843e-06,0
TSK-1792,EMP-57,0,0.05947631984073613,0
TSK-1792,EMP-11,0,0.10193598356986232,0
TSK-1792,EMP-18,0,1.4054047817105624e-06,0
TSK-1793,EMP-7,1,0.5207516147275221,1
TSK-1793,EMP-68,0,9.692068756267588e-06,0
TSK-1793,EMP-18,0,1.0550002809018515e-05,0
TSK-1793,EMP-67,0,4.783707582133204e-07,0
TSK-1793,EMP-52,0,1.012685866418695e-06,0
TSK-1793,EMP-62,0,6.827999455204478e-07,0
TSK-1793,EMP-11,0,0.43787294037410235,0
TSK-1793,EMP-27,0,1.0312795459404252e-05,0
TSK-1793,EMP-25,0,4.563534492416626e-07,0
TSK-1793,EMP-50,0,1.1792167125236994e-06,0
TSK-1793,EMP-45,0,9.134074642843106e-06,0
TSK-1793,EMP-9,0,1.3847707487182401e-05,0
TSK-1793,EMP-14,0,8.60014183217324e-06,0
TSK-1793,EMP-31,0,0.07094618648344247,0
TSK-1793,EMP-12,0,1.2441918847545193e-05,0
TSK-1793,EMP-34,0,6.723631097772753e-07,0
TSK-1793,EMP-6,0,9.02495533473992e-06,0
TSK-1793,EMP-28,0,0.07239419255621857,0
TSK-1793,EMP-5,0,3.7241755228391485e-06,0
TSK-1793,EMP-8,0,8.711183679782076e-06,0
TSK-1793,EMP-29,0,1.5059217704812088e-05,0
TSK-1795,EMP-31,1,0.24249886310950364,0
TSK-1795,EMP-17,0,3.0089204601385854e-06,0
TSK-1795,EMP-65,0,0.13417068187549208,0
TSK-1795,EMP-11,0,0.13508851875043568,0
TSK-1795,EMP-9,0,3.0372284852344623e-06,0
TSK-1795,EMP-66,0,2.6306902628274217e-06,0
TSK-1795,EMP-41,0,2.0240555978645123e-06,0
TSK-1795,EMP-34,0,1.645399374356379e-06,0
TSK-1795,EMP-4,0,2.5773785781580526e-06,0
TSK-1795,EMP-32,0,3.006055311863359e-06,0
TSK-1795,EMP-7,0,0.13207969876443626,0
TSK-1795,EMP-44,0,1.5082458384749876e-06,0
TSK-1795,EMP-51,0,1.895857749757295e-06,0
TSK-1795,EMP-67,0,1.1706638210889317e-06,0
TSK-1795,EMP-15,0,3.118027165813337e-06,0
TSK-1795,EMP-48,0,2.301185019963348e-06,0
TSK-1795,EMP-5,0,0.0702517043642991,0
TSK-1795,EMP-20,0,3.044271125651298e-06,0
TSK-1795,EMP-68,0,2.1257621042781464e-06,0
TSK-1795,EMP-57,0,0.08005064374802046,0
TSK-1795,EMP-21,0,0.2872296601919253,0
TSK-1798,EMP-10,1,0.24947681633634905,0
TSK-1798,EMP-1,0,9.50861009941116e-07,0
TSK-1798,EMP-59,0,1.8136719982788013e-06,0
TSK-1798,EMP-24,0,2.598462277422945e-06,0
TSK-1798,EMP-50,0,2.8308988244570427e-06,0
TSK-1798,EMP-25,0,1.0955507476264093e-06,0
TSK-1798,EMP-48,0,2.2574343220739023e-06,0
TSK-1798,EMP-63,0,1.7158356526117167e-06,0
TSK-1798,EMP-56,0,1.6558374224487092e-06,0
TSK-1798,EMP-14,0,1.8504058799429892e-06,0
TSK-1798,EMP-7,0,0.16345376159116745,0
TSK-1798,EMP-12,0,2.677010409903308e-06,0
TSK-1798,EMP-51,0,1.859813219694637e-06,0
TSK-1798,EMP-29,0,3.2401565921372143e-06,0
TSK-1798,EMP-46,0,2.2115073541760394e-06,0
TSK-1798,EMP-67,0,1.148406846737094e-06,0
TSK-1798,EMP-68,0,2.085346583228298e-06,0
TSK-1798,EMP-27,0,0.4188489115317489,0
TSK-1798,EMP-22,0,0.12847249880789172,0
TSK-1798,EMP-55,0,1.5213509693573855e-06,0
TSK-1798,EMP-20,0,2.986392733402496e-06,0
TSK-180,EMP-11,1,5.600369844803005e-06,0
TSK-180,EMP-46,0,6.835940545531809e-06,0
TSK-180,EMP-16,0,9.172375316655273e-06,0
TSK-180,EMP-56,0,5.118327689001308e-06,0
TSK-180,EMP-6,0,0.33669450502082043,0
TSK-180,EMP-63,0,5.303786416255094e-06,0
TSK-180,EMP-45,0,6.074859486669588e-06,0
TSK-180,EMP-9,0,9.209801024535054e-06,0
TSK-180,EMP-50,0,8.750516227495713e-06,0
TSK-180,EMP-59,0,5.606205306091377e-06,0
TSK-180,EMP-48,0,6.977903690885951e-06,0
TSK-180,EMP-52,0,7.5147625439634566e-06,0
TSK-180,EMP-55,0,4.702620483991826e-06,0
TSK-180,EMP-18,0,7.016563532508546e-06,0
TSK-180,EMP-28,0,6.8482172921407044e-06,0
TSK-180,EMP-62,0,5.066813405624892e-06,0
TSK-180,EMP-14,0,5.7197522350007085e-06,0
TSK-180,EMP-24,0,8.032041689475785e-06,0
TSK-180,EMP-58,0,2.7955908601269536e-06,0
TSK-180,EMP-29,0,1.0015553480728353e-05,0
TSK-180,EMP-67,0,3.5498224156298257e-06,0
TSK-1803,EMP-11,1,0.8278903084407843,1
TSK-1803,EMP-57,0,1.1463945837592321e-06,0
TSK-1803,EMP-40,0,2.5071312775138317e-06,0
TSK-1803,EMP-20,0,3.391720003165952e-06,0
TSK-1803,EMP-12,0,3.04034698305461e-06,0
TSK-1803,EMP-29,0,3.679925759768404e-06,0
TSK-1803,EMP-62,0,1.861648368972546e-06,0
TSK-1803,EMP-63,0,6.564571597078912e-08,0
TSK-1803,EMP-56,0,1.8805758060924604e-06,0
TSK-1803,EMP-32,0,3.349142555152389e-06,0
TSK-1803,EMP-48,0,2.5638241808923055e-06,0
TSK-1803,EMP-1,0,1.0799166374103662e-06,0
TSK-1803,EMP-15,0,3.4738939414989073e-06,0
TSK-1803,EMP-31,0,2.4620037169494064e-06,0
TSK-1803,EMP-65,0,2.0415412869673352e-06,0
TSK-1803,EMP-59,0,6.938881814508464e-08,0
TSK-1803,EMP-46,0,2.5116637993666455e-06,0
TSK-1803,EMP-30,0,1.7136030128654313e-06,0
TSK-1803,EMP-44,0,1.680385309229313e-06,0
TSK-1803,EMP-34,0,1.8331924562101343e-06,0
TSK-1803,EMP-17,0,3.352334707566275e-06,0
TSK-1810,EMP-11,1,0.30356178405645184,0
TSK-1810,EMP-57,0,1.7976103670911837e-07,0
TSK-1810,EMP-9,0,5.920345213558481e-06,0
TSK-1810,EMP-48,0,4.0202234906879527e-07,0
TSK-1810,EMP-15,0,5.447269297477743e-07,0
TSK-1810,EMP-41,0,0.2501807206115103,0
TSK-1810,EMP-24,0,4.627555235292546e-07,0
TSK-1810,EMP-66,0,4.595878026159371e-07,0
TSK-1810,EMP-25,0,1.9510444232035873e-07,0
TSK-1810,EMP-52,0,4.3295295448653566e-07,0
TSK-1810,EMP-49,0,3.5945291348745607e-06,0
TSK-1810,EMP-18,0,4.510460722590221e-06,0
TSK-1810,EMP-27,0,4.409046460482e-06,0
TSK-1810,EMP-51,0,0.027246474737049345,0
TSK-1810,EMP-44,0,2.939966167905216e-06,0
TSK-1810,EMP-65,0,3.201252521834267e-07,0
TSK-1810,EMP-5,0,0.20147500180029418,0
TSK-1810,EMP-10,0,0.0558886436588864,0
TSK-1810,EMP-1,0,1.6933691607488644e-07,0
TSK-1810,EMP-67,0,2.0451748822114813e-07,0
TSK-1810,EMP-14,0,3.676829224138395e-06,0
TSK-1812,EMP-16,1,0.1307840660641154,0
TSK-1812,EMP-6,0,0.054352509941391576,0
TSK-1812,EMP-40,0,0.047549405080037944,0
TSK-1812,EMP-14,0,0.06150442731407544,0
TSK-1812,EMP-17,0,0.14068365227822582,0
TSK-1812,EMP-31,0,0.10733029010516924,0
TSK-1812,EMP-62,0,0.02312352022665654,0
TSK-1812,EMP-32,0,0.03747164240929009,0
TSK-1812,EMP-67,0,0.01493443393656035,0
TSK-1812,EMP-41,0,0.4643827777826123,0
TSK-1812,EMP-25,0,0.014256866794175054,0
TSK-1812,EMP-49,0,0.030309717995354223,0
TSK-1812,EMP-58,0,0.011798741533679056,0
TSK-1812,EMP-56,0,0.021392151388815017,0
TSK-1812,EMP-1,0,1.484368205831594e-07,0
TSK-1812,EMP-46,0,0.07891459349420113,0
TSK-1812,EMP-29,0,0.08751381180744655,0
TSK-1812,EMP-48,0,0.0038094283394673797,0
TSK-1812,EMP-11,0,0.4862831354832977,0
TSK-1812,EMP-45,0,0.15734780016585712,0
TSK-1812,EMP-66,0,0.0036402267405159865,0
TSK-1817,EMP-11,1,0.7884129625720491,1
TSK-1817,EMP-58,0,0.00783130643035541,0
TSK-1817,EMP-20,0,3.438764048975608e-06,0
TSK-1817,EMP-14,0,2.130701109648108e-06,0
TSK-1817,EMP-22,0,0.18177791110786917,0
TSK-1817,EMP-9,0,3.4308087887034646e-06,0
TSK-1817,EMP-18,0,2.6137866214942458e-06,0
TSK-1817,EMP-59,0,0.015582058324569487,0
TSK-1817,EMP-42,0,2.6620708544536398e-06,0
TSK-1817,EMP-46,0,2.546501265948395e-06,0
TSK-1817,EMP-24,0,2.992071031835366e-06,0
TSK-1817,EMP-65,0,2.069858038706914e-06,0
TSK-1817,EMP-10,0,0.2951200036211391,0
TSK-1817,EMP-68,0,2.401230005221558e-06,0
TSK-1817,EMP-48,0,2.3296928779007298e-07,0
TSK-1817,EMP-32,0,3.395596042598883e-06,0
TSK-1817,EMP-34,0,1.858619356449765e-06,0
TSK-1817,EMP-40,0,2.5419058769326886e-06,0
TSK-1817,EMP-62,0,0.014103993245814054,0
TSK-1817,EMP-41,0,2.2863438425701413e-06,0
TSK-1817,EMP-45,0,2.26298486395678e-06,0
TSK-1830,EMP-21,1,0.23070885612740802,0
TSK-1830,EMP-17,0,2.2392619970920877e-06,0
TSK-1830,EMP-32,0,2.237129729833097e-06,0
TSK-1830,EMP-8,0,0.10733940315837522,0
TSK-1830,EMP-51,0,1.4109116736265185e-06,0
TSK-1830,EMP-24,0,1.971273983595923e-06,0
TSK-1830,EMP-41,0,1.5063175310005385e-06,0
TSK-1830,EMP-15,0,2.3204601203868194e-06,0
TSK-1830,EMP-58,0,0.054840503450154864,0
TSK-1830,EMP-20,0,2.2655702576609148e-06,0
TSK-1830,EMP-40,0,0.13413717021522695,0
TSK-1830,EMP-27,0,0.4171210953314468,0
TSK-1830,EMP-18,0,1.7220476538916391e-06,0
TSK-1830,EMP-6,0,1.473116510881766e-06,0
TSK-1830,EMP-30,0,1.144636306242422e-06,0
TSK-1830,EMP-34,0,1.224518578266507e-06,0
TSK-1830,EMP-57,0,0.06081963129466996,0
TSK-1830,EMP-7,0,0.10173167107765053,0
TSK-1830,EMP-12,0,2.030863068807428e-06,0
TSK-1830,EMP-16,0,2.251143742398644e-06,0
TSK-1830,EMP-29,0,2.4580835510462725e-06,0
TSK-1833,EMP-7,1,3.5799567837641813e-06,0
TSK-1833,EMP-65,0,3.6454141261338673e-06,0
TSK-1833,EMP-22,0,0.2812324204268836,0
TSK-1833,EMP-32,0,5.980285148721492e-06,0
TSK-1833,EMP-4,0,5.127472309049945e-06,0
TSK-1833,EMP-49,0,3.6685747589812437e-06,0
TSK-1833,EMP-16,0,6.017747203081014e-06,0
TSK-1833,EMP-12,0,5.428895910286704e-06,0
TSK-1833,EMP-29,0,6.570935482197411e-06,0
TSK-1833,EMP-63,0,3.4796660956634037e-06,0
TSK-1833,EMP-50,0,5.740976038965578e-06,0
TSK-1833,EMP-17,0,5.98598509462775e-06,0
TSK-1833,EMP-30,0,3.0598422275148426e-06,0
TSK-1833,EMP-55,0,3.0852572843920386e-06,0
TSK-1833,EMP-18,0,4.603374023463838e-06,0
TSK-1833,EMP-48,0,4.578010305604824e-06,0
TSK-1833,EMP-14,0,3.7525701853467728e-06,0
TSK-1833,EMP-56,0,3.357991591689522e-06,0
TSK-1833,EMP-31,0,4.396198216020891e-06,0
TSK-1833,EMP-52,0,4.930229513993443e-06,0
TSK-1833,EMP-5,0,1.6249954820548344e-06,0
TSK-1837,EMP-5,1,0.7707795476825335,1
TSK-1837,EMP-30,0,0.018239694660297116,0
TSK-1837,EMP-56,0,0.016754493846706738,0
TSK-1837,EMP-45,0,0.12706292000435995,0
TSK-1837,EMP-16,0,0.10497500276631179,0
TSK-1837,EMP-6,0,0.04288241154135712,0
TSK-1837,EMP-62,0,0.018117463944545966,0
TSK-1837,EMP-9,0,0.08254988221303247,0
TSK-1837,EMP-7,0,0.19678409205313185,0
TSK-1837,EMP-11,0,0.4245880886103708,0
TSK-1837,EMP-40,0,0.03745810850734803,0
TSK-1837,EMP-1,0,1.1570849132743758e-07,0
TSK-1837,EMP-32,0,0.02945298703700228,0
TSK-1837,EMP-48,0,0.03218878542198362,0
TSK-1837,EMP-52,0,0.04109631706266999,0
TSK-1837,EMP-10,0,0.11492076444272575,0
TSK-1837,EMP-24,0,0.04019394129409452,0
TSK-1837,EMP-27,0,0.19047054023726281,0
TSK-1837,EMP-12,0,0.11237760067680397,0
TSK-1837,EMP-59,0,2.2070250806723928e-07,0
TSK-1837,EMP-57,0,0.010280738830036778,0
TSK-1857,EMP-11,1,0.7975480905273907,1
TSK-1857,EMP-4,0,2.3517039991096112e-06,0
TSK-1857,EMP-46,0,2.056976042890177e-06,0
TSK-1857,EMP-8,0,0.12848647634326824,0
TSK-1857,EMP-45,0,0.3316485975544597,0
TSK-1857,EMP-52,0,2.261238779600481e-06,0
TSK-1857,EMP-55,0,1.4150449646801472e-06,0
TSK-1857,EMP-58,0,8.41207898747875e-07,0
TSK-1857,EMP-22,0,1.621309954534831e-06,0
TSK-1857,EMP-48,0,2.0996938242314797e-06,0
TSK-1857,EMP-44,0,1.3761841073715132e-06,0
TSK-1857,EMP-15,0,2.8450136756932508e-06,0
TSK-1857,EMP-66,0,2.400347738130948e-06,0
TSK-1857,EMP-59,0,1.6869397876365075e-06,0
TSK-1857,EMP-30,0,1.4033883978145424e-06,0
TSK-1857,EMP-16,0,2.7600279690922097e-06,0
TSK-1857,EMP-67,0,1.068160678411616e-06,0
TSK-1857,EMP-56,0,1.5401340493926968e-06,0
TSK-1857,EMP-50,0,2.633087022200355e-06,0
TSK-1857,EMP-34,0,1.5013285226439134e-06,0
TSK-1857,EMP-40,0,2.053264044055373e-06,0
TSK-1859,EMP-22,1,0.08929939259586736,0
TSK-1859,EMP-21,0,0.14377016158355782,0
TSK-1859,EMP-59,0,7.04259435156559e-07,0
TSK-1859,EMP-17,0,0.15371038870538814,0
TSK-1859,EMP-40,0,0.06759086144980563,0
TSK-1859,EMP-30,0,5.858830080022766e-07,0
TSK-1859,EMP-12,0,1.0394993342834897e-06,0
TSK-1859,EMP-41,0,0.08537907896420822,0
TSK-1859,EMP-63,0,0.09549806331331538,0
TSK-1859,EMP-7,0,0.11502207776261253,0
TSK-1859,EMP-27,0,0.06791583035710663,0
TSK-1859,EMP-51,0,7.22176361442356e-07,0
TSK-1859,EMP-46,0,8.587414375876706e-07,0
TSK-1859,EMP-8,0,0.12126351460499556,0
TSK-1859,EMP-68,0,8.097523985940855e-07,0
TSK-1859,EMP-29,0,1.2581728364888731e-06,0
TSK-1859,EMP-1,0,3.692246916650797e-07,0
TSK-1859,EMP-58,0,3.5118521247666796e-07,0
TSK-1859,EMP-67,0,4.4593290785631704e-07,0
TSK-1859,EMP-11,0,0.06110312321523154,0
TSK-1859,EMP-42,0,0.4389120408220042,0
TSK-1860,EMP-11,1,0.7966081431250324,1
TSK-1860,EMP-41,0,0.14519044464062716,0
TSK-1860,EMP-12,0,2.4755237887318426e-06,0
TSK-1860,EMP-56,0,1.5312098149968954e-06,0
TSK-1860,EMP-67,0,1.0619712686369844e-06,0
TSK-1860,EMP-62,0,1.5157986375159104e-06,0
TSK-1860,EMP-18,0,2.0990928862997795e-06,0
TSK-1860,EMP-10,0,1.939755577178498e-06,0
TSK-1860,EMP-58,0,8.363335557103163e-07,0
TSK-1860,EMP-24,0,2.4028876092738108e-06,0
TSK-1860,EMP-20,0,2.7616203503858467e-06,0
TSK-1860,EMP-65,0,1.6622718104093047e-06,0
TSK-1860,EMP-8,0,0.12783714238194713,0
TSK-1860,EMP-5,0,0.0641474539249171,0
TSK-1860,EMP-48,0,2.0875272537762223e-06,0
TSK-1860,EMP-21,0,0.151353716647853,0
TSK-1860,EMP-25,0,1.013093413706276e-06,0
TSK-1860,EMP-50,0,2.6178297397279763e-06,0
TSK-1860,EMP-27,0,2.0518962757890056e-06,0
TSK-1860,EMP-31,0,2.0046225474882315e-06,0
TSK-1860,EMP-57,0,9.334217708232573e-07,0
TSK-1864,EMP-31,1,0.24503297739656993,0
TSK-1864,EMP-7,0,0.13366353827076013,0
TSK-1864,EMP-56,0,0.013989378446661744,0
TSK-1864,EMP-34,0,1.668174412452233e-06,0
TSK-1864,EMP-14,0,1.912377140836947e-06,0
TSK-1864,EMP-18,0,2.345963031024942e-06,0
TSK-1864,EMP-41,0,2.052071851165089e-06,0
TSK-1864,EMP-55,0,1.5723019909238438e-06,0
TSK-1864,EMP-58,0,0.00703450869794893,0
TSK-1864,EMP-62,0,0.01652757990383367,0
TSK-1864,EMP-63,0,1.7733000796437285e-06,0
TSK-1864,EMP-59,0,1.6799372056253439e-07,0
TSK-1864,EMP-6,0,2.00684178442928e-06,0
TSK-1864,EMP-10,0,0.23899902897075148,0
TSK-1864,EMP-57,0,0.007844724701413815,0
TSK-1864,EMP-22,0,0.17905843933574667,0
TSK-1864,EMP-29,0,3.348671325732458e-06,0
TSK-1864,EMP-17,0,3.0505688188542863e-06,0
TSK-1864,EMP-9,0,3.079268671906041e-06,0
TSK-1864,EMP-52,0,2.5125349296447107e-06,0
TSK-1864,EMP-12,0,2.7666651016665997e-06,0
TSK-1880,EMP-45,1,0.44813444554921084,0
TSK-1880,EMP-17,1,0.6956198927284002,1
TSK-1880,EMP-59,0,5.714632275841945e-08,0
TSK-1880,EMP-6,0,8.673350614298994e-06,0
TSK-1880,EMP-32,0,1.317162486130165e-05,0
TSK-1880,EMP-68,0,9.314474096314068e-06,0
TSK-1880,EMP-41,0,8.86882868135841e-06,0
TSK-1880,EMP-40,0,9.860157837934478e-06,0
TSK-1880,EMP-4,0,1.1293309486544148e-05,0
TSK-1880,EMP-11,0,8.092579283152677e-06,0
TSK-1880,EMP-62,0,2.4664088926594223e-07,0
TSK-1880,EMP-44,0,6.608710401870598e-06,0
TSK-1880,EMP-67,0,1.727969877141765e-07,0
TSK-1880,EMP-34,0,7.209675398821348e-06,0
TSK-1880,EMP-57,0,1.518802416488485e-07,0
TSK-1880,EMP-8,0,8.371803138554902e-06,0
TSK-1880,EMP-50,0,8.919783590970559e-08,0
TSK-1880,EMP-20,0,1.333907327083198e-05,0
TSK-1880,EMP-49,0,8.080087090466577e-06,0
TSK-1880,EMP-28,0,9.895723344321479e-06,0
TSK-1880,EMP-46,0,9.87798341095558e-06,0
TSK-1880,EMP-14,0,8.265087354113766e-06,0
TSK-1884,EMP-16,1,0.6599707277031599,1
TSK-1884,EMP-32,0,1.1127421995554144e-05,0
TSK-1884,EMP-44,0,5.583049575098089e-06,0
TSK-1884,EMP-68,0,7.868886563528985e-06,0
TSK-1884,EMP-50,0,4.775002347523413e-07,0
TSK-1884,EMP-5,0,0.20363149209692374,0
TSK-1884,EMP-18,0,8.565435392038678e-06,0
TSK-1884,EMP-8,0,7.072515196284941e-06,0
TSK-1884,EMP-42,0,8.723662910511038e-06,0
TSK-1884,EMP-45,0,7.415856355378282e-06,0
TSK-1884,EMP-55,0,5.740703738677998e-06,0
TSK-1884,EMP-46,0,8.344941102564124e-06,0
TSK-1884,EMP-6,0,7.327263419592238e-06,0
TSK-1884,EMP-12,0,1.01014655539477e-05,0
TSK-1884,EMP-29,0,1.222642951416809e-05,0
TSK-1884,EMP-14,0,6.98236138320593e-06,0
TSK-1884,EMP-27,0,8.372848886991081e-06,0
TSK-1884,EMP-15,0,1.1541901253398205e-05,0
TSK-1884,EMP-24,0,9.80507315534785e-06,0
TSK-1884,EMP-9,0,1.1242813820625976e-05,0
TSK-1884,EMP-56,0,2.7929715422290865e-07,0
TSK-1895,EMP-10,1,0.29713761912480413,0
TSK-1895,EMP-20,0,3.7981125178706127e-06,0
TSK-1895,EMP-41,0,2.525265499671768e-06,0
TSK-1895,EMP-29,0,4.120850659048988e-06,0
TSK-1895,EMP-7,0,0.19903878587096926,0
TSK-1895,EMP-52,0,3.0919078672893632e-06,0
TSK-1895,EMP-44,0,1.8817277901975234e-06,0
TSK-1895,EMP-14,0,2.353358226193757e-06,0
TSK-1895,EMP-49,0,2.3006819035053627e-06,0
TSK-1895,EMP-51,0,2.365322535991789e-06,0
TSK-1895,EMP-1,0,1.2093115089476554e-06,0
TSK-1895,EMP-59,0,2.306639859744903e-06,0
TSK-1895,EMP-65,0,2.2861571016967476e-06,0
TSK-1895,EMP-27,0,0.4782483185204972,0
TSK-1895,EMP-66,0,3.2821185199235846e-06,0
TSK-1895,EMP-46,0,2.8126091523122482e-06,0
TSK-1895,EMP-25,0,1.3933288480501506e-06,0
TSK-1895,EMP-4,0,3.215605499223311e-06,0
TSK-1895,EMP-68,0,2.652157170440109e-06,0
TSK-1895,EMP-15,0,3.8901324173973715e-06,0
TSK-1895,EMP-17,0,3.754008133071428e-06,0
TSK-1896,EMP-11,1,0.22039850638508424,0
TSK-1896,EMP-56,0,2.1340088712080943e-06,0
TSK-1896,EMP-15,0,3.942047362822718e-06,0
TSK-1896,EMP-10,0,0.29991374350630096,0
TSK-1896,EMP-8,0,2.41555591375952e-06,0
TSK-1896,EMP-31,0,0.20536550611799112,0
TSK-1896,EMP-1,0,1.2254501656321391e-06,0
TSK-1896,EMP-30,0,1.944534275950299e-06,0
TSK-1896,EMP-22,0,2.2464860893245744e-06,0
TSK-1896,EMP-9,0,3.839895600475138e-06,0
TSK-1896,EMP-32,0,3.8004841315100316e-06,0
TSK-1896,EMP-34,0,2.080239986333459e-06,0
TSK-1896,EMP-66,0,3.325919370522503e-06,0
TSK-1896,EMP-58,0,1.165577504742887e-06,0
TSK-1896,EMP-49,0,2.3313852202627322e-06,0
TSK-1896,EMP-68,0,2.687551021527308e-06,0
TSK-1896,EMP-41,0,0.17790586594314906,0
TSK-1896,EMP-48,0,2.9093339522620743e-06,0
TSK-1896,EMP-24,0,3.3488432903467665e-06,0
TSK-1896,EMP-55,0,1.9606856004713946e-06,0
TSK-1896,EMP-67,0,1.4800431036190589e-06,0
TSK-1910,EMP-11,1,0.08414022613511428,0
TSK-1910,EMP-51,0,9.319886571505369e-07,0
TSK-1910,EMP-55,0,0.06587785708916605,0
TSK-1910,EMP-18,0,1.1375120640086624e-06,0
TSK-1910,EMP-14,0,9.272744514747949e-07,0
TSK-1910,EMP-68,0,1.0450079394475214e-06,0
TSK-1910,EMP-48,0,1.1312445666576738e-06,0
TSK-1910,EMP-4,0,1.2670193386799203e-06,0
TSK-1910,EMP-15,0,1.5327984165766697e-06,0
TSK-1910,EMP-67,0,5.754888521927277e-07,0
TSK-1910,EMP-40,0,1.1062297355947925e-06,0
TSK-1910,EMP-28,0,0.30142292621705824,0
TSK-1910,EMP-59,0,0.0842205150343716,0
TSK-1910,EMP-56,0,0.116210017542673,0
TSK-1910,EMP-29,0,1.6237067458156366e-06,0
TSK-1910,EMP-42,0,1.1585252483374256e-06,0
TSK-1910,EMP-32,0,0.2683266407507107,0
TSK-1910,EMP-62,0,0.07673916579301601,0
TSK-1910,EMP-25,0,5.490016255447684e-07,0
TSK-1910,EMP-6,0,9.730785657641045e-07,0
TSK-1910,EMP-66,0,1.2932269848394353e-06,0
TSK-1934,EMP-7,1,0.1486383725377955,0
TSK-1934,EMP-32,1,0.3135364985862435,0
TSK-1934,EMP-30,0,9.416777277312474e-07,0
TSK-1934,EMP-45,0,1.22656746380869e-06,0
TSK-1934,EMP-27,0,1.384853176047711e-06,0
TSK-1934,EMP-40,0,1.3777464854697288e-06,0
TSK-1934,EMP-22,0,0.08425019331876639,0
TSK-1934,EMP-42,0,1.4428775663664685e-06,0
TSK-1934,EMP-56,0,0.1407192958186328,0
TSK-1934,EMP-17,0,1.8422127159430092e-06,0
TSK-1934,EMP-34,0,1.0073958709773843e-06,0
TSK-1934,EMP-31,0,0.18996805591259358,0
TSK-1934,EMP-16,0,1.8519876824528622e-06,0
TSK-1934,EMP-6,0,1.2119142839355062e-06,0
TSK-1934,EMP-21,0,0.17094882265828354,0
TSK-1934,EMP-62,0,0.09380743426302394,0
TSK-1934,EMP-65,0,1.121890093415678e-06,0
TSK-1934,EMP-50,0,0.1762188722153132,0
TSK-1934,EMP-1,0,5.934473430137996e-07,0
TSK-1934,EMP-52,0,1.5172982761709331e-06,0
TSK-1934,EMP-49,0,0.09456361805500803,0
TSK-1934,EMP-68,0,1.301498225160397e-06,0
TSK-1940,EMP-31,1,0.1878807672718612,0
TSK-1940,EMP-57,0,0.059163156507564964,0
TSK-1940,EMP-10,0,0.1352185727247268,0
TSK-1940,EMP-12,0,1.6481608693078863e-06,0
TSK-1940,EMP-50,0,0.1742501562947604,0
TSK-1940,EMP-29,0,1.9948747459679765e-06,0
TSK-1940,EMP-9,0,1.8343856542144683e-06,0
TSK-1940,EMP-59,0,0.1015183169300845,0
TSK-1940,EMP-40,0,1.3591062730441175e-06,0
TSK-1940,EMP-58,0,5.568160933562434e-07,0
TSK-1940,EMP-24,0,1.5998009200452973e-06,0
TSK-1940,EMP-63,0,0.08902216691065394,0
TSK-1940,EMP-6,0,1.1955176945571525e-06,0
TSK-1940,EMP-25,0,6.744997211921162e-07,0
TSK-1940,EMP-41,0,1.2224622152403782e-06,0
TSK-1940,EMP-46,0,1.3615633386245924e-06,0
TSK-1940,EMP-56,0,0.13908022214870527,0
TSK-1940,EMP-5,0,4.933317778926445e-07,0
TSK-1940,EMP-14,0,1.1392430838158792e-06,0
TSK-1940,EMP-16,0,1.8269312384520258e-06,0
TSK-1940,EMP-28,0,0.3464543819913397,0
TSK-1941,EMP-31,1,0.16992989391587238,0
TSK-1941,EMP-63,0,0.07959095455305264,0
TSK-1941,EMP-16,0,1.6166454205456744e-06,0
TSK-1941,EMP-51,0,1.013237543573303e-06,0
TSK-1941,EMP-55,0,0.07121198342865483,0
TSK-1941,EMP-44,0,8.060789544496111e-07,0
TSK-1941,EMP-68,0,1.136109607154614e-06,0
TSK-1941,EMP-46,0,1.204842838052806e-06,0
TSK-1941,EMP-17,0,1.6081126108011616e-06,0
TSK-1941,EMP-21,0,0.15253905365459824,0
TSK-1941,EMP-32,0,0.2850508720407566,0
TSK-1941,EMP-4,0,1.3774754821725679e-06,0
TSK-1941,EMP-24,0,1.415658514740919e-06,0
TSK-1941,EMP-6,0,1.0579095835364412e-06,0
TSK-1941,EMP-25,0,5.968624969731047e-07,0
TSK-1941,EMP-67,0,6.256588259933661e-07,0
TSK-1941,EMP-30,0,8.220134639591128e-07,0
TSK-1941,EMP-58,0,4.927246504211838e-07,0
TSK-1941,EMP-5,0,4.3654759430969016e-07,0
TSK-1941,EMP-40,0,1.2026685886099803e-06,0
TSK-1941,EMP-27,0,1.20887219364281e-06,0
TSK-1944,EMP-28,1,0.2714672472868946,0
TSK-1944,EMP-12,0,5.324092092011451e-06,0
TSK-1944,EMP-31,0,0.2671843470259655,0
TSK-1944,EMP-6,0,3.861912297380057e-06,0
TSK-1944,EMP-34,0,3.210190930058099e-06,0
TSK-1944,EMP-41,0,3.948951654919992e-06,0
TSK-1944,EMP-11,0,0.24999567136459275,0
TSK-1944,EMP-44,0,2.9426033691042573e-06,0
TSK-1944,EMP-25,0,2.178856746887091e-06,0
TSK-1944,EMP-29,0,6.444084946055735e-06,0
TSK-1944,EMP-66,0,5.132498674769255e-06,0
TSK-1944,EMP-49,0,3.5977534884189844e-06,0
TSK-1944,EMP-46,0,4.398292286027237e-06,0
TSK-1944,EMP-10,0,0.2607933484133566,0
TSK-1944,EMP-59,0,3.607070391349743e-06,0
TSK-1944,EMP-56,0,3.293166061580037e-06,0
TSK-1944,EMP-30,0,3.000772409430982e-06,0
TSK-1944,EMP-67,0,2.283978063842757e-06,0
TSK-1944,EMP-24,0,5.1678743892675975e-06,0
TSK-1944,EMP-14,0,3.6801274019858044e-06,0
TSK-1944,EMP-1,0,1.8910947099141054e-06,0
TSK-1950,EMP-16,1,0.3940659874741921,0
TSK-1950,EMP-28,0,4.798546289563862e-06,0
TSK-1950,EMP-14,0,4.007829399029848e-06,0
TSK-1950,EMP-21,0,4.939549453131226e-06,0
TSK-1950,EMP-24,0,5.628054113758524e-06,0
TSK-1950,EMP-20,0,6.46827643124244e-06,0
TSK-1950,EMP-27,0,4.80596290553915e-06,0
TSK-1950,EMP-15,0,6.624988091756318e-06,0
TSK-1950,EMP-41,0,4.300591373694574e-06,0
TSK-1950,EMP-7,0,3.823474446852459e-06,0
TSK-1950,EMP-8,0,4.059577249263943e-06,0
TSK-1950,EMP-48,0,4.889417747148434e-06,0
TSK-1950,EMP-45,0,4.256653441099651e-06,0
TSK-1950,EMP-46,0,4.78994395483842e-06,0
TSK-1950,EMP-11,0,3.9241780387077526e-06,0
TSK-1950,EMP-67,0,2.4873583354998916e-06,0
TSK-1950,EMP-40,0,4.78130009243891e-06,0
TSK-1950,EMP-5,0,0.12798534969535033,0
TSK-1950,EMP-51,0,4.028204891497169e-06,0
TSK-1950,EMP-17,0,6.393165807618541e-06,0
TSK-1950,EMP-44,0,3.204631736537369e-06,0
TSK-1955,EMP-21,1,0.13781771651719896,0
TSK-1955,EMP-24,0,9.605459052424512e-07,0
TSK-1955,EMP-5,0,0.034620958186867334,0
TSK-1955,EMP-9,0,1.1013944121910455e-06,0
TSK-1955,EMP-7,0,0.11010681624610656,0
TSK-1955,EMP-42,0,0.4268314723453317,0
TSK-1955,EMP-34,0,5.966729463714016e-07,0
TSK-1955,EMP-49,0,6.687087772541102e-07,0
TSK-1955,EMP-55,0,5.623812454711968e-07,0
TSK-1955,EMP-56,0,6.12095439929272e-07,0
TSK-1955,EMP-22,0,0.08537729837732427,0
TSK-1955,EMP-58,0,3.3432109510721875e-07,0
TSK-1955,EMP-17,0,0.14741725001458988,0
TSK-1955,EMP-63,0,0.09133102199769205,0
TSK-1955,EMP-67,0,4.2451895319221995e-07,0
TSK-1955,EMP-31,0,0.19221260530292952,0
TSK-1955,EMP-46,0,8.175041961504888e-07,0
TSK-1955,EMP-28,0,0.1956145241848956,0
TSK-1955,EMP-52,0,8.986844668116666e-07,0
TSK-1955,EMP-1,0,3.514943083579504e-07,0
TSK-1955,EMP-45,0,0.0578811020215718,0
TSK-1960,EMP-52,1,0.0408669529194822,0
TSK-1960,EMP-65,0,0.019720319534589636,0
TSK-1960,EMP-31,0,0.08523717919986579,0
TSK-1960,EMP-57,0,0.0003477630761816533,0
TSK-1960,EMP-67,0,0.0003956376070387935,0
TSK-1960,EMP-18,0,0.02269663233456974,0
TSK-1960,EMP-1,0,3.875140934935651e-09,0
TSK-1960,EMP-17,0,0.1125909476146489,0
TSK-1960,EMP-14,0,0.048333473177236276,0
TSK-1960,EMP-63,0,0.017251826953009843,0
TSK-1960,EMP-21,0,0.14378215601065322,0
TSK-1960,EMP-40,0,0.03724826094829341,0
TSK-1960,EMP-50,0,1.1537072550974331e-08,0
TSK-1960,EMP-22,0,0.08227467633491595,0
TSK-1960,EMP-49,0,0.023650653827316636,0
TSK-1960,EMP-10,0,0.11432850097895024,0
TSK-1960,EMP-55,0,0.17349337600552578,0
TSK-1960,EMP-59,0,7.391448980379945e-09,0
TSK-1960,EMP-56,0,0.0005703530819774967,0
TSK-1960,EMP-4,0,0.09802593423096964,0
TSK-1960,EMP-62,0,0.0006175779745951539,0
TSK-1963,EMP-11,1,0.2708482973638119,0
TSK-1963,EMP-34,0,2.733287955176593e-06,0
TSK-1963,EMP-50,0,4.793739844634068e-06,0
TSK-1963,EMP-58,0,1.5314866987731464e-06,0
TSK-1963,EMP-17,0,4.998323668791683e-06,0
TSK-1963,EMP-22,0,2.951723401772391e-06,0
TSK-1963,EMP-68,0,3.5312509536470068e-06,0
TSK-1963,EMP-30,0,2.5549803754516496e-06,0
TSK-1963,EMP-41,0,3.3622994437816274e-06,0
TSK-1963,EMP-66,0,4.3700206995790075e-06,0
TSK-1963,EMP-57,0,1.7092736519294398e-06,0
TSK-1963,EMP-55,0,2.5762020593783243e-06,0
TSK-1963,EMP-63,0,2.9055351689175527e-06,0
TSK-1963,EMP-62,0,2.7757156513243332e-06,0
TSK-1963,EMP-6,0,0.26683752774302516,0
TSK-1963,EMP-24,0,4.400141062603478e-06,0
TSK-1963,EMP-40,0,3.738128766607639e-06,0
TSK-1963,EMP-28,0,3.7516122484714773e-06,0
TSK-1963,EMP-25,0,1.8551675335253863e-06,0
TSK-1963,EMP-52,0,4.116762435942482e-06,0
TSK-1963,EMP-42,0,3.9148432549563686e-06,0
TSK-1970,EMP-7,1,0.2767082991503782,0
TSK-1970,EMP-40,0,3.6122984728361233e-06,0
TSK-1970,EMP-14,0,3.02793654440541e-06,0
TSK-1970,EMP-41,0,3.249120014492847e-06,0
TSK-1970,EMP-34,0,2.641281825425875e-06,0
TSK-1970,EMP-49,0,2.9601608630279433e-06,0
TSK-1970,EMP-12,0,4.380559678244472e-06,0
TSK-1970,EMP-56,0,2.7095521680727233e-06,0
TSK-1970,EMP-62,0,2.6822813523831734e-06,0
TSK-1970,EMP-6,0,3.1775056882371387e-06,0
TSK-1970,EMP-5,0,1.3112029729159156e-06,0
TSK-1970,EMP-32,0,4.8254744996296866e-06,0
TSK-1970,EMP-30,0,2.468976302593619e-06,0
TSK-1970,EMP-25,0,1.7927200591148467e-06,0
TSK-1970,EMP-63,0,2.807730983762475e-06,0
TSK-1970,EMP-15,0,5.005217135799731e-06,0
TSK-1970,EMP-68,0,3.412384413340154e-06,0
TSK-1970,EMP-8,0,3.0670323608036544e-06,0
TSK-1970,EMP-67,0,1.879211825999413e-06,0
TSK-1970,EMP-45,0,3.2159246345184746e-06,0
TSK-1970,EMP-31,0,0.23076050503051523,0
TSK-1974,EMP-10,1,0.10905889165231579,0
TSK-1974,EMP-30,0,8.701456790383931e-07,0
TSK-1974,EMP-16,0,1.711306473006778e-06,0
TSK-1974,EMP-46,0,1.2753912337416745e-06,0
TSK-1974,EMP-65,0,1.0366687049689936e-06,0
TSK-1974,EMP-24,0,1.4985509979897118e-06,0
TSK-1974,EMP-41,0,0.12176002389508575,0
TSK-1974,EMP-22,0,0.1271186525093252,0
TSK-1974,EMP-51,0,1.0725666904060398e-06,0
TSK-1974,EMP-50,0,1.632598907764763e-06,0
TSK-1974,EMP-27,0,0.097649968876579,0
TSK-1974,EMP-67,0,5.9357813398389127e-08,0
TSK-1974,EMP-14,0,1.0671414105665088e-06,0
TSK-1974,EMP-42,0,0.5374204362714411,1
TSK-1974,EMP-56,0,9.549324049838082e-07,0
TSK-1974,EMP-18,0,1.3090905158637291e-06,0
TSK-1974,EMP-49,0,1.0432550530390073e-06,0
TSK-1974,EMP-55,0,8.773731270918963e-07,0
TSK-1974,EMP-4,0,1.4581321989992481e-06,0
TSK-1974,EMP-48,0,1.3018776517544286e-06,0
TSK-1974,EMP-6,0,1.1198544556421782e-06,0
TSK-198,EMP-11,1,0.378255524345414,0
TSK-198,EMP-63,0,0.014349432459727036,0
TSK-198,EMP-45,0,0.10715145465851605,0
TSK-198,EMP-58,0,0.007615148388157041,0
TSK-198,EMP-52,0,0.03412959704963386,0
TSK-198,EMP-42,0,0.05923572256469821,0
TSK-198,EMP-17,0,0.09520280915574603,0
TSK-198,EMP-9,0,0.06906199852769886,0
TSK-198,EMP-12,0,0.09451823375011986,0
TSK-198,EMP-49,0,0.019693312700637962,0
TSK-198,EMP-32,0,0.024409819895980678,0
TSK-198,EMP-51,0,0.02632036448866794,0
TSK-198,EMP-65,0,0.01640956780174878,0
TSK-198,EMP-16,0,0.08817521154237992,0
TSK-198,EMP-1,0,9.540027481313643e-08,0
TSK-198,EMP-14,0,0.04041705189248754,0
TSK-198,EMP-6,0,0.035624158274868305,0
TSK-198,EMP-59,0,1.8196659612454118e-07,0
TSK-198,EMP-46,0,0.05218992836632021,0
TSK-198,EMP-22,0,0.06920335889499762,0
TSK-198,EMP-25,0,0.009209795668298807,0
TSK-1983,EMP-22,1,0.14879605244598582,0
TSK-1983,EMP-45,0,0.12100376725495439,0
TSK-1983,EMP-18,0,1.8801677303339627e-06,0
TSK-1983,EMP-8,0,0.11605162140863706,0
TSK-1983,EMP-67,0,9.512127390310751e-07,0
TSK-1983,EMP-49,0,1.4983644667293875e-06,0
TSK-1983,EMP-58,0,0.05957602472821323,0
TSK-1983,EMP-51,0,1.54046298828908e-06,0
TSK-1983,EMP-52,0,2.0136665368629284e-06,0
TSK-1983,EMP-68,0,1.7272698782897509e-06,0
TSK-1983,EMP-40,0,0.14467192747283772,0
TSK-1983,EMP-24,0,2.152278212749569e-06,0
TSK-1983,EMP-21,0,0.24666741556085084,0
TSK-1983,EMP-41,0,1.6446290920717009e-06,0
TSK-1983,EMP-1,0,7.875876720809818e-07,0
TSK-1983,EMP-31,0,0.2064240449936946,0
TSK-1983,EMP-17,0,2.444873077254441e-06,0
TSK-1983,EMP-25,0,9.074326062231568e-07,0
TSK-1983,EMP-20,0,2.473596980342719e-06,0
TSK-1983,EMP-66,0,2.1375451519450277e-06,0
TSK-1983,EMP-62,0,0.13064491014603866,0
TSK-1992,EMP-11,1,0.8060778966912281,1
TSK-1992,EMP-21,0,0.15915517098032028,0
TSK-1992,EMP-5,0,0.06781308748286231,0
TSK-1992,EMP-7,0,1.7324926955821524e-06,0
TSK-1992,EMP-63,0,1.6839576972357725e-06,0
TSK-1992,EMP-22,0,1.7107269917855203e-06,0
TSK-1992,EMP-44,0,1.4520822026591353e-06,0
TSK-1992,EMP-32,0,2.8941168280893734e-06,0
TSK-1992,EMP-62,0,1.6087182599851612e-06,0
TSK-1992,EMP-29,0,3.179958861325158e-06,0
TSK-1992,EMP-12,0,2.6272751466469808e-06,0
TSK-1992,EMP-67,0,1.1270709556539272e-06,0
TSK-1992,EMP-31,0,2.1275073879026828e-06,0
TSK-1992,EMP-42,0,2.268922193973156e-06,0
TSK-1992,EMP-50,0,2.7783045287825742e-06,0
TSK-1992,EMP-45,0,0.3436537082964502,0
TSK-1992,EMP-40,0,2.166503775495978e-06,0
TSK-1992,EMP-56,0,1.6250741529651489e-06,0
TSK-1992,EMP-58,0,8.876014829738572e-07,0
TSK-1992,EMP-51,0,1.8252603565708654e-06,0
TSK-1992,EMP-9,0,2.9241291886357424e-06,0
TSK-2005,EMP-21,1,0.1355482090868722,0
TSK-2005,EMP-15,0,2.4868370038926174e-06,0
TSK-2005,EMP-31,0,0.16323456391692903,0
TSK-2005,EMP-6,0,1.5787389926200783e-06,0
TSK-2005,EMP-10,0,0.12604526129826932,0
TSK-2005,EMP-16,0,2.4125506567930915e-06,0
TSK-2005,EMP-52,0,1.976557057177841e-06,0
TSK-2005,EMP-55,0,0.10267150926025688,0
TSK-2005,EMP-59,0,1.474560108948863e-06,0
TSK-2005,EMP-44,0,1.2029274090164006e-06,0
TSK-2005,EMP-11,0,0.11992150377466038,0
TSK-2005,EMP-68,0,1.6954383394997574e-06,0
TSK-2005,EMP-41,0,0.4069805108940867,0
TSK-2005,EMP-40,0,1.7947655359873122e-06,0
TSK-2005,EMP-63,0,0.10552412305817413,0
TSK-2005,EMP-48,0,1.835349985694482e-06,0
TSK-2005,EMP-42,0,0.18538378866188,0
TSK-2005,EMP-29,0,2.6343280021823116e-06,0
TSK-2005,EMP-7,0,0.15971899031008693,0
TSK-2005,EMP-67,0,9.336830011218617e-07,0
TSK-2005,EMP-45,0,0.3621241283126522,0
TSK-2033,EMP-41,1,0.36866488049898805,0
TSK-2033,EMP-45,0,1.4871638410575827e-06,0
TSK-2033,EMP-12,0,2.0257359161140388e-06,0
TSK-2033,EMP-46,0,1.673482236819218e-06,0
TSK-2033,EMP-28,0,0.12417183569803736,0
TSK-2033,EMP-65,0,0.45292497138780347,0
TSK-2033,EMP-66,0,1.952837308430303e-06,0
TSK-2033,EMP-10,0,0.1494370020030868,0
TSK-2033,EMP-8,0,0.14655407830187223,0
TSK-2033,EMP-55,0,0.08871924938952186,0
TSK-2033,EMP-40,0,0.15604351823944496,0
TSK-2033,EMP-21,0,0.16037989163819313,0
TSK-2033,EMP-30,0,1.141746534697239e-06,0
TSK-2033,EMP-24,0,1.9662972702613873e-06,0
TSK-2033,EMP-52,0,1.8396631735480785e-06,0
TSK-2033,EMP-49,0,1.3688889181962857e-06,0
TSK-2033,EMP-11,0,0.11255067851902059,0
TSK-2033,EMP-51,0,1.4073496589480962e-06,0
TSK-2033,EMP-68,0,1.5780143579184531e-06,0
TSK-2033,EMP-17,0,2.233608717966905e-06,0
TSK-2033,EMP-6,0,1.4693974529086196e-06,0
TSK-2037,EMP-46,1,0.3448560618514827,0
TSK-2037,EMP-50,0,5.087722598610708e-06,0
TSK-2037,EMP-68,0,3.7478101130899347e-06,0
TSK-2037,EMP-4,0,4.544027834693495e-06,0
TSK-2037,EMP-5,0,0.18580377731649286,0
TSK-2037,EMP-29,0,5.823243273811124e-06,0
TSK-2037,EMP-63,0,0.20684221533010444,0
TSK-2037,EMP-14,0,3.3255724611212794e-06,0
TSK-2037,EMP-58,0,1.6254075728348178e-06,0
TSK-2037,EMP-15,0,5.497211975703403e-06,0
TSK-2037,EMP-11,0,0.28276179079390523,0
TSK-2037,EMP-18,0,4.079565366299445e-06,0
TSK-2037,EMP-41,0,0.2318208751897925,0
TSK-2037,EMP-34,0,2.9009110018406557e-06,0
TSK-2037,EMP-55,0,2.7341916005798483e-06,0
TSK-2037,EMP-17,0,5.304852743373308e-06,0
TSK-2037,EMP-20,0,5.367177301896342e-06,0
TSK-2037,EMP-66,0,4.6380184090037164e-06,0
TSK-2037,EMP-40,0,3.967374961927117e-06,0
TSK-2037,EMP-51,0,0.22037370498081996,0
TSK-2037,EMP-21,0,0.41536399377491046,0
TSK-2038,EMP-46,1,0.4317197384029758,0
TSK-2038,EMP-68,0,5.408975987461674e-06,0
TSK-2038,EMP-57,0,2.6181739043481657e-06,0
TSK-2038,EMP-52,0,6.305828308877661e-06,0
TSK-2038,EMP-29,0,8.404308946189804e-06,0
TSK-2038,EMP-45,0,0.30123211331452265,0
TSK-2038,EMP-67,0,1.003439555463189e-07,0
TSK-2038,EMP-51,0,0.28974966290372806,0
TSK-2038,EMP-24,0,6.739890952260852e-06,0
TSK-2038,EMP-10,0,0.4629986419768948,0
TSK-2038,EMP-11,0,0.36264244821929814,0
TSK-2038,EMP-50,0,7.342782102776543e-06,0
TSK-2038,EMP-32,0,7.648861017614447e-06,0
TSK-2038,EMP-55,0,3.946086624133362e-06,0
TSK-2038,EMP-34,0,4.186701931871428e-06,0
TSK-2038,EMP-16,0,7.696775382730715e-06,0
TSK-2038,EMP-66,0,6.693754365364958e-06,0
TSK-2038,EMP-62,0,4.251690274906765e-06,0
TSK-2038,EMP-20,0,7.746100104600483e-06,0
TSK-2038,EMP-41,0,0.3033981165737989,0
TSK-2038,EMP-42,0,0.3364806313825546,0
TSK-2044,EMP-5,1,0.44728377304969025,0
TSK-2044,EMP-46,1,0.6511574752502071,1
TSK-2044,EMP-27,1,1.41412800961723e-05,0
TSK-2044,EMP-25,0,1.2296172314357324e-09,0
TSK-2044,EMP-59,0,9.649153691697715e-06,0
TSK-2044,EMP-22,0,1.1109043779637647e-05,0
TSK-2044,EMP-31,0,0.06684723381038761,0
TSK-2044,EMP-56,0,1.8584692411569186e-09,0
TSK-2044,EMP-24,0,5.2030820621131576e-08,0
TSK-2044,EMP-42,0,0.5547672663087997,1
TSK-2044,EMP-34,0,3.2320550416200026e-08,0
TSK-2044,EMP-1,0,1.0672211361055703e-09,0
TSK-2044,EMP-21,0,0.12374385686493479,0
TSK-2044,EMP-11,0,0.5829889600769902,1
TSK-2044,EMP-18,0,1.4466546164632426e-05,0
TSK-2044,EMP-28,0,0.003737563830389127,0
TSK-2044,EMP-10,0,0.1061412761467634,0
TSK-2044,EMP-62,0,1.8397642652616671e-09,0
TSK-2044,EMP-6,0,1.2375352809371639e-05,0
TSK-2044,EMP-66,0,2.896485714294922e-09,0
TSK-2044,EMP-57,0,1.132917642875876e-09,0
TSK-2044,EMP-45,0,0.5143789056265099,1
TSK-2044,EMP-68,0,1.3290120134428789e-05,0
TSK-2058,EMP-40,1,0.20094281770798209,0
TSK-2058,EMP-14,0,1.9044448884876622e-06,0
TSK-2058,EMP-46,0,2.276091898404713e-06,0
TSK-2058,EMP-30,0,1.5528820551957629e-06,0
TSK-2058,EMP-25,0,1.0105583143369597e-07,0
TSK-2058,EMP-7,0,0.1803093029722317,0
TSK-2058,EMP-18,0,2.3362323339088965e-06,0
TSK-2058,EMP-4,0,2.6022151644742637e-06,0
TSK-2058,EMP-67,0,1.0593139071002067e-07,0
TSK-2058,EMP-55,0,0.11693090141752736,0
TSK-2058,EMP-22,0,0.23720846583561547,0
TSK-2058,EMP-57,0,9.310859698333673e-08,0
TSK-2058,EMP-27,0,0.161866529672558,0
TSK-2058,EMP-50,0,2.611282824500155e-07,0
TSK-2058,EMP-28,0,0.1616571154372709,0
TSK-2058,EMP-66,0,2.656040579160768e-06,0
TSK-2058,EMP-12,0,2.7551894012864973e-06,0
TSK-2058,EMP-5,0,0.15761096978922243,0
TSK-2058,EMP-11,0,0.14711702927585976,0
TSK-2058,EMP-32,0,3.0350227753720286e-06,0
TSK-2058,EMP-31,0,0.1587292142407526,0
TSK-206,EMP-9,1,0.7507278945155786,1
TSK-206,EMP-50,0,3.608097230056813e-08,0
TSK-206,EMP-59,0,6.423251732731895e-09,0
TSK-206,EMP-28,0,6.316992150251204e-07,0
TSK-206,EMP-30,0,1.9230491080681372e-08,0
TSK-206,EMP-40,0,6.294288494266692e-07,0
TSK-206,EMP-22,0,1.111866079533196e-05,0
TSK-206,EMP-24,0,3.311846510775418e-08,0
TSK-206,EMP-10,0,1.3380009424578172e-05,0
TSK-206,EMP-55,0,9.70414320752186e-06,0
TSK-206,EMP-65,0,1.1466005897799598e-05,0
TSK-206,EMP-63,0,1.0944678651538997e-05,0
TSK-206,EMP-42,0,0.598745862387377,1
TSK-206,EMP-58,0,3.2030103151764756e-09,0
TSK-206,EMP-66,0,3.2891757712662585e-08,0
TSK-206,EMP-56,0,2.110430593597607e-08,0
TSK-206,EMP-21,0,1.4546929586240451e-05,0
TSK-206,EMP-7,0,5.033365556865442e-07,0
TSK-206,EMP-41,0,1.2665219416156166e-05,0
TSK-206,EMP-52,0,6.931836812273608e-07,0
TSK-206,EMP-34,0,4.6023263577499763e-07,0
TSK-2060,EMP-22,1,0.28080318040864344,0
TSK-2060,EMP-25,0,2.9017293594100363e-06,0
TSK-2060,EMP-6,0,5.143164210046657e-06,0
TSK-2060,EMP-8,0,4.964350561373167e-06,0
TSK-2060,EMP-12,0,7.0904423784480424e-06,0
TSK-2060,EMP-11,0,0.30743720170820593,0
TSK-2060,EMP-59,0,1.6182342564230962e-07,0
TSK-2060,EMP-9,0,7.891582687851385e-06,0
TSK-2060,EMP-46,0,5.8574958992873135e-06,0
TSK-2060,EMP-55,0,4.029521849465088e-06,0
TSK-2060,EMP-16,0,7.859513758745042e-06,0
TSK-2060,EMP-57,0,2.67353209758835e-06,0
TSK-2060,EMP-51,0,4.9259861621995274e-06,0
TSK-2060,EMP-62,0,4.341587091478245e-06,0
TSK-2060,EMP-21,0,0.3584702591543459,0
TSK-2060,EMP-32,0,7.810586314166859e-06,0
TSK-2060,EMP-4,0,6.696766876571419e-06,0
TSK-2060,EMP-68,0,5.523342066859232e-06,0
TSK-2060,EMP-5,0,2.1223376603927067e-06,0
TSK-2060,EMP-30,0,3.996328367805128e-06,0
TSK-2060,EMP-17,0,7.818030748138956e-06,0
TSK-2064,EMP-16,1,0.6189067429356891,1
TSK-2064,EMP-57,0,2.03504957198941e-06,0
TSK-2064,EMP-65,0,3.624087986997784e-06,0
TSK-2064,EMP-4,0,0.30122831932220695,0
TSK-2064,EMP-17,0,5.950966397291343e-06,0
TSK-2064,EMP-28,0,4.466642260612869e-06,0
TSK-2064,EMP-8,0,3.7787857573460642e-06,0
TSK-2064,EMP-58,0,1.8233776978516782e-06,0
TSK-2064,EMP-34,0,3.254233394059271e-06,0
TSK-2064,EMP-12,0,5.397136230795576e-06,0
TSK-2064,EMP-14,0,0.23982690389237293,0
TSK-2064,EMP-5,0,1.6154890314418917e-06,0
TSK-2064,EMP-30,0,3.041941748499714e-06,0
TSK-2064,EMP-24,0,5.2387753029564875e-06,0
TSK-2064,EMP-21,0,0.2799713998974441,0
TSK-2064,EMP-51,0,3.7495833442732573e-06,0
TSK-2064,EMP-56,0,3.338346905547658e-06,0
TSK-2064,EMP-22,0,3.5143009524401103e-06,0
TSK-2064,EMP-42,0,4.660983764881005e-06,0
TSK-2064,EMP-27,0,4.473545889203494e-06,0
TSK-2064,EMP-41,0,4.00312956353785e-06,0
TSK-2075,EMP-32,1,0.3492571122132142,0
TSK-2075,EMP-55,1,0.09355490796625504,0
TSK-2075,EMP-24,0,1.905666449426805e-06,0
TSK-2075,EMP-66,0,1.8926215250379254e-06,0
TSK-2075,EMP-57,0,0.06968631632910802,0
TSK-2075,EMP-50,0,0.20087299756108815,0
TSK-2075,EMP-59,0,0.11862518346269704,0
TSK-2075,EMP-41,0,1.4561845590608016e-06,0
TSK-2075,EMP-34,0,1.1837643740671428e-06,0
TSK-2075,EMP-18,0,1.6647348052191305e-06,0
TSK-2075,EMP-20,0,2.190168037045732e-06,0
TSK-2075,EMP-6,0,1.4240885273693585e-06,0
TSK-2075,EMP-8,0,0.1221062985700183,0
TSK-2075,EMP-67,0,8.422210208871555e-07,0
TSK-2075,EMP-46,0,1.6218803595246125e-06,0
TSK-2075,EMP-52,0,1.7829371109899776e-06,0
TSK-2075,EMP-17,0,2.1647353604348537e-06,0
TSK-2075,EMP-22,0,0.09756117404017384,0
TSK-2075,EMP-16,0,2.17622166090762e-06,0
TSK-2075,EMP-30,0,1.1065407263231357e-06,0
TSK-2075,EMP-10,0,0.15701188392824175,0
TSK-2075,EMP-11,0,0.1185163406416643,0
TSK-209,EMP-20,1,7.961710999582618e-06,0
TSK-209,EMP-66,0,6.8800736629598e-06,0
TSK-209,EMP-10,0,5.592295556999504e-06,0
TSK-209,EMP-65,0,4.792315189792284e-06,0
TSK-209,EMP-7,0,4.706264098763222e-06,0
TSK-209,EMP-55,0,4.055925456624718e-06,0
TSK-209,EMP-62,0,4.370035509997229e-06,0
TSK-209,EMP-8,0,0.3161169215783905,0
TSK-209,EMP-51,0,4.958263859404637e-06,0
TSK-209,EMP-40,0,5.885237709029384e-06,0
TSK-209,EMP-14,0,4.93318395975869e-06,0
TSK-209,EMP-57,0,2.691050550203486e-06,0
TSK-209,EMP-28,0,5.9064657966295455e-06,0
TSK-209,EMP-68,0,5.559533937832607e-06,0
TSK-209,EMP-46,0,5.895877310748851e-06,0
TSK-209,EMP-45,0,5.2394578662891786e-06,0
TSK-209,EMP-6,0,5.176864966665089e-06,0
TSK-209,EMP-63,0,4.574420622252658e-06,0
TSK-209,EMP-25,0,2.92074308161462e-06,0
TSK-209,EMP-12,0,7.13690264975077e-06,0
TSK-209,EMP-22,0,4.64713839518517e-06,0
TSK-2097,EMP-16,1,0.57747634951234,1
TSK-2097,EMP-34,1,1.8909924995963782e-07,0
TSK-2097,EMP-56,0,4.062201693456255e-08,0
TSK-2097,EMP-21,0,7.931227686572423e-06,0
TSK-2097,EMP-59,0,4.449411818587762e-08,0
TSK-2097,EMP-22,0,0.3389114562067568,0
TSK-2097,EMP-18,0,7.894229107105513e-06,0
TSK-2097,EMP-48,0,5.538079272204005e-08,0
TSK-2097,EMP-44,0,5.1455483748894825e-06,0
TSK-2097,EMP-24,0,3.044189559534373e-07,0
TSK-2097,EMP-65,0,6.251448147189988e-06,0
TSK-2097,EMP-14,0,6.435207447942993e-06,0
TSK-2097,EMP-32,0,1.0255454885766617e-05,0
TSK-2097,EMP-27,0,7.716733986109115e-06,0
TSK-2097,EMP-66,0,6.331075413231692e-08,0
TSK-2097,EMP-41,0,6.9052821305320425e-06,0
TSK-2097,EMP-63,0,5.967210854905312e-06,0
TSK-2097,EMP-46,0,7.691013100386667e-06,0
TSK-2097,EMP-5,0,0.21995505085700534,0
TSK-2097,EMP-6,0,6.753082348133033e-06,0
TSK-2097,EMP-40,0,2.586181985837692e-07,0
TSK-2097,EMP-8,0,6.518296646436613e-06,0
TSK-2100,EMP-16,1,0.6138275779188407,1
TSK-2100,EMP-45,0,3.878028407857903e-06,0
TSK-2100,EMP-24,0,5.127444998411365e-06,0
TSK-2100,EMP-27,0,4.37847756302827e-06,0
TSK-2100,EMP-62,0,3.2345174739499837e-06,0
TSK-2100,EMP-22,0,3.439617685257343e-06,0
TSK-2100,EMP-40,0,4.3560084716414684e-06,0
TSK-2100,EMP-59,0,3.5788514615638713e-06,0
TSK-2100,EMP-30,0,2.977296672149233e-06,0
TSK-2100,EMP-44,0,2.9195827003633563e-06,0
TSK-2100,EMP-15,0,6.0357033499108355e-06,0
TSK-2100,EMP-6,0,0.2447347892481766,0
TSK-2100,EMP-49,0,3.5696074466177104e-06,0
TSK-2100,EMP-9,0,5.8792982081053294e-06,0
TSK-2100,EMP-41,0,3.918058120946956e-06,0
TSK-2100,EMP-32,0,5.818955080252737e-06,0
TSK-2100,EMP-50,0,5.586101772926617e-06,0
TSK-2100,EMP-8,0,3.6984818798163075e-06,0
TSK-2100,EMP-57,0,1.9918021742799768e-06,0
TSK-2100,EMP-20,0,5.892930921427013e-06,0
TSK-2100,EMP-66,0,5.092346034313155e-06,0
TSK-2111,EMP-41,1,0.3645873743772503,0
TSK-2111,EMP-45,1,0.10998508937408684,0
TSK-2111,EMP-28,0,0.04532053456399853,0
TSK-2111,EMP-5,0,0.7405839513938323,1
TSK-2111,EMP-63,0,0.014769501894342226,0
TSK-2111,EMP-46,0,0.05365744685157627,0
TSK-2111,EMP-1,0,8.80426147414571e-09,0
TSK-2111,EMP-31,0,0.07370627128782856,0
TSK-2111,EMP-20,0,0.025428086338389347,0
TSK-2111,EMP-59,0,1.6793259986578502e-08,0
TSK-2111,EMP-27,0,0.16649589754371616,0
TSK-2111,EMP-68,0,0.04277236010560131,0
TSK-2111,EMP-22,0,0.07111338099183828,0
TSK-2111,EMP-44,0,0.015231598524443403,0
TSK-2111,EMP-40,0,0.03198233198446862,0
TSK-2111,EMP-21,0,0.1254171247443013,0
TSK-2111,EMP-48,0,0.002524317110508304,0
TSK-2111,EMP-56,0,0.001294894144176876,0
TSK-2111,EMP-51,0,0.02708124591861521,0
TSK-2111,EMP-65,0,0.0168889128521559,0
TSK-2111,EMP-49,0,0.02026660380071836,0
TSK-2111,EMP-8,0,0.15581074773994066,0
TSK-2135,EMP-21,1,0.14589535749083637,0
TSK-2135,EMP-34,0,1.0922723131911022e-06,0
TSK-2135,EMP-16,0,2.008023642189816e-06,0
TSK-2135,EMP-28,0,1.499214411857482e-06,0
TSK-2135,EMP-18,0,1.5360690387173826e-06,0
TSK-2135,EMP-42,0,1.5644447278827025e-06,0
TSK-2135,EMP-55,0,1.0294977929165721e-06,0
TSK-2135,EMP-29,0,2.1926143152604177e-06,0
TSK-2135,EMP-59,0,0.09403113919587025,0
TSK-2135,EMP-44,0,1.0012250646077583e-06,0
TSK-2135,EMP-48,0,1.527605563805938e-06,0
TSK-2135,EMP-50,0,1.915669286275372e-06,0
TSK-2135,EMP-11,0,0.6865009111522857,1
TSK-2135,EMP-12,0,1.8115329032050243e-06,0
TSK-2135,EMP-6,0,0.10001012094132904,0
TSK-2135,EMP-52,0,1.6451356159587607e-06,0
TSK-2135,EMP-56,0,0.08655637380478622,0
TSK-2135,EMP-27,0,1.5015315999450528e-06,0
TSK-2135,EMP-68,0,1.411153730861589e-06,0
TSK-2135,EMP-22,0,0.11548257015647576,0
TSK-2135,EMP-25,0,7.413587950201951e-07,0
TSK-2160,EMP-16,1,0.09334674080175355,0
TSK-2160,EMP-10,0,0.10231673760653724,0
TSK-2160,EMP-67,0,0.00092891891608625,0
TSK-2160,EMP-24,0,0.03545730832130713,0
TSK-2160,EMP-18,0,0.020093626532651378,0
TSK-2160,EMP-21,0,0.1291270513847842,0
TSK-2160,EMP-49,0,0.020940578680118276,0
TSK-2160,EMP-29,0,0.061585142670801306,0
TSK-2160,EMP-34,0,0.02902002783212842,0
TSK-2160,EMP-25,0,0.0008862027197465046,0
TSK-2160,EMP-62,0,0.0014495796589076532,0
TSK-2160,EMP-48,0,0.0026098361222245754,0
TSK-2160,EMP-5,0,0.74694949054954,1
TSK-2160,EMP-57,0,0.0008165668523938976,0
TSK-2160,EMP-30,0,0.0014595265013632043,0
TSK-2160,EMP-6,0,0.03784144830751547,0
TSK-2160,EMP-56,0,0.0013388185724305705,0
TSK-2160,EMP-44,0,0.01574082225999937,0
TSK-2160,EMP-12,0,0.10002097679123537,0
TSK-2160,EMP-17,0,0.10074097323092163,0
TSK-2160,EMP-27,0,0.17118312257721183,0
TSK-2162,EMP-31,1,0.15594715667823986,0
TSK-2162,EMP-62,0,0.1045522340466113,0
TSK-2162,EMP-11,0,0.11430361395339243,0
TSK-2162,EMP-50,0,2.1798552177912005e-06,0
TSK-2162,EMP-20,0,2.2995890770930043e-06,0
TSK-2162,EMP-27,0,0.12625031979932927,0
TSK-2162,EMP-25,0,8.435981674256209e-07,0
TSK-2162,EMP-67,0,8.842985368243612e-07,0
TSK-2162,EMP-58,0,6.964110362816605e-07,0
TSK-2162,EMP-56,0,1.2750313923382914e-06,0
TSK-2162,EMP-41,0,0.3939342937649024,0
TSK-2162,EMP-34,0,1.2429054370639585e-06,0
TSK-2162,EMP-48,0,1.7382745346790027e-06,0
TSK-2162,EMP-28,0,0.1363009536964481,0
TSK-2162,EMP-59,0,1.3965675529488536e-06,0
TSK-2162,EMP-7,0,0.1525599165458499,0
TSK-2162,EMP-68,0,1.6057630925069675e-06,0
TSK-2162,EMP-12,0,2.061357634250419e-06,0
TSK-2162,EMP-4,0,1.9469064036412357e-06,0
TSK-2162,EMP-21,0,0.12930582188400355,0
TSK-2162,EMP-9,0,2.294269185946522e-06,0
TSK-2170,EMP-41,1,0.38045499348049505,0
TSK-2170,EMP-65,0,0.26198922038588657,0
TSK-2170,EMP-22,0,4.07057741051503e-06,0
TSK-2170,EMP-1,0,2.220487329622472e-06,0
TSK-2170,EMP-58,0,2.111999556883744e-06,0
TSK-2170,EMP-17,0,6.8929384171256375e-06,0
TSK-2170,EMP-52,0,5.6772232675361365e-06,0
TSK-2170,EMP-7,0,4.122367538854102e-06,0
TSK-2170,EMP-56,0,3.866771817373004e-06,0
TSK-2170,EMP-24,0,6.068016050588388e-06,0
TSK-2170,EMP-14,0,4.32113403852375e-06,0
TSK-2170,EMP-29,0,7.56651560126826e-06,0
TSK-2170,EMP-31,0,0.29977192473899433,0
TSK-2170,EMP-18,0,5.300845190930525e-06,0
TSK-2170,EMP-4,0,5.9043507293153945e-06,0
TSK-2170,EMP-49,0,4.224412251514762e-06,0
TSK-2170,EMP-68,0,4.8697744499163434e-06,0
TSK-2170,EMP-44,0,3.4551481034879527e-06,0
TSK-2170,EMP-21,0,0.31052656972904774,0
TSK-2170,EMP-51,0,4.343102340455024e-06,0
TSK-2170,EMP-66,0,6.026478622372303e-06,0
TSK-2187,EMP-10,1,0.12556358062702958,0
TSK-2187,EMP-32,0,1.8238004844850518e-06,0
TSK-2187,EMP-68,0,1.2897183222571843e-06,0
TSK-2187,EMP-52,0,1.5035651629013552e-06,0
TSK-2187,EMP-42,0,1.429818036262496e-06,0
TSK-2187,EMP-58,0,5.593439759278894e-07,0
TSK-2187,EMP-21,0,0.13503582413818532,0
TSK-2187,EMP-59,0,1.1216964043772535e-06,0
TSK-2187,EMP-30,0,9.331545688519901e-07,0
TSK-2187,EMP-17,0,1.825538797474702e-06,0
TSK-2187,EMP-5,0,0.10106836688373473,0
TSK-2187,EMP-18,0,1.4038841845898426e-06,0
TSK-2187,EMP-55,0,0.07370528697854074,0
TSK-2187,EMP-14,0,1.1444151165316682e-06,0
TSK-2187,EMP-45,0,1.2154657608470968e-06,0
TSK-2187,EMP-28,0,0.1038418994587715,0
TSK-2187,EMP-63,0,1.0611878068473475e-06,0
TSK-2187,EMP-12,0,1.655643326476292e-06,0
TSK-2187,EMP-31,0,0.10183393950086828,0
TSK-2187,EMP-56,0,1.02408085525317e-06,0
TSK-2187,EMP-49,0,1.1187991051037419e-06,0
TSK-2190,EMP-21,1,0.12428385340909366,0
TSK-2190,EMP-57,0,3.3128946494629876e-07,0
TSK-2190,EMP-51,0,6.104024491967689e-07,0
TSK-2190,EMP-48,0,7.4090440511931e-07,0
TSK-2190,EMP-56,0,5.434562293306373e-07,0
TSK-2190,EMP-29,0,1.063440851322011e-06,0
TSK-2190,EMP-12,0,8.786122125083127e-07,0
TSK-2190,EMP-46,0,7.258308576630129e-07,0
TSK-2190,EMP-25,0,3.595664925629584e-07,0
TSK-2190,EMP-67,0,3.7691420271825477e-07,0
TSK-2190,EMP-5,0,0.03085843073133737,0
TSK-2190,EMP-10,0,0.06512635328637494,0
TSK-2190,EMP-45,0,0.05172616047194826,0
TSK-2190,EMP-50,0,9.291194862294885e-07,0
TSK-2190,EMP-41,0,0.0731310201981365,0
TSK-2190,EMP-24,0,8.528321599975893e-07,0
TSK-2190,EMP-20,0,9.801537052521338e-07,0
TSK-2190,EMP-8,0,0.1044555649236645,0
TSK-2190,EMP-58,0,2.9683095841100704e-07,0
TSK-2190,EMP-49,0,5.93721059179841e-07,0
TSK-2190,EMP-62,0,5.379864965018527e-07,0
TSK-2191,EMP-27,1,0.4642953073185069,0
TSK-2191,EMP-46,0,0.14663642930817092,0
TSK-2191,EMP-1,0,8.736397813484709e-07,0
TSK-2191,EMP-6,0,1.7841114857556134e-06,0
TSK-2191,EMP-32,0,2.709417872155475e-06,0
TSK-2191,EMP-34,0,1.4830312188654047e-06,0
TSK-2191,EMP-10,0,0.21826309060520072,0
TSK-2191,EMP-67,0,1.0551425624661454e-06,0
TSK-2191,EMP-7,0,0.12061813838538306,0
TSK-2191,EMP-58,0,0.0656579406208468,0
TSK-2191,EMP-41,0,1.8243216809834545e-06,0
TSK-2191,EMP-56,0,0.12337132792567225,0
TSK-2191,EMP-59,0,1.6663803673460499e-06,0
TSK-2191,EMP-31,0,0.22392757038966615,0
TSK-2191,EMP-62,0,0.1428797208620515,0
TSK-2191,EMP-42,0,2.1241223014692304e-06,0
TSK-2191,EMP-44,0,1.3594119876117541e-06,0
TSK-2191,EMP-11,0,0.12340298373559914,0
TSK-2191,EMP-57,0,0.07272571816622453,0
TSK-2191,EMP-29,0,2.977017874725132e-06,0
TSK-2191,EMP-14,0,1.7001310281482436e-06,0
TSK-2192,EMP-21,1,0.15072791991562592,0
TSK-2192,EMP-57,0,3.7130455290583776e-08,0
TSK-2192,EMP-58,0,3.3268393532253475e-08,0
TSK-2192,EMP-49,0,7.4246826451402e-07,0
TSK-2192,EMP-8,0,0.1272939941464649,0
TSK-2192,EMP-62,0,6.029677769768885e-08,0
TSK-2192,EMP-27,0,0.07150920377150413,0
TSK-2192,EMP-55,0,6.244126687432802e-07,0
TSK-2192,EMP-29,0,1.3298685942987322e-06,0
TSK-2192,EMP-52,0,8.94284091998325e-08,0
TSK-2192,EMP-45,0,0.0638577793796915,0
TSK-2192,EMP-68,0,8.558953748917636e-07,0
TSK-2192,EMP-12,0,1.0987342085224001e-06,0
TSK-2192,EMP-6,0,7.969828759798275e-07,0
TSK-2192,EMP-50,0,1.0413445492881638e-07,0
TSK-2192,EMP-4,0,1.037729948747735e-06,0
TSK-2192,EMP-46,0,9.076760055092201e-07,0
TSK-2192,EMP-42,0,0.4526029927706892,0
TSK-2192,EMP-24,0,9.558426814599264e-08,0
TSK-2192,EMP-40,0,0.07116835383297206,0
TSK-2192,EMP-17,0,0.16105871647052764,0
TSK-2198,EMP-21,1,0.27065512189273805,0
TSK-2198,EMP-67,0,2.020075311356538e-06,0
TSK-2198,EMP-46,0,3.890091577656048e-06,0
TSK-2198,EMP-16,0,5.2196790851132394e-06,0
TSK-2198,EMP-41,0,3.4926698311079793e-06,0
TSK-2198,EMP-30,0,2.6540477149522005e-06,0
TSK-2198,EMP-62,0,2.8833418015588748e-06,0
TSK-2198,EMP-11,0,0.2276867356739765,0
TSK-2198,EMP-5,0,1.409489249638969e-06,0
TSK-2198,EMP-6,0,3.4156874062984046e-06,0
TSK-2198,EMP-48,0,3.970878017070168e-06,0
TSK-2198,EMP-28,0,0.24787550357553423,0
TSK-2198,EMP-12,0,4.708920343269415e-06,0
TSK-2198,EMP-14,0,3.2549067893217386e-06,0
TSK-2198,EMP-22,0,0.2059075641193997,0
TSK-2198,EMP-55,0,2.676092250655105e-06,0
TSK-2198,EMP-25,0,1.927100236900913e-06,0
TSK-2198,EMP-44,0,2.6025998075514423e-06,0
TSK-2198,EMP-65,0,3.16196165144487e-06,0
TSK-2198,EMP-45,0,3.456986177163953e-06,0
TSK-2198,EMP-27,0,3.903101174856689e-06,0
TSK-2210,EMP-7,1,0.14258854370087778,0
TSK-2210,EMP-66,0,0.021114384255798486,0
TSK-2210,EMP-15,0,0.024928342112622303,0
TSK-2210,EMP-25,0,0.007594700377714941,0
TSK-2210,EMP-50,0,2.338357828808173e-07,0
TSK-2210,EMP-62,0,0.012370003072601677,0
TSK-2210,EMP-67,0,0.007958199799248706,0
TSK-2210,EMP-1,0,7.854217298769013e-08,0
TSK-2210,EMP-6,0,0.02951484225691522,0
TSK-2210,EMP-29,0,0.0482962404196329,0
TSK-2210,EMP-52,0,0.028269075518046062,0
TSK-2210,EMP-27,0,0.1377156578570418,0
TSK-2210,EMP-8,0,0.12859257038075114,0
TSK-2210,EMP-34,0,0.02258891014612939,0
TSK-2210,EMP-28,0,0.036567539815547,0
TSK-2210,EMP-14,0,0.03351434991483946,0
TSK-2210,EMP-31,0,0.05981447612687183,0
TSK-2210,EMP-9,0,0.057560573058631,0
TSK-2210,EMP-48,0,0.022077805733168598,0
TSK-2210,EMP-42,0,0.04928410850957529,0
TSK-2210,EMP-63,0,0.011843788207112791,0
TSK-2233,EMP-11,1,0.7823794722603918,1
TSK-2233,EMP-63,0,1.4564620212868186e-06,0
TSK-2233,EMP-51,0,1.5786753096099134e-06,0
TSK-2233,EMP-66,0,2.1905685045507094e-06,0
TSK-2233,EMP-15,0,2.5963728072321027e-06,0
TSK-2233,EMP-14,0,1.5706900243178837e-06,0
TSK-2233,EMP-28,0,1.8805771558342286e-06,0
TSK-2233,EMP-48,0,1.9161902946971904e-06,0
TSK-2233,EMP-34,0,1.3701192814876023e-06,0
TSK-2233,EMP-57,0,8.568096849746021e-07,0
TSK-2233,EMP-27,0,1.883483777651882e-06,0
TSK-2233,EMP-24,0,2.2056670287721177e-06,0
TSK-2233,EMP-45,0,0.31169844603432145,0
TSK-2233,EMP-49,0,1.535532504756813e-06,0
TSK-2233,EMP-20,0,2.53495632033339e-06,0
TSK-2233,EMP-25,0,9.299421563288942e-07,0
TSK-2233,EMP-10,0,1.7805471805310003e-06,0
TSK-2233,EMP-42,0,1.962400404328317e-06,0
TSK-2233,EMP-7,0,1.498440153193467e-06,0
TSK-2233,EMP-17,0,2.5055199020967146e-06,0
TSK-2233,EMP-62,0,1.391387104705299e-06,0
TSK-2234,EMP-11,1,0.7852861750232187,1
TSK-2234,EMP-32,0,2.5464458942512e-06,0
TSK-2234,EMP-68,0,1.8007444615751805e-06,0
TSK-2234,EMP-15,0,2.6412979093048585e-06,0
TSK-2234,EMP-4,0,2.183311345674323e-06,0
TSK-2234,EMP-18,0,1.9601462676828884e-06,0
TSK-2234,EMP-6,0,0.12419188538668374,0
TSK-2234,EMP-67,0,9.916754467066165e-07,0
TSK-2234,EMP-7,0,1.5243677287072194e-06,0
TSK-2234,EMP-16,0,2.5623975456803637e-06,0
TSK-2234,EMP-14,0,1.5978677405144074e-06,0
TSK-2234,EMP-63,0,1.4816632484242384e-06,0
TSK-2234,EMP-49,0,1.562101889849542e-06,0
TSK-2234,EMP-56,0,1.4298533955650274e-06,0
TSK-2234,EMP-42,0,1.996355888334853e-06,0
TSK-2234,EMP-28,0,1.913116851969873e-06,0
TSK-2234,EMP-57,0,8.716351101083486e-07,0
TSK-2234,EMP-22,0,1.505216742753042e-06,0
TSK-2234,EMP-5,0,0.06015672675671796,0
TSK-2234,EMP-48,0,1.9493462050915523e-06,0
TSK-2234,EMP-31,0,1.8719292536534412e-06,0
TSK-2263,EMP-46,1,0.4261174633101223,0
TSK-2263,EMP-18,0,4.396770176634894e-06,0
TSK-2263,EMP-29,0,6.276026141849554e-06,0
TSK-2263,EMP-62,0,3.175001231211473e-06,0
TSK-2263,EMP-7,0,0.24029576889762833,0
TSK-2263,EMP-21,0,4.417376979425704e-06,0
TSK-2263,EMP-6,0,3.761195128024456e-06,0
TSK-2263,EMP-57,0,1.955152279124602e-06,0
TSK-2263,EMP-20,0,5.78449923269254e-06,0
TSK-2263,EMP-67,0,2.224412713502487e-06,0
TSK-2263,EMP-25,0,2.1220329179670546e-06,0
TSK-2263,EMP-42,0,4.477991148622635e-06,0
TSK-2263,EMP-4,0,4.8973465430643276e-06,0
TSK-2263,EMP-24,0,5.033098408361626e-06,0
TSK-2263,EMP-15,0,5.924644621421205e-06,0
TSK-2263,EMP-8,0,3.630428562174008e-06,0
TSK-2263,EMP-11,0,3.5093427113494706e-06,0
TSK-2263,EMP-31,0,0.2620421906163993,0
TSK-2263,EMP-48,0,4.372544801812867e-06,0
TSK-2263,EMP-1,0,1.8417756013781422e-06,0
TSK-2263,EMP-9,0,5.771117363919374e-06,0
TSK-227,EMP-14,1,0.35170117819453744,0
TSK-227,EMP-67,0,2.780838996180549e-06,0
TSK-227,EMP-24,0,6.292099666192807e-06,0
TSK-227,EMP-40,0,5.34543895868464e-06,0
TSK-227,EMP-59,0,4.391758081178782e-06,0
TSK-227,EMP-45,0,4.758890282199182e-06,0
TSK-227,EMP-52,0,5.886875519820158e-06,0
TSK-227,EMP-49,0,4.380414373606243e-06,0
TSK-227,EMP-50,0,6.854935635560135e-06,0
TSK-227,EMP-65,0,4.352759738242638e-06,0
TSK-227,EMP-58,0,2.1899931604453504e-06,0
TSK-227,EMP-20,0,7.231457821200466e-06,0
TSK-227,EMP-48,0,5.466313193520774e-06,0
TSK-227,EMP-44,0,3.582742389781067e-06,0
TSK-227,EMP-29,0,7.84593634187399e-06,0
TSK-227,EMP-51,0,4.503487515444046e-06,0
TSK-227,EMP-62,0,3.969211776047838e-06,0
TSK-227,EMP-30,0,3.65356557740261e-06,0
TSK-227,EMP-42,0,5.5981362250145015e-06,0
TSK-227,EMP-22,0,0.2630542732435372,0
TSK-227,EMP-68,0,5.049608849278147e-06,0
TSK-2277,EMP-55,1,0.41231208970712196,0
TSK-2277,EMP-46,0,0.5273161516033856,1
TSK-2277,EMP-8,0,5.454451578454114e-06,0
TSK-2277,EMP-67,0,2.9952784858024765e-07,0
TSK-2277,EMP-11,0,5.272529324831789e-06,0
TSK-2277,EMP-17,0,8.589856339443062e-06,0
TSK-2277,EMP-28,0,0.05524048732459325,0
TSK-2277,EMP-52,0,7.074856022103089e-06,0
TSK-2277,EMP-68,0,6.068628679600196e-06,0
TSK-2277,EMP-4,0,7.357897868322588e-06,0
TSK-2277,EMP-25,0,2.8574189239515913e-07,0
TSK-2277,EMP-63,0,4.993307531785138e-06,0
TSK-2277,EMP-7,0,0.040851538382438435,0
TSK-2277,EMP-32,0,8.581676969074764e-06,0
TSK-2277,EMP-18,0,6.605820879139301e-06,0
TSK-2277,EMP-50,0,8.238270543469083e-06,0
TSK-2277,EMP-51,0,5.412299709185967e-06,0
TSK-2277,EMP-48,0,5.887852393286917e-07,0
TSK-2277,EMP-10,0,6.104390310354744e-06,0
TSK-2277,EMP-20,0,8.69077473448682e-06,0
TSK-2277,EMP-45,0,5.719242936623859e-06,0
TSK-2299,EMP-45,1,6.293331647147786e-06,0
TSK-2299,EMP-57,0,2.8969742708837756e-07,0
TSK-2299,EMP-20,0,9.563138332605121e-06,0
TSK-2299,EMP-9,0,0.6440113463700855,1
TSK-2299,EMP-10,0,6.020243018180015e-07,0
TSK-2299,EMP-56,0,4.75227534299587e-07,0
TSK-2299,EMP-49,0,5.7928218837795605e-06,0
TSK-2299,EMP-66,0,7.406576174208448e-07,0
TSK-2299,EMP-18,0,7.268902257701898e-06,0
TSK-2299,EMP-28,0,6.358456751911599e-07,0
TSK-2299,EMP-48,0,6.478869195377932e-07,0
TSK-2299,EMP-4,0,8.09647088043918e-06,0
TSK-2299,EMP-1,0,2.728982326136385e-07,0
TSK-2299,EMP-51,0,5.33768936014529e-07,0
TSK-2299,EMP-16,0,9.502243394449923e-06,0
TSK-2299,EMP-21,0,6.545297996140657e-07,0
TSK-2299,EMP-8,0,6.001961103818688e-06,0
TSK-2299,EMP-52,0,6.977337238357897e-07,0
TSK-2299,EMP-44,0,4.737952186099253e-06,0
TSK-2299,EMP-29,0,1.0375744638936561e-05,0
TSK-2299,EMP-15,0,8.778651796852764e-07,0
TSK-2302,EMP-27,1,0.4195111612546877,0
TSK-2302,EMP-41,0,0.37154404821837955,0
TSK-2302,EMP-65,0,5.185568192572744e-07,0
TSK-2302,EMP-57,0,2.9118702413143056e-07,0
TSK-2302,EMP-6,0,6.2501217280041375e-06,0
TSK-2302,EMP-16,0,9.551102587765369e-06,0
TSK-2302,EMP-32,0,0.4675277540780395,0
TSK-2302,EMP-4,0,8.138101848882017e-06,0
TSK-2302,EMP-50,0,8.166500491655544e-07,0
TSK-2302,EMP-45,0,0.36914935354265194,0
TSK-2302,EMP-59,0,5.232028222804089e-07,0
TSK-2302,EMP-14,0,5.955921587938504e-06,0
TSK-2302,EMP-9,0,9.590073587872418e-06,0
TSK-2302,EMP-68,0,6.712124293269092e-06,0
TSK-2302,EMP-8,0,6.032822448600015e-06,0
TSK-2302,EMP-67,0,3.31288909734384e-07,0
TSK-2302,EMP-44,0,4.762314183656005e-06,0
TSK-2302,EMP-31,0,6.253555708439621e-07,0
TSK-2302,EMP-12,0,8.616506801530726e-06,0
TSK-2302,EMP-24,0,7.495972577077436e-07,0
TSK-2302,EMP-21,0,6.578953293198645e-07,0
TSK-2342,EMP-5,1,0.7725331784673871,1
TSK-2342,EMP-15,0,0.03664606419040544,0
TSK-2342,EMP-67,0,0.001068641724900444,0
TSK-2342,EMP-46,0,0.0631908754132485,0
TSK-2342,EMP-1,0,1.1686581570142685e-07,0
TSK-2342,EMP-68,0,0.050474965235112426,0
TSK-2342,EMP-25,0,0.01125871530451999,0
TSK-2342,EMP-9,0,0.08330676809108947,0
TSK-2342,EMP-7,0,0.1983619149303417,0
TSK-2342,EMP-30,0,0.018418769152676314,0
TSK-2342,EMP-42,0,0.07160962200822506,0
TSK-2342,EMP-41,0,0.4056823080731338,0
TSK-2342,EMP-62,0,0.018295360757822572,0
TSK-2342,EMP-40,0,0.03781859809153645,0
TSK-2342,EMP-56,0,0.016919238158771232,0
TSK-2342,EMP-22,0,0.08347467109783674,0
TSK-2342,EMP-29,0,0.07020729990125164,0
TSK-2342,EMP-11,0,0.42702139128953664,0
TSK-2342,EMP-63,0,0.0015958168022849471,0
TSK-2342,EMP-65,0,0.02002785582773513,0
TSK-2342,EMP-18,0,0.02304949253950112,0
TSK-236,EMP-4,1,0.6590479498162352,1
TSK-236,EMP-14,1,0.5639401325323693,1
TSK-236,EMP-15,0,0.06804326357245802,0
TSK-236,EMP-67,0,3.680691503309428e-09,0
TSK-236,EMP-48,0,2.603793279545356e-08,0
TSK-236,EMP-5,0,0.3188210859169372,0
TSK-236,EMP-21,0,1.3164660856062893e-05,0
TSK-236,EMP-41,0,1.146175125685935e-05,0
TSK-236,EMP-66,0,2.97662977943787e-08,0
TSK-236,EMP-68,0,1.2037685595940573e-05,0
TSK-236,EMP-56,0,1.9098920161644828e-08,0
TSK-236,EMP-50,0,7.304744019327525e-07,0
TSK-236,EMP-12,0,0.5665071160524706,1
TSK-236,EMP-44,0,8.540862331305876e-06,0
TSK-236,EMP-11,0,0.5587463132497172,1
TSK-236,EMP-42,0,1.334530151870754e-05,0
TSK-236,EMP-10,0,1.2108621668221184e-05,0
TSK-236,EMP-22,0,1.0062147478840705e-05,0
TSK-236,EMP-65,0,1.0376487624598259e-05,0
TSK-236,EMP-7,0,4.555082342514661e-07,0
TSK-236,EMP-27,0,1.2808634959990975e-05,0
TSK-236,EMP-8,0,1.0819415115192513e-05,0
TSK-2368,EMP-31,1,0.20434535986766914,0
TSK-2368,EMP-68,0,1.705409217599898e-06,0
TSK-2368,EMP-32,0,2.411631724705564e-06,0
TSK-2368,EMP-8,0,0.11475139108562826,0
TSK-2368,EMP-10,0,0.19904918306350047,0
TSK-2368,EMP-52,0,1.9881811920361016e-06,0
TSK-2368,EMP-11,0,0.11135024244573974,0
TSK-2368,EMP-18,0,1.8563719685340203e-06,0
TSK-2368,EMP-17,0,2.4139303140097827e-06,0
TSK-2368,EMP-1,0,7.776198013659133e-07,0
TSK-2368,EMP-66,0,2.1104919792275264e-06,0
TSK-2368,EMP-21,0,0.24430823981341426,0
TSK-2368,EMP-41,0,1.6238143474114205e-06,0
TSK-2368,EMP-4,0,2.0677222385905443e-06,0
TSK-2368,EMP-9,0,2.4366406653980607e-06,0
TSK-2368,EMP-63,0,1.4032208192081651e-06,0
TSK-2368,EMP-67,0,9.391739979365802e-07,0
TSK-2368,EMP-62,0,0.12920507686623234,0
TSK-2368,EMP-56,0,0.11132128581400327,0
TSK-2368,EMP-5,0,0.05715392174768738,0
TSK-2368,EMP-24,0,2.1250385760449835e-06,0
TSK-2370,EMP-10,1,0.2706546915633499,0
TSK-2370,EMP-21,0,0.30619443610814145,0
TSK-2370,EMP-25,0,1.223062720947217e-06,0
TSK-2370,EMP-22,0,1.9459936306884634e-06,0
TSK-2370,EMP-31,0,0.18292035254668862,0
TSK-2370,EMP-18,0,2.5341411210980767e-06,0
TSK-2370,EMP-6,0,2.167817804689884e-06,0
TSK-2370,EMP-34,0,1.8019847498391866e-06,0
TSK-2370,EMP-20,0,3.333980490091894e-06,0
TSK-2370,EMP-28,0,0.17298267273257584,0
TSK-2370,EMP-17,0,3.2952656744535203e-06,0
TSK-2370,EMP-24,0,2.900898743634281e-06,0
TSK-2370,EMP-1,0,1.0615324540335466e-06,0
TSK-2370,EMP-51,0,0.14936029825863664,0
TSK-2370,EMP-57,0,1.126878700641299e-06,0
TSK-2370,EMP-15,0,3.4147555314108606e-06,0
TSK-2370,EMP-14,0,2.065775826857527e-06,0
TSK-2370,EMP-42,0,0.17916066240379075,0
TSK-2370,EMP-45,0,0.1565052003653839,0
TSK-2370,EMP-58,0,1.0096684253403943e-06,0
TSK-2370,EMP-44,0,1.651778940585483e-06,0
TSK-2415,EMP-10,1,0.29160418826936224,0
TSK-2415,EMP-20,0,6.9299321792883904e-06,0
TSK-2415,EMP-8,0,4.3493193510605065e-06,0
TSK-2415,EMP-12,0,6.212012223121607e-06,0
TSK-2415,EMP-51,0,4.315707879935367e-06,0
TSK-2415,EMP-66,0,5.988466196785443e-06,0
TSK-2415,EMP-50,0,6.5691095041372076e-06,0
TSK-2415,EMP-56,0,3.842381837647773e-06,0
TSK-2415,EMP-58,0,2.098677923586939e-06,0
TSK-2415,EMP-22,0,4.044901915529819e-06,0
TSK-2415,EMP-18,0,5.267409723672409e-06,0
TSK-2415,EMP-46,0,5.1318138732457475e-06,0
TSK-2415,EMP-24,0,6.029741626415374e-06,0
TSK-2415,EMP-30,0,3.5012245819252113e-06,0
TSK-2415,EMP-42,0,5.364713822150144e-06,0
TSK-2415,EMP-9,0,6.913900482624147e-06,0
TSK-2415,EMP-28,0,0.30302219250129164,0
TSK-2415,EMP-55,0,0.22991023490469642,0
TSK-2415,EMP-59,0,3.7719867941558797e-07,0
TSK-2415,EMP-41,0,0.37896465756328773,0
TSK-2415,EMP-14,0,4.293878144206004e-06,0
TSK-2417,EMP-21,1,0.25792175233187314,0
TSK-2417,EMP-10,0,0.24224366186395815,0
TSK-2417,EMP-52,0,4.381205004754917e-06,0
TSK-2417,EMP-16,0,5.347618661889053e-06,0
TSK-2417,EMP-31,0,0.24833279543274825,0
TSK-2417,EMP-63,0,3.0921741081875876e-06,0
TSK-2417,EMP-49,0,3.2600461683516045e-06,0
TSK-2417,EMP-18,0,4.09074760495831e-06,0
TSK-2417,EMP-50,0,5.101668219211393e-06,0
TSK-2417,EMP-40,0,3.97824968378618e-06,0
TSK-2417,EMP-66,0,4.650731380865702e-06,0
TSK-2417,EMP-59,0,3.2684885321995047e-06,0
TSK-2417,EMP-67,0,2.069589548415773e-06,0
TSK-2417,EMP-58,0,1.6298628857159366e-06,0
TSK-2417,EMP-27,0,3.998770233786883e-06,0
TSK-2417,EMP-22,0,3.1413292628677136e-06,0
TSK-2417,EMP-29,0,5.839204969814263e-06,0
TSK-2417,EMP-56,0,2.984049109649474e-06,0
TSK-2417,EMP-14,0,3.3346879843975516e-06,0
TSK-2417,EMP-4,0,4.556483176253795e-06,0
TSK-2417,EMP-11,0,3.2650863765877854e-06,0
TSK-2423,EMP-45,1,0.3042405366163233,0
TSK-2423,EMP-10,0,1.7193155133525964e-06,0
TSK-2423,EMP-8,0,0.11497970104610435,0
TSK-2423,EMP-7,0,1.4469099186991861e-06,0
TSK-2423,EMP-22,0,1.4287320518187038e-06,0
TSK-2423,EMP-5,0,0.05727504979195175,0
TSK-2423,EMP-1,0,7.793679591988788e-07,0
TSK-2423,EMP-55,0,1.2469670223242636e-06,0
TSK-2423,EMP-25,0,8.979621245703271e-07,0
TSK-2423,EMP-48,0,1.8502939723248393e-06,0
TSK-2423,EMP-67,0,9.412853434968209e-07,0
TSK-2423,EMP-27,0,1.8187122054032975e-06,0
TSK-2423,EMP-51,0,1.5243858523910017e-06,0
TSK-2423,EMP-52,0,1.992650793120272e-06,0
TSK-2423,EMP-24,0,2.129815843558944e-06,0
TSK-2423,EMP-40,0,1.8093790720871585e-06,0
TSK-2423,EMP-31,0,1.7768108055827064e-06,0
TSK-2423,EMP-44,0,1.2127220218799425e-06,0
TSK-2423,EMP-49,0,1.4827266939668228e-06,0
TSK-2423,EMP-9,0,2.442118439208794e-06,0
TSK-2423,EMP-62,0,1.343538339416555e-06,0
TSK-2437,EMP-46,1,0.4263300858441509,0
TSK-2437,EMP-27,0,4.705401291977977e-06,0
TSK-2437,EMP-16,0,6.292606049305773e-06,0
TSK-2437,EMP-62,0,3.476026491345107e-06,0
TSK-2437,EMP-22,0,3.6964406923900025e-06,0
TSK-2437,EMP-14,0,3.923968138734794e-06,0
TSK-2437,EMP-8,0,3.9746332026879415e-06,0
TSK-2437,EMP-11,0,0.24523458109677987,0
TSK-2437,EMP-34,0,3.4228943580148683e-06,0
TSK-2437,EMP-50,0,6.003193518980336e-06,0
TSK-2437,EMP-9,0,6.3182816141019994e-06,0
TSK-2437,EMP-4,0,5.361668327487055e-06,0
TSK-2437,EMP-68,0,4.422181903532879e-06,0
TSK-2437,EMP-1,0,2.0163965694945398e-06,0
TSK-2437,EMP-10,0,0.2915268172590378,0
TSK-2437,EMP-42,0,4.902553669792762e-06,0
TSK-2437,EMP-48,0,4.787109904263124e-06,0
TSK-2437,EMP-55,0,0.29936113017483357,0
TSK-2437,EMP-65,0,3.8119177648724947e-06,0
TSK-2437,EMP-31,0,0.2799319827709262,0
TSK-2437,EMP-41,0,0.26258117051536967,0
TSK-2461,EMP-11,1,0.09948814277697614,0
TSK-2461,EMP-14,0,1.1151040936312247e-06,0
TSK-2461,EMP-21,0,0.16604011659434081,0
TSK-2461,EMP-57,0,0.057982255203869716,0
TSK-2461,EMP-66,0,1.5551842236102347e-06,0
TSK-2461,EMP-65,0,1.083261793411124e-06,0
TSK-2461,EMP-55,0,0.07817891386921191,0
TSK-2461,EMP-32,0,0.3060448872722227,0
TSK-2461,EMP-31,0,0.18463484846145584,0
TSK-2461,EMP-68,0,1.2566857649442774e-06,0
TSK-2461,EMP-34,0,9.727097689626924e-07,0
TSK-2461,EMP-17,0,1.778782709397005e-06,0
TSK-2461,EMP-6,0,1.170186324356302e-06,0
TSK-2461,EMP-40,0,1.3303086912192567e-06,0
TSK-2461,EMP-63,0,0.08730057934244667,0
TSK-2461,EMP-4,0,1.5236679408055784e-06,0
TSK-2461,EMP-16,0,1.7882211104952742e-06,0
TSK-2461,EMP-46,0,1.3327136950484128e-06,0
TSK-2461,EMP-62,0,0.09087101194381063,0
TSK-2461,EMP-42,0,1.3931972183929862e-06,0
TSK-2461,EMP-24,0,1.5659033595982063e-06,0
TSK-2463,EMP-7,1,0.134829243617479,0
TSK-2463,EMP-8,0,0.09555999503102927,0
TSK-2463,EMP-5,0,4.463961205770542e-07,0
TSK-2463,EMP-28,0,0.32417812017513703,0
TSK-2463,EMP-58,0,5.038405320495515e-07,0
TSK-2463,EMP-63,0,0.08124065588302654,0
TSK-2463,EMP-25,0,6.103277298421895e-07,0
TSK-2463,EMP-18,0,1.2645775126178378e-06,0
TSK-2463,EMP-12,0,1.4913547676255537e-06,0
TSK-2463,EMP-46,0,1.2320241057337424e-06,0
TSK-2463,EMP-31,0,0.17309991873928193,0
TSK-2463,EMP-6,0,1.0817760389649694e-06,0
TSK-2463,EMP-32,0,0.2896191598316658,0
TSK-2463,EMP-4,0,1.4085513387182334e-06,0
TSK-2463,EMP-45,0,1.0948557271734498e-06,0
TSK-2463,EMP-9,0,1.659862147252345e-06,0
TSK-2463,EMP-27,0,1.2361443635178152e-06,0
TSK-2463,EMP-34,0,8.992192810066954e-07,0
TSK-2463,EMP-52,0,1.3543672145029603e-06,0
TSK-2463,EMP-57,0,0.05383740229320018,0
TSK-2463,EMP-15,0,1.7040191350234765e-06,0
TSK-2477,EMP-42,1,0.6288615810796395,1
TSK-2477,EMP-59,0,1.04695872242561e-09,0
TSK-2477,EMP-7,0,0.03433238246447898,0
TSK-2477,EMP-12,0,1.131887937349368e-05,0
TSK-2477,EMP-49,0,7.648743899378678e-06,0
TSK-2477,EMP-31,0,0.4366622256077466,0
TSK-2477,EMP-62,0,1.8376279901889936e-08,0
TSK-2477,EMP-28,0,4.823509711465607e-07,0
TSK-2477,EMP-21,0,0.4938581618006609,0
TSK-2477,EMP-34,0,3.514230262439939e-07,0
TSK-2477,EMP-46,0,9.35066314983764e-06,0
TSK-2477,EMP-16,0,1.2546586322814301e-05,0
TSK-2477,EMP-67,0,6.629278981068516e-10,0
TSK-2477,EMP-63,0,3.7356917087716173e-07,0
TSK-2477,EMP-20,0,1.2626990625839736e-05,0
TSK-2477,EMP-41,0,0.4151983942277916,0
TSK-2477,EMP-27,0,0.4870065694695904,0
TSK-2477,EMP-45,0,8.309607181048695e-06,0
TSK-2477,EMP-8,0,0.40126665984130444,0
TSK-2477,EMP-24,0,5.657337095730582e-07,0
TSK-2477,EMP-52,0,1.0279199355870861e-05,0
TSK-2486,EMP-7,1,0.2976749344163443,0
TSK-2486,EMP-30,0,2.7353455726707256e-06,0
TSK-2486,EMP-29,0,5.874089131296573e-06,0
TSK-2486,EMP-56,0,3.0018762540189643e-06,0
TSK-2486,EMP-22,0,0.2108847550117058,0
TSK-2486,EMP-52,0,4.407378925319193e-06,0
TSK-2486,EMP-55,0,2.7580653669886186e-06,0
TSK-2486,EMP-62,0,2.9716632943568888e-06,0
TSK-2486,EMP-4,0,4.583704227893577e-06,0
TSK-2486,EMP-14,0,3.3546098894906902e-06,0
TSK-2486,EMP-50,0,5.132146263902507e-06,0
TSK-2486,EMP-24,0,4.710762134457802e-06,0
TSK-2486,EMP-57,0,1.82993749789315e-06,0
TSK-2486,EMP-20,0,5.414041024551713e-06,0
TSK-2486,EMP-40,0,4.002016303541339e-06,0
TSK-2486,EMP-41,0,3.5996559745630768e-06,0
TSK-2486,EMP-45,0,3.562879276299786e-06,0
TSK-2486,EMP-65,0,3.2588176998263293e-06,0
TSK-2486,EMP-16,0,5.379566039342651e-06,0
TSK-2486,EMP-25,0,1.9861305389431313e-06,0
TSK-2486,EMP-59,0,3.2880149535551048e-06,0
TSK-2492,EMP-41,1,0.33525303647550553,0
TSK-2492,EMP-11,1,0.35510098893906644,0
TSK-2492,EMP-5,1,0.7150407479860605,1
TSK-2492,EMP-63,0,0.01300509371129062,0
TSK-2492,EMP-24,0,0.030302915108319103,0
TSK-2492,EMP-55,0,0.13611289670363555,0
TSK-2492,EMP-20,0,0.022419346901980122,0
TSK-2492,EMP-31,0,0.06536824467274112,0
TSK-2492,EMP-50,0,2.570659213707667e-07,0
TSK-2492,EMP-22,0,0.06304871020326709,0
TSK-2492,EMP-6,0,0.032352099839981,0
TSK-2492,EMP-51,0,0.02388169222765813,0
TSK-2492,EMP-27,0,0.14935352428998128,0
TSK-2492,EMP-21,0,0.11193621178035831,0
TSK-2492,EMP-29,0,0.05284064843058413,0
TSK-2492,EMP-16,0,0.08047917429579675,0
TSK-2492,EMP-68,0,0.037790965478811556,0
TSK-2492,EMP-42,0,0.05391620342637511,0
TSK-2492,EMP-1,0,8.634485333376871e-08,0
TSK-2492,EMP-30,0,0.013674255068944229,0
TSK-2492,EMP-25,0,0.008342892471002603,0
TSK-2492,EMP-32,0,0.02214414027422742,0
TSK-2492,EMP-15,0,0.027337119574326402,0
TSK-2500,EMP-41,1,0.3614272270310071,0
TSK-2500,EMP-8,0,0.14269138062211584,0
TSK-2500,EMP-24,0,1.9058462035588978e-06,0
TSK-2500,EMP-66,0,1.8928000486951765e-06,0
TSK-2500,EMP-28,0,0.12081555157049391,0
TSK-2500,EMP-25,0,8.035330798830004e-07,0
TSK-2500,EMP-68,0,1.5295004894655807e-06,0
TSK-2500,EMP-5,0,0.11764818295284471,0
TSK-2500,EMP-21,0,0.156219492245635,0
TSK-2500,EMP-11,0,0.10946924601179954,0
TSK-2500,EMP-31,0,0.11852278566042314,0
TSK-2500,EMP-18,0,1.6648918332406248e-06,0
TSK-2500,EMP-57,0,7.403416583617676e-07,0
TSK-2500,EMP-67,0,8.423004644171072e-07,0
TSK-2500,EMP-14,0,1.357182803380985e-06,0
TSK-2500,EMP-44,0,1.0851930909714734e-06,0
TSK-2500,EMP-62,0,1.2022528800021397e-06,0
TSK-2500,EMP-58,0,6.633363164406258e-07,0
TSK-2500,EMP-49,0,1.326804313558936e-06,0
TSK-2500,EMP-52,0,1.7831052885597698e-06,0
TSK-2500,EMP-63,0,1.2584820351385816e-06,0
TSK-2507,EMP-31,1,0.15750709731281928,0
TSK-2507,EMP-20,0,8.673570667101543e-07,0
TSK-2507,EMP-27,0,0.05168281270082771,0
TSK-2507,EMP-46,0,6.423018163694875e-07,0
TSK-2507,EMP-21,0,0.11157703468011611,0
TSK-2507,EMP-45,0,0.04604758630911963,0
TSK-2507,EMP-68,0,6.056601058703537e-07,0
TSK-2507,EMP-58,0,2.6267146445575817e-07,0
TSK-2507,EMP-51,0,5.401569697516224e-07,0
TSK-2507,EMP-62,0,4.760746842978561e-07,0
TSK-2507,EMP-5,0,0.0274045413655836,0
TSK-2507,EMP-1,0,2.7616422180731506e-07,0
TSK-2507,EMP-25,0,3.1818735605682925e-07,0
TSK-2507,EMP-14,0,5.374247347337652e-07,0
TSK-2507,EMP-67,0,3.335386815600328e-07,0
TSK-2507,EMP-29,0,9.410594902826362e-07,0
TSK-2507,EMP-50,0,8.221958894283685e-07,0
TSK-2507,EMP-57,0,2.931644654827272e-07,0
TSK-2507,EMP-55,0,4.4185519463885946e-07,0
TSK-2507,EMP-17,0,0.11960235223068585,0
TSK-2507,EMP-44,0,4.2972067711457273e-07,0
TSK-2508,EMP-7,1,0.09980227002425733,0
TSK-2508,EMP-32,0,0.08994616582301461,0
TSK-2508,EMP-10,0,0.06568665959121156,0
TSK-2508,EMP-27,0,0.05851700588268404,0
TSK-2508,EMP-28,0,0.17891649647531618,0
TSK-2508,EMP-1,0,3.149520895888099e-07,0
TSK-2508,EMP-58,0,2.9956424558208735e-07,0
TSK-2508,EMP-17,0,0.13414730660719013,0
TSK-2508,EMP-34,0,5.346413628395417e-07,0
TSK-2508,EMP-68,0,6.907263578471392e-07,0
TSK-2508,EMP-25,0,3.628774626326218e-07,0
TSK-2508,EMP-42,0,0.40021639209932813,0
TSK-2508,EMP-16,0,9.828803546686788e-07,0
TSK-2508,EMP-29,0,1.0732332496717826e-06,0
TSK-2508,EMP-63,0,0.08262050162612133,0
TSK-2508,EMP-22,0,0.07718636936721411,0
TSK-2508,EMP-62,0,5.42940397668688e-07,0
TSK-2508,EMP-46,0,7.325144708660021e-07,0
TSK-2508,EMP-15,0,1.0131448793036015e-06,0
TSK-2508,EMP-41,0,0.07375476051939212,0
TSK-2508,EMP-20,0,9.89179177915382e-07,0
TSK-2513,EMP-5,1,0.21312635145341724,0
TSK-2513,EMP-46,1,0.5393158513449855,1
TSK-2513,EMP-55,1,0.40229469260639206,0
TSK-2513,EMP-65,0,6.004800441317928e-06,0
TSK-2513,EMP-22,0,5.8228932376338395e-06,0
TSK-2513,EMP-56,0,5.531353213949937e-06,0
TSK-2513,EMP-11,0,0.3385499629825152,0
TSK-2513,EMP-7,0,0.3327529085451415,0
TSK-2513,EMP-48,0,7.54098732252986e-06,0
TSK-2513,EMP-51,0,6.212734885315806e-06,0
TSK-2513,EMP-32,0,9.850832687492636e-06,0
TSK-2513,EMP-41,0,0.3593545306414005,0
TSK-2513,EMP-40,0,7.374237048447813e-06,0
TSK-2513,EMP-24,0,2.924081923263205e-07,0
TSK-2513,EMP-44,0,4.942533166187435e-06,0
TSK-2513,EMP-25,0,1.2328352396030584e-07,0
TSK-2513,EMP-21,0,7.618305638561402e-06,0
TSK-2513,EMP-66,0,8.620770109846074e-06,0
TSK-2513,EMP-4,0,8.446068782589081e-06,0
TSK-2513,EMP-67,0,1.2923148467004418e-07,0
TSK-2513,EMP-34,0,5.391984669980453e-06,0
TSK-2513,EMP-1,0,3.176372698420874e-06,0
TSK-2513,EMP-14,0,6.181309657173151e-06,0
TSK-2516,EMP-8,1,0.27133852249570256,0
TSK-2516,EMP-44,0,1.4172994313196826e-06,0
TSK-2516,EMP-24,0,2.489099944120044e-06,0
TSK-2516,EMP-29,0,3.1037871437730394e-06,0
TSK-2516,EMP-18,0,2.174405503934603e-06,0
TSK-2516,EMP-25,0,1.0494418779530315e-06,0
TSK-2516,EMP-32,0,2.8247920598422804e-06,0
TSK-2516,EMP-31,0,2.076545704000621e-06,0
TSK-2516,EMP-4,0,0.2597345446279979,0
TSK-2516,EMP-65,0,1.7219119048174175e-06,0
TSK-2516,EMP-63,0,1.6436206542193828e-06,0
TSK-2516,EMP-14,0,1.7725271855491395e-06,0
TSK-2516,EMP-1,0,9.108417478881895e-07,0
TSK-2516,EMP-67,0,1.1000734043457588e-06,0
TSK-2516,EMP-49,0,1.7328518543652936e-06,0
TSK-2516,EMP-9,0,2.8540855157539025e-06,0
TSK-2516,EMP-48,0,2.162424913034464e-06,0
TSK-2516,EMP-62,0,1.5701834781873717e-06,0
TSK-2516,EMP-6,0,1.8600837505375336e-06,0
TSK-2516,EMP-30,0,1.4453164848165402e-06,0
TSK-2516,EMP-51,0,1.7815385959318313e-06,0
TSK-2524,EMP-44,1,0.02775408822651621,0
TSK-2524,EMP-46,1,5.045457011219208e-07,0
TSK-2524,EMP-6,0,8.60354524210606e-06,0
TSK-2524,EMP-28,0,5.054518264710988e-07,0
TSK-2524,EMP-30,0,3.4423018016933033e-07,0
TSK-2524,EMP-21,0,5.203043708095462e-07,0
TSK-2524,EMP-9,0,6.797566042119827e-07,0
TSK-2524,EMP-20,0,6.813328085277898e-07,0
TSK-2524,EMP-17,0,6.734210216090244e-07,0
TSK-2524,EMP-10,0,4.785662507366867e-07,0
TSK-2524,EMP-41,0,8.797450064892588e-06,0
TSK-2524,EMP-24,0,3.052576424952561e-08,0
TSK-2524,EMP-59,0,1.097099917576884e-09,0
TSK-2524,EMP-68,0,4.7576262836017834e-07,0
TSK-2524,EMP-31,0,4.945699112080762e-07,0
TSK-2524,EMP-32,0,1.3065616685911417e-05,0
TSK-2524,EMP-12,0,6.107484005983806e-07,0
TSK-2524,EMP-56,0,3.777718818594674e-07,0
TSK-2524,EMP-67,0,6.946769980585313e-10,0
TSK-2524,EMP-63,0,2.0156978760531993e-08,0
TSK-2524,EMP-15,0,6.978400542808636e-07,0
TSK-2524,EMP-66,0,5.887698354623124e-07,0
TSK-2528,EMP-16,1,0.6653195813738296,1
TSK-2528,EMP-48,0,4.993021732557816e-07,0
TSK-2528,EMP-58,0,2.2319399891300465e-06,0
TSK-2528,EMP-57,0,2.491040835647078e-06,0
TSK-2528,EMP-65,0,3.9758793924525393e-07,0
TSK-2528,EMP-1,0,2.3465887668648497e-06,0
TSK-2528,EMP-4,0,0.34541052833158636,0
TSK-2528,EMP-32,0,7.277450044036399e-06,0
TSK-2528,EMP-29,0,7.996215464407588e-06,0
TSK-2528,EMP-15,0,6.765378369936865e-07,0
TSK-2528,EMP-67,0,2.8341027729075645e-06,0
TSK-2528,EMP-5,0,1.977470023617169e-06,0
TSK-2528,EMP-42,0,5.705361786162698e-06,0
TSK-2528,EMP-28,0,5.467474778154954e-06,0
TSK-2528,EMP-6,0,0.2883866617993396,0
TSK-2528,EMP-50,0,6.261420555147958e-07,0
TSK-2528,EMP-46,0,5.457673264550429e-06,0
TSK-2528,EMP-31,0,5.349765621208767e-06,0
TSK-2528,EMP-17,0,7.284386338325973e-06,0
TSK-2528,EMP-55,0,3.7544731231297314e-06,0
TSK-2528,EMP-49,0,4.464316042537738e-06,0
TSK-2541,EMP-28,1,0.15171660501360634,0
TSK-2541,EMP-12,0,2.1357345961384567e-06,0
TSK-2541,EMP-57,0,0.06376004766168769,0
TSK-2541,EMP-45,0,0.11707183774185874,0
TSK-2541,EMP-67,0,9.162054304601722e-07,0
TSK-2541,EMP-56,0,0.10889526113437212,0
TSK-2541,EMP-27,0,0.4294114131417679,0
TSK-2541,EMP-25,0,8.740365284695281e-07,0
TSK-2541,EMP-46,0,0.12983480889584184,0
TSK-2541,EMP-1,0,7.586022223732792e-07,0
TSK-2541,EMP-15,0,2.440286083328667e-06,0
TSK-2541,EMP-62,0,0.12644476471705512,0
TSK-2541,EMP-20,0,2.3825617762921676e-06,0
TSK-2541,EMP-59,0,1.446957898359535e-06,0
TSK-2541,EMP-4,0,2.017153796984502e-06,0
TSK-2541,EMP-58,0,0.05750955074588097,0
TSK-2541,EMP-8,0,0.1122600570149453,0
TSK-2541,EMP-40,0,0.14009349339515378,0
TSK-2541,EMP-44,0,1.180409870181485e-06,0
TSK-2541,EMP-14,0,1.4762644103133999e-06,0
TSK-2541,EMP-30,0,1.203744116805362e-06,0
TSK-2545,EMP-28,1,0.2930587423969747,0
TSK-2545,EMP-7,0,0.11869403121677492,0
TSK-2545,EMP-50,0,0.14164264016553296,0
TSK-2545,EMP-4,0,1.2172861077789708e-06,0
TSK-2545,EMP-14,0,8.908769253686719e-07,0
TSK-2545,EMP-27,0,1.068290011396678e-06,0
TSK-2545,EMP-34,0,7.771154893848302e-07,0
TSK-2545,EMP-41,0,9.559534878222564e-07,0
TSK-2545,EMP-56,0,0.1121601374409388,0
TSK-2545,EMP-59,0,0.08118305306703284,0
TSK-2545,EMP-24,0,1.251028764800323e-06,0
TSK-2545,EMP-17,0,1.4211020222941086e-06,0
TSK-2545,EMP-63,0,0.07099224241290703,0
TSK-2545,EMP-65,0,8.654375275062488e-07,0
TSK-2545,EMP-12,0,1.288845788513846e-06,0
TSK-2545,EMP-68,0,1.0039891241503369e-06,0
TSK-2545,EMP-18,0,1.0928622662953691e-06,0
TSK-2545,EMP-29,0,1.5599727897763537e-06,0
TSK-2545,EMP-16,0,1.4286425361748264e-06,0
TSK-2545,EMP-15,0,1.4726328012749477e-06,0
TSK-2545,EMP-31,0,0.1531957628908817,0
TSK-2552,EMP-57,1,0.05493681485828326,0
TSK-2552,EMP-28,0,0.13244361546916011,0
TSK-2552,EMP-51,0,1.2665074335954225e-06,0
TSK-2552,EMP-46,0,0.11297133449733879,0
TSK-2552,EMP-24,0,1.7695177832412267e-06,0
TSK-2552,EMP-45,0,0.10167237928414892,0
TSK-2552,EMP-8,0,0.09742369415405219,0
TSK-2552,EMP-32,0,2.0081637463962777e-06,0
TSK-2552,EMP-14,0,1.260101159764893e-06,0
TSK-2552,EMP-59,0,1.2350858730262808e-06,0
TSK-2552,EMP-21,0,0.21210454781010046,0
TSK-2552,EMP-56,0,0.09445627613047342,0
TSK-2552,EMP-62,0,0.1099659591451034,0
TSK-2552,EMP-4,0,1.7217905021346884e-06,0
TSK-2552,EMP-7,0,0.0922804364955912,0
TSK-2552,EMP-1,0,6.475231896689977e-07,0
TSK-2552,EMP-20,0,2.0336934460796828e-06,0
TSK-2552,EMP-10,0,0.17145776596476944,0
TSK-2552,EMP-5,0,0.04805146843413285,0
TSK-2552,EMP-44,0,1.0075673243798654e-06,0
TSK-2552,EMP-11,0,0.09448131227440008,0
TSK-2558,EMP-32,1,0.3458874607856832,0
TSK-2558,EMP-49,1,0.10787117325928758,0
TSK-2558,EMP-9,0,2.1528714609393824e-06,0
TSK-2558,EMP-59,0,0.01174515472093851,0
TSK-2558,EMP-56,0,0.016708580251095888,0
TSK-2558,EMP-17,0,2.1328059330956825e-06,0
TSK-2558,EMP-58,0,5.856883749608593e-08,0
TSK-2558,EMP-12,0,1.934314414824488e-06,0
TSK-2558,EMP-31,0,0.21353517546885858,0
TSK-2558,EMP-41,0,1.4347061038283188e-06,0
TSK-2558,EMP-11,0,0.11697272348466606,0
TSK-2558,EMP-28,0,0.3835356355900698,0
TSK-2558,EMP-18,0,1.6401802771420128e-06,0
TSK-2558,EMP-40,0,1.5950742649695247e-06,0
TSK-2558,EMP-14,0,1.337038486207324e-06,0
TSK-2558,EMP-22,0,0.09626068277662728,0
TSK-2558,EMP-7,0,0.16814249891252422,0
TSK-2558,EMP-8,0,0.12052231696189952,0
TSK-2558,EMP-46,0,1.5979579255235296e-06,0
TSK-2558,EMP-44,0,1.069085843206238e-06,0
TSK-2558,EMP-45,0,1.4200480734737321e-06,0
TSK-2558,EMP-6,0,1.4030834820547916e-06,0
TSK-2568,EMP-46,1,0.28458210070155837,0
TSK-2568,EMP-65,0,2.44135785333621e-06,0
TSK-2568,EMP-25,0,1.4879181002566463e-06,0
TSK-2568,EMP-45,0,0.18415531749209713,0
TSK-2568,EMP-57,0,1.3709053686985003e-06,0
TSK-2568,EMP-18,0,3.0829108823102792e-06,0
TSK-2568,EMP-22,0,2.3674000059059647e-06,0
TSK-2568,EMP-7,0,0.1815240375896843,0
TSK-2568,EMP-58,0,1.2283131265588545e-06,0
TSK-2568,EMP-56,0,2.2488688752153323e-06,0
TSK-2568,EMP-32,0,4.00503944608841e-06,0
TSK-2568,EMP-34,0,2.1922059626369567e-06,0
TSK-2568,EMP-55,0,2.0662167442729356e-06,0
TSK-2568,EMP-41,0,0.1857032077982223,0
TSK-2568,EMP-49,0,2.4568687005124055e-06,0
TSK-2568,EMP-21,0,0.34933776117181564,0
TSK-2568,EMP-29,0,4.4006030287122745e-06,0
TSK-2568,EMP-9,0,4.046572169222803e-06,0
TSK-2568,EMP-5,0,0.14708773403591796,0
TSK-2568,EMP-1,0,1.2914083477194286e-06,0
TSK-2568,EMP-12,0,3.635769494069722e-06,0
TSK-2575,EMP-42,1,0.4922069497836926,0
TSK-2575,EMP-45,0,0.07404691171878099,0
TSK-2575,EMP-51,0,8.948652351503859e-07,0
TSK-2575,EMP-15,0,1.4717432854898254e-06,0
TSK-2575,EMP-63,0,0.11569193656919433,0
TSK-2575,EMP-59,0,8.726639660285075e-07,0
TSK-2575,EMP-18,0,1.0922021434154806e-06,0
TSK-2575,EMP-34,0,7.766460872537874e-07,0
TSK-2575,EMP-32,0,0.12554862102480338,0
TSK-2575,EMP-21,0,0.17222794048516857,0
TSK-2575,EMP-22,0,0.10833950497508643,0
TSK-2575,EMP-28,0,0.24043122540791442,0
TSK-2575,EMP-30,0,7.259810495131728e-07,0
TSK-2575,EMP-1,0,4.575147928633747e-07,0
TSK-2575,EMP-10,0,0.09266447137256446,0
TSK-2575,EMP-48,0,1.0861842957234466e-06,0
TSK-2575,EMP-17,0,0.18371356788207946,0
TSK-2575,EMP-16,0,1.4277795918332408e-06,0
TSK-2575,EMP-62,0,7.887016665486129e-07,0
TSK-2575,EMP-67,0,5.525656946356557e-07,0
TSK-2575,EMP-11,0,0.07462394669139522,0
TSK-2586,EMP-22,1,1.6895184529572418e-06,0
TSK-2586,EMP-58,0,8.765975379206003e-07,0
TSK-2586,EMP-4,0,0.19870162344313078,0
TSK-2586,EMP-9,0,0.24222062024050847,0
TSK-2586,EMP-65,0,1.7422992399017645e-06,0
TSK-2586,EMP-15,0,2.964703228460273e-06,0
TSK-2586,EMP-8,0,0.13317205782688826,0
TSK-2586,EMP-5,0,0.061631725778976895,0
TSK-2586,EMP-42,0,0.27975598286790704,0
TSK-2586,EMP-50,0,2.7438608579733454e-06,0
TSK-2586,EMP-12,0,2.594703838197315e-06,0
TSK-2586,EMP-17,0,2.8609616530284064e-06,0
TSK-2586,EMP-27,0,0.17872732769348923,0
TSK-2586,EMP-28,0,2.1473625497434624e-06,0
TSK-2586,EMP-44,0,1.4340801779109117e-06,0
TSK-2586,EMP-59,0,1.7579093278237876e-06,0
TSK-2586,EMP-1,0,9.216260691479951e-07,0
TSK-2586,EMP-57,0,9.783599100309233e-07,0
TSK-2586,EMP-41,0,0.13997175198804387,0
TSK-2586,EMP-18,0,2.2001503246755553e-06,0
TSK-2586,EMP-68,0,2.021231096086677e-06,0
TSK-2608,EMP-10,1,0.12639395903089184,0
TSK-2608,EMP-48,0,1.4067178781949805e-06,0
TSK-2608,EMP-63,0,1.0692210056035761e-06,0
TSK-2608,EMP-29,0,2.0191009987532705e-06,0
TSK-2608,EMP-49,0,1.1272684212793454e-06,0
TSK-2608,EMP-14,0,1.1530783458493118e-06,0
TSK-2608,EMP-50,0,1.7640720748326794e-06,0
TSK-2608,EMP-57,0,6.290028531667869e-07,0
TSK-2608,EMP-58,0,5.635782156871042e-07,0
TSK-2608,EMP-11,0,0.09456311438825274,0
TSK-2608,EMP-45,0,1.2246668433109977e-06,0
TSK-2608,EMP-44,0,9.219926747991398e-07,0
TSK-2608,EMP-28,0,0.10454580231216538,0
TSK-2608,EMP-62,0,1.021448051369188e-06,0
TSK-2608,EMP-32,0,1.8376066556749634e-06,0
TSK-2608,EMP-1,0,5.925277695449804e-07,0
TSK-2608,EMP-46,0,1.3780985114895846e-06,0
TSK-2608,EMP-7,0,0.11753225042625141,0
TSK-2608,EMP-52,0,1.514947156112086e-06,0
TSK-2608,EMP-15,0,1.906055320817986e-06,0
TSK-2608,EMP-17,0,1.8393581276711918e-06,0
TSK-2619,EMP-22,1,0.11019577576863593,0
TSK-2619,EMP-68,0,1.4641867406016558e-06,0
TSK-2619,EMP-10,0,0.11075727717587795,0
TSK-2619,EMP-55,0,0.08992680835497421,0
TSK-2619,EMP-52,0,1.7069619570975715e-06,0
TSK-2619,EMP-51,0,1.3058326588185184e-06,0
TSK-2619,EMP-42,0,0.164251290070243,0
TSK-2619,EMP-18,0,1.5937965222309198e-06,0
TSK-2619,EMP-49,0,1.2701462208420512e-06,0
TSK-2619,EMP-5,0,0.04946966584322304,0
TSK-2619,EMP-11,0,0.10528678785291996,0
TSK-2619,EMP-48,0,1.5850149793669924e-06,0
TSK-2619,EMP-6,0,1.3634047368263587e-06,0
TSK-2619,EMP-25,0,7.692200511406567e-07,0
TSK-2619,EMP-20,0,2.0968398496610207e-06,0
TSK-2619,EMP-9,0,2.091988999515943e-06,0
TSK-2619,EMP-28,0,0.12579532858772421,0
TSK-2619,EMP-59,0,1.2734354558331322e-06,0
TSK-2619,EMP-16,0,2.0834877600213356e-06,0
TSK-2619,EMP-27,0,0.11641494922116383,0
TSK-2619,EMP-8,0,0.10014577360227674,0
TSK-2624,EMP-11,1,0.6669141053115838,1
TSK-2624,EMP-12,0,1.6563614720355063e-06,0
TSK-2624,EMP-56,0,0.07973331661152971,0
TSK-2624,EMP-45,0,1.2159929768899246e-06,0
TSK-2624,EMP-46,0,1.3683379462811937e-06,0
TSK-2624,EMP-51,0,1.150732171639316e-06,0
TSK-2624,EMP-34,0,9.987109049330132e-07,0
TSK-2624,EMP-8,0,0.12312138972703283,0
TSK-2624,EMP-50,0,1.7515778055359721e-06,0
TSK-2624,EMP-52,0,1.5042173437133344e-06,0
TSK-2624,EMP-32,0,1.824591569121184e-06,0
TSK-2624,EMP-28,0,1.3707953740695618e-06,0
TSK-2624,EMP-14,0,1.1449115139386669e-06,0
TSK-2624,EMP-42,0,1.4304382288418953e-06,0
TSK-2624,EMP-41,0,1.228544710858518e-06,0
TSK-2624,EMP-10,0,0.18365617543304888,0
TSK-2624,EMP-57,0,6.245478538471744e-07,0
TSK-2624,EMP-63,0,1.0616481039125546e-06,0
TSK-2624,EMP-22,0,0.106645536460393,0
TSK-2624,EMP-65,0,1.112218050337505e-06,0
TSK-2624,EMP-68,0,1.2902777457815798e-06,0
TSK-2632,EMP-11,1,3.6593034642089636e-06,0
TSK-2632,EMP-55,1,0.23717725416336144,0
TSK-2632,EMP-30,0,3.047397885496209e-06,0
TSK-2632,EMP-10,0,4.236642590090383e-06,0
TSK-2632,EMP-56,0,3.3443346838011077e-06,0
TSK-2632,EMP-7,0,3.5653971495610055e-06,0
TSK-2632,EMP-29,0,6.544211659037895e-06,0
TSK-2632,EMP-28,0,4.474653780661552e-06,0
TSK-2632,EMP-67,0,2.3194661407570014e-06,0
TSK-2632,EMP-21,0,4.60613954973227e-06,0
TSK-2632,EMP-22,0,3.520604327045937e-06,0
TSK-2632,EMP-15,0,6.177815087606919e-06,0
TSK-2632,EMP-45,0,3.969337496634213e-06,0
TSK-2632,EMP-27,0,4.4815697917775295e-06,0
TSK-2632,EMP-68,0,4.211822825696594e-06,0
TSK-2632,EMP-6,0,3.921917961705669e-06,0
TSK-2632,EMP-41,0,4.010309714930471e-06,0
TSK-2632,EMP-63,0,3.465514340873467e-06,0
TSK-2632,EMP-58,0,1.8266481781840265e-06,0
TSK-2632,EMP-18,0,0.27939042283380644,0
TSK-2632,EMP-24,0,5.248171739576271e-06,0
TSK-2632,EMP-14,0,3.7373085374756075e-06,0
TSK-2634,EMP-11,1,0.3028299670980383,0
TSK-2634,EMP-27,0,0.6513142616544134,1
TSK-2634,EMP-16,0,3.4377357395176365e-07,0
TSK-2634,EMP-66,0,1.3364226375947556e-08,0
TSK-2634,EMP-5,0,0.1611490996388954,0
TSK-2634,EMP-50,0,1.4660033884915851e-08,0
TSK-2634,EMP-55,0,1.7624984147841973e-07,0
TSK-2634,EMP-65,0,2.0824973153737033e-07,0
TSK-2634,EMP-21,0,0.023857401921427882,0
TSK-2634,EMP-49,0,2.0957282188851274e-07,0
TSK-2634,EMP-24,0,3.0103441602521074e-07,0
TSK-2634,EMP-52,0,2.8164707245152505e-07,0
TSK-2634,EMP-63,0,8.885581034401929e-09,0
TSK-2634,EMP-59,0,2.6098267422160874e-09,0
TSK-2634,EMP-25,0,5.67338656447141e-09,0
TSK-2634,EMP-34,0,1.8699683806197124e-07,0
TSK-2634,EMP-32,0,3.4163348123969973e-07,0
TSK-2634,EMP-7,0,0.02213515349937264,0
TSK-2634,EMP-31,0,0.05866807856676428,0
TSK-2634,EMP-18,0,2.629748602693302e-07,0
TSK-2634,EMP-51,0,2.1546105392192297e-07,0
TSK-2672,EMP-22,1,0.36823212974727443,0
TSK-2672,EMP-20,0,9.868600026483299e-06,0
TSK-2672,EMP-32,0,9.744716829491229e-06,0
TSK-2672,EMP-65,0,5.940114846149902e-06,0
TSK-2672,EMP-17,0,9.754004705926084e-06,0
TSK-2672,EMP-15,0,1.0107692979206025e-05,0
TSK-2672,EMP-9,0,9.845770086135154e-06,0
TSK-2672,EMP-48,0,7.459753563538973e-06,0
TSK-2672,EMP-46,0,0.5588437018398517,1
TSK-2672,EMP-58,0,1.0067722528294758e-07,0
TSK-2672,EMP-4,0,8.355085298296718e-06,0
TSK-2672,EMP-63,0,1.910049852340542e-07,0
TSK-2672,EMP-55,0,0.443413861074795,0
TSK-2672,EMP-8,0,6.193673895076278e-06,0
TSK-2672,EMP-40,0,7.294799559916338e-06,0
TSK-2672,EMP-44,0,4.889290591587557e-06,0
TSK-2672,EMP-5,0,0.18295728000526695,0
TSK-2672,EMP-6,0,6.4167669268114565e-06,0
TSK-2672,EMP-28,0,0.42555473805388694,0
TSK-2672,EMP-68,0,6.891087648767894e-06,0
TSK-2672,EMP-66,0,8.527904708614365e-06,0
TSK-2691,EMP-55,1,0.18243225430151616,0
TSK-2691,EMP-17,0,0.11884315064393296,0
TSK-2691,EMP-67,0,0.012335687655887486,0
TSK-2691,EMP-58,0,0.009740242957964645,0
TSK-2691,EMP-10,0,0.12066407113563912,0
TSK-2691,EMP-41,0,0.41665546391900543,0
TSK-2691,EMP-5,0,0.7803994845329575,1
TSK-2691,EMP-51,0,0.03348921238391793,0
TSK-2691,EMP-9,0,0.08683413227456042,0
TSK-2691,EMP-34,0,0.03473240670146575,0
TSK-2691,EMP-22,0,0.08700846982237513,0
TSK-2691,EMP-65,0,0.02093706835102635,0
TSK-2691,EMP-4,0,0.10356372811783285,0
TSK-2691,EMP-56,0,0.017689875002715946,0
TSK-2691,EMP-46,0,0.06592775181855189,0
TSK-2691,EMP-1,0,1.222846738952966e-07,0
TSK-2691,EMP-63,0,0.01831911539036435,0
TSK-2691,EMP-66,0,0.03249154618747435,0
TSK-2691,EMP-32,0,0.031074902577992967,0
TSK-2691,EMP-59,0,2.3324592479091255e-07,0
TSK-2691,EMP-25,0,0.011774614900279088,0
TSK-2695,EMP-56,1,0.14780618014171634,0
TSK-2695,EMP-16,0,1.96143384846065e-06,0
TSK-2695,EMP-42,0,1.5281467544811658e-06,0
TSK-2695,EMP-15,0,2.0218296055505934e-06,0
TSK-2695,EMP-30,0,9.97327728676442e-07,0
TSK-2695,EMP-8,0,0.1113971953578529,0
TSK-2695,EMP-58,0,5.978101485244309e-07,0
TSK-2695,EMP-34,0,1.0669295900185592e-06,0
TSK-2695,EMP-65,0,1.188190029162541e-06,0
TSK-2695,EMP-4,0,1.671255267010226e-06,0
TSK-2695,EMP-62,0,0.09880340756695025,0
TSK-2695,EMP-46,0,1.4618046122871009e-06,0
TSK-2695,EMP-12,0,1.769502043249236e-06,0
TSK-2695,EMP-32,0,0.3260245729747292,0
TSK-2695,EMP-45,0,1.2990534724662274e-06,0
TSK-2695,EMP-6,0,1.283534340094563e-06,0
TSK-2695,EMP-40,0,1.4591666524236502e-06,0
TSK-2695,EMP-10,0,0.1437427013772578,0
TSK-2695,EMP-63,0,0.09495385418580113,0
TSK-2695,EMP-59,0,0.10818376188984635,0
TSK-2695,EMP-44,0,9.779948027069976e-07,0
TSK-2702,EMP-11,1,0.7770057560219502,1
TSK-2702,EMP-5,0,0.05747566091284351,0
TSK-2702,EMP-56,0,1.2209046111113806e-07,0
TSK-2702,EMP-51,0,1.5300507387247479e-06,0
TSK-2702,EMP-62,0,1.2086165473127473e-07,0
TSK-2702,EMP-24,0,2.1377306095710267e-06,0
TSK-2702,EMP-59,0,1.3372815467565335e-07,0
TSK-2702,EMP-10,0,1.725704791391416e-06,0
TSK-2702,EMP-4,0,2.0800719445129438e-06,0
TSK-2702,EMP-52,0,2.0000558309738306e-06,0
TSK-2702,EMP-48,0,1.6644831621465214e-07,0
TSK-2702,EMP-30,0,1.1125026104191777e-07,0
TSK-2702,EMP-1,0,7.011013386661188e-08,0
TSK-2702,EMP-57,0,7.442600654830883e-08,0
TSK-2702,EMP-68,0,1.715594971565308e-06,0
TSK-2702,EMP-27,0,1.8254708583110164e-06,0
TSK-2702,EMP-12,0,2.2023514540948484e-06,0
TSK-2702,EMP-9,0,2.4511937731254317e-06,0
TSK-2702,EMP-58,0,6.668471111142676e-08,0
TSK-2702,EMP-65,0,1.4788411353114468e-06,0
TSK-2702,EMP-15,0,2.5164023482552413e-06,0
TSK-2705,EMP-56,1,1.7265629342058603e-06,0
TSK-2705,EMP-9,0,3.106746023326633e-06,0
TSK-2705,EMP-12,0,2.7913529939351753e-06,0
TSK-2705,EMP-44,0,1.542767344519472e-06,0
TSK-2705,EMP-58,0,9.430338231853926e-07,0
TSK-2705,EMP-10,0,0.2573899800877571,0
TSK-2705,EMP-18,0,2.3668968647312196e-06,0
TSK-2705,EMP-48,0,2.353855682872784e-06,0
TSK-2705,EMP-29,0,3.3785526396427963e-06,0
TSK-2705,EMP-31,0,0.17293593755782194,0
TSK-2705,EMP-34,0,1.6830601157485062e-06,0
TSK-2705,EMP-59,0,0.13787831181863128,0
TSK-2705,EMP-50,0,2.951814392653372e-06,0
TSK-2705,EMP-66,0,2.690902784701609e-06,0
TSK-2705,EMP-1,0,9.91475009879224e-07,0
TSK-2705,EMP-30,0,1.5732646330521793e-06,0
TSK-2705,EMP-7,0,0.14549866594190303,0
TSK-2705,EMP-4,0,2.6363708794073354e-06,0
TSK-2705,EMP-11,0,0.18615116079984126,0
TSK-2705,EMP-51,0,0.14089183786101167,0
TSK-2705,EMP-42,0,0.169338933141266,0
TSK-2720,EMP-5,1,0.07260753625141463,0
TSK-2720,EMP-6,0,0.14781181279153088,0
TSK-2720,EMP-68,0,2.2026286867406197e-06,0
TSK-2720,EMP-9,0,3.147053170160719e-06,0
TSK-2720,EMP-17,0,3.1177215440221944e-06,0
TSK-2720,EMP-15,0,3.230773481763153e-06,0
TSK-2720,EMP-40,0,2.3316695428987925e-06,0
TSK-2720,EMP-14,0,1.9544746949548755e-06,0
TSK-2720,EMP-58,0,9.552688387957527e-07,0
TSK-2720,EMP-21,0,0.16923516927104928,0
TSK-2720,EMP-30,0,1.5936763135059457e-06,0
TSK-2720,EMP-63,0,1.812336107154681e-06,0
TSK-2720,EMP-11,0,0.8173049405112086,1
TSK-2720,EMP-7,0,1.8645712188147607e-06,0
TSK-2720,EMP-16,0,3.1342644678321664e-06,0
TSK-2720,EMP-8,0,0.14340976561495877,0
TSK-2720,EMP-28,0,2.340079918874155e-06,0
TSK-2720,EMP-24,0,2.744602472571336e-06,0
TSK-2720,EMP-52,0,2.5678438475553658e-06,0
TSK-2720,EMP-65,0,1.8986638342305598e-06,0
TSK-2720,EMP-41,0,0.1624831597601685,0
TSK-2721,EMP-32,1,0.476171238953352,0
TSK-2721,EMP-56,0,3.523346891901195e-06,0
TSK-2721,EMP-25,0,2.331151421281325e-06,0
TSK-2721,EMP-20,0,6.354537965285811e-06,0
TSK-2721,EMP-21,0,4.852692061203758e-06,0
TSK-2721,EMP-7,0,3.7562421241810207e-06,0
TSK-2721,EMP-42,0,4.91927948836391e-06,0
TSK-2721,EMP-11,0,3.855174941738173e-06,0
TSK-2721,EMP-46,0,0.36295244667303156,0
TSK-2721,EMP-63,0,3.6510129089942846e-06,0
TSK-2721,EMP-9,0,6.339837376456403e-06,0
TSK-2721,EMP-27,0,4.721454497956777e-06,0
TSK-2721,EMP-29,0,6.894502506341931e-06,0
TSK-2721,EMP-66,0,5.491241738314944e-06,0
TSK-2721,EMP-16,0,0.34809607219525807,0
TSK-2721,EMP-17,0,6.2807480819769366e-06,0
TSK-2721,EMP-41,0,4.2249694190024135e-06,0
TSK-2721,EMP-44,0,0.22554608186096167,0
TSK-2721,EMP-4,0,5.3799604781520205e-06,0
TSK-2721,EMP-48,0,4.803441870500867e-06,0
TSK-2721,EMP-8,0,3.988193289983387e-06,0
TSK-2725,EMP-5,1,0.06947346222353971,0
TSK-2725,EMP-27,0,2.234979302938001e-06,0
TSK-2725,EMP-14,0,1.863812124241624e-06,0
TSK-2725,EMP-18,0,2.286387080781628e-06,0
TSK-2725,EMP-32,0,2.9702683531209174e-06,0
TSK-2725,EMP-65,0,1.8105901673074252e-06,0
TSK-2725,EMP-51,0,1.8732876203150955e-06,0
TSK-2725,EMP-55,0,1.5323732049329167e-06,0
TSK-2725,EMP-41,0,0.15612273042641364,0
TSK-2725,EMP-11,0,0.810105559450483,1
TSK-2725,EMP-58,0,9.109565683963012e-07,0
TSK-2725,EMP-7,0,1.7780790094733004e-06,0
TSK-2725,EMP-42,0,2.328623307085445e-06,0
TSK-2725,EMP-63,0,1.728266933393133e-06,0
TSK-2725,EMP-15,0,3.0809071910894013e-06,0
TSK-2725,EMP-12,0,2.696405411861229e-06,0
TSK-2725,EMP-29,0,3.2636315878151505e-06,0
TSK-2725,EMP-6,0,0.1419283708388033,0
TSK-2725,EMP-50,0,2.8514087483368234e-06,0
TSK-2725,EMP-34,0,1.6258109394864054e-06,0
TSK-2725,EMP-49,0,1.8220935219559015e-06,0
TSK-2745,EMP-5,1,0.7915037669649886,1
TSK-2745,EMP-27,1,0.20987813334726382,0
TSK-2745,EMP-55,1,0.19248597946550852,0
TSK-2745,EMP-4,0,0.10985507611293348,0
TSK-2745,EMP-32,0,0.03312538121150369,0
TSK-2745,EMP-28,0,0.0593785563385448,0
TSK-2745,EMP-45,0,0.1411361230094003,0
TSK-2745,EMP-24,0,0.001590086257466375,0
TSK-2745,EMP-62,0,0.0007012419848594547,0
TSK-2745,EMP-63,0,0.01954488127248234,0
TSK-2745,EMP-10,0,0.1278460879875382,0
TSK-2745,EMP-44,0,0.02015333002541217,0
TSK-2745,EMP-58,0,0.00035383016679160046,0
TSK-2745,EMP-68,0,0.05608639748091899,0
TSK-2745,EMP-12,0,0.12505730564185907,0
TSK-2745,EMP-18,0,0.025694470065179068,0
TSK-2745,EMP-17,0,0.12593230671857422,0
TSK-2745,EMP-15,0,0.040786139431384386,0
TSK-2745,EMP-51,0,0.03569313076381843,0
TSK-2745,EMP-57,0,0.0003948893896735923,0
TSK-2745,EMP-67,0,0.00044924861191684897,0
TSK-2745,EMP-66,0,0.034632160957576326,0
TSK-2745,EMP-34,0,0.03701500616031989,0
TSK-2758,EMP-45,1,0.31153171135089514,0
TSK-2758,EMP-27,0,1.8820203594997761e-06,0
TSK-2758,EMP-29,0,2.7482232537480908e-06,0
TSK-2758,EMP-4,0,2.1445084702934893e-06,0
TSK-2758,EMP-56,0,1.4044413239923208e-06,0
TSK-2758,EMP-16,0,2.516857382196096e-06,0
TSK-2758,EMP-31,0,1.8386604026895774e-06,0
TSK-2758,EMP-15,0,2.5943554941900465e-06,0
TSK-2758,EMP-34,0,1.369054733717456e-06,0
TSK-2758,EMP-62,0,1.3903060324014052e-06,0
TSK-2758,EMP-1,0,8.064972651874875e-07,0
TSK-2758,EMP-12,0,2.27057594927803e-06,0
TSK-2758,EMP-42,0,1.9608756701198194e-06,0
TSK-2758,EMP-58,0,7.670936583640014e-07,0
TSK-2758,EMP-55,0,1.2903731351081318e-06,0
TSK-2758,EMP-11,0,0.782247102506709,1
TSK-2758,EMP-59,0,1.3787079743388223e-07,0
TSK-2758,EMP-66,0,2.188866490035184e-06,0
TSK-2758,EMP-30,0,1.2797435629276119e-06,0
TSK-2758,EMP-22,0,1.4784652779620025e-06,0
TSK-2758,EMP-50,0,2.4011004634316453e-06,0
TSK-2762,EMP-27,1,0.42759862460119,0
TSK-2762,EMP-62,0,5.723335714050083e-08,0
TSK-2762,EMP-52,0,2.519839209118167e-06,0
TSK-2762,EMP-58,0,3.1578169159452825e-08,0
TSK-2762,EMP-28,0,0.20265988751977693,0
TSK-2762,EMP-21,0,0.1794296676477885,0
TSK-2762,EMP-17,0,3.059437230958549e-06,0
TSK-2762,EMP-56,0,5.781525153100888e-08,0
TSK-2762,EMP-48,0,7.882066629947016e-08,0
TSK-2762,EMP-50,0,9.884383030761591e-08,0
TSK-2762,EMP-49,0,1.8750065876143277e-06,0
TSK-2762,EMP-10,0,0.25624845576796107,0
TSK-2762,EMP-68,0,2.161451559979675e-06,0
TSK-2762,EMP-46,0,2.292216573027243e-06,0
TSK-2762,EMP-11,0,0.14800500716413453,0
TSK-2762,EMP-8,0,0.15233383634292685,0
TSK-2762,EMP-59,0,6.332621628549342e-08,0
TSK-2762,EMP-24,0,2.693293423299594e-06,0
TSK-2762,EMP-1,0,3.320025886180771e-08,0
TSK-2762,EMP-6,0,2.01267594837017e-06,0
TSK-2762,EMP-14,0,1.9179366836469643e-06,0
TSK-2783,EMP-16,1,0.5930289556700395,1
TSK-2783,EMP-14,0,0.22062325498003155,0
TSK-2783,EMP-8,0,3.390555651192189e-06,0
TSK-2783,EMP-32,0,5.3344845684427825e-06,0
TSK-2783,EMP-17,0,5.339568990402095e-06,0
TSK-2783,EMP-63,0,3.103902174646784e-06,0
TSK-2783,EMP-44,0,2.676505469965095e-06,0
TSK-2783,EMP-4,0,0.27891200459604426,0
TSK-2783,EMP-34,0,2.919895315167322e-06,0
TSK-2783,EMP-45,0,3.5551536434604157e-06,0
TSK-2783,EMP-40,0,3.993338463897394e-06,0
TSK-2783,EMP-1,0,1.7200839593817565e-06,0
TSK-2783,EMP-5,0,1.4495143676660705e-06,0
TSK-2783,EMP-12,0,4.84263860543248e-06,0
TSK-2783,EMP-6,0,0.2290253579532264,0
TSK-2783,EMP-25,0,1.981823870581265e-06,0
TSK-2783,EMP-31,0,3.921459754556808e-06,0
TSK-2783,EMP-50,0,5.121017900420942e-06,0
TSK-2783,EMP-57,0,1.825969513412713e-06,0
TSK-2783,EMP-7,0,0.2126327193329997,0
TSK-2783,EMP-65,0,3.2517513821867153e-06,0
TSK-2786,EMP-16,1,5.014971799985987e-06,0
TSK-2786,EMP-42,0,3.90715091175638e-06,0
TSK-2786,EMP-50,0,0.2880533352318453,0
TSK-2786,EMP-52,0,4.1086733398826965e-06,0
TSK-2786,EMP-24,0,4.391495153537966e-06,0
TSK-2786,EMP-55,0,0.20645483185569896,0
TSK-2786,EMP-22,0,2.9459235038493918e-06,0
TSK-2786,EMP-46,0,0.25691499073175317,0
TSK-2786,EMP-25,0,1.8515222752692764e-06,0
TSK-2786,EMP-63,0,2.8998260268759574e-06,0
TSK-2786,EMP-57,0,1.7059150631840615e-06,0
TSK-2786,EMP-27,0,3.7500277305433133e-06,0
TSK-2786,EMP-51,0,0.2581055355576974,0
TSK-2786,EMP-56,0,2.798426903751753e-06,0
TSK-2786,EMP-40,0,3.7307836514657885e-06,0
TSK-2786,EMP-34,0,2.7279172640811175e-06,0
TSK-2786,EMP-45,0,3.32140859815947e-06,0
TSK-2786,EMP-5,0,0.1027546109900294,0
TSK-2786,EMP-32,0,0.3555159360013886,0
TSK-2786,EMP-31,0,3.663630820504577e-06,0
TSK-2786,EMP-28,0,3.744240639497501e-06,0
TSK-2788,EMP-22,1,0.3492046215387045,0
TSK-2788,EMP-40,0,3.2763679928670687e-06,0
TSK-2788,EMP-1,0,1.4112567167440404e-06,0
TSK-2788,EMP-51,0,2.7603116708045473e-06,0
TSK-2788,EMP-8,0,2.7818094839170275e-06,0
TSK-2788,EMP-6,0,2.8820092225023853e-06,0
TSK-2788,EMP-25,0,1.6260034081131493e-06,0
TSK-2788,EMP-46,0,3.2822911761541635e-06,0
TSK-2788,EMP-29,0,4.808996938089783e-06,0
TSK-2788,EMP-67,0,1.7044517590369704e-06,0
TSK-2788,EMP-28,0,3.2881859027471348e-06,0
TSK-2788,EMP-17,0,4.380895163911247e-06,0
TSK-2788,EMP-12,0,3.973184013996545e-06,0
TSK-2788,EMP-5,0,0.0913826067850884,0
TSK-2788,EMP-52,0,3.608230254320154e-06,0
TSK-2788,EMP-63,0,2.546622132322773e-06,0
TSK-2788,EMP-16,0,4.4041405762615686e-06,0
TSK-2788,EMP-30,0,2.239370343758072e-06,0
TSK-2788,EMP-34,0,2.3956521080945125e-06,0
TSK-2788,EMP-62,0,2.4328388356678763e-06,0
TSK-2788,EMP-7,0,2.620020764298571e-06,0
TSK-2794,EMP-31,1,0.173520831097681,0
TSK-2794,EMP-58,0,0.048645015933660905,0
TSK-2794,EMP-67,0,7.677603172425438e-07,0
TSK-2794,EMP-20,0,1.996535666559473e-06,0
TSK-2794,EMP-42,0,1.5455895201885251e-06,0
TSK-2794,EMP-65,0,0.09225356943467442,0
TSK-2794,EMP-5,0,0.047214966938220346,0
TSK-2794,EMP-8,0,0.09581420741220475,0
TSK-2794,EMP-22,0,0.12364729895266491,0
TSK-2794,EMP-14,0,1.2370777307826145e-06,0
TSK-2794,EMP-30,0,1.0087115589227024e-06,0
TSK-2794,EMP-17,0,1.973351483972209e-06,0
TSK-2794,EMP-7,0,0.09074737585174461,0
TSK-2794,EMP-10,0,0.16885401403991268,0
TSK-2794,EMP-34,0,1.0791078781912763e-06,0
TSK-2794,EMP-50,0,1.892581011509994e-06,0
TSK-2794,EMP-24,0,1.737186770508659e-06,0
TSK-2794,EMP-66,0,1.7252951438972307e-06,0
TSK-2794,EMP-56,0,0.0928907672387289,0
TSK-2794,EMP-49,0,1.209387608587849e-06,0
TSK-2794,EMP-16,0,1.9838222846338482e-06,0
TSK-2795,EMP-31,1,0.30231391354590453,0
TSK-2795,EMP-52,0,1.9581389574079625e-06,0
TSK-2795,EMP-50,0,2.280144220026121e-06,0
TSK-2795,EMP-51,0,1.4979841474409832e-06,0
TSK-2795,EMP-62,0,1.3202688311916166e-06,0
TSK-2795,EMP-34,0,1.3000880734620932e-06,0
TSK-2795,EMP-4,0,2.036478108518283e-06,0
TSK-2795,EMP-9,0,2.3998220401463146e-06,0
TSK-2795,EMP-59,0,1.4608197473381523e-06,0
TSK-2795,EMP-49,0,1.4570465066069132e-06,0
TSK-2795,EMP-29,0,2.6097806286686957e-06,0
TSK-2795,EMP-40,0,0.14124602442900788,0
TSK-2795,EMP-44,0,1.1917181935094132e-06,0
TSK-2795,EMP-30,0,1.2152759818804626e-06,0
TSK-2795,EMP-65,0,1.4478477862433535e-06,0
TSK-2795,EMP-16,0,2.390069859012616e-06,0
TSK-2795,EMP-68,0,1.6796397765016259e-06,0
TSK-2795,EMP-41,0,1.5992778366953727e-06,0
TSK-2795,EMP-10,0,0.2111911002967255,0
TSK-2795,EMP-12,0,2.1561949079947115e-06,0
TSK-2795,EMP-7,0,0.1359776889787272,0
TSK-2797,EMP-31,1,0.32888810779374156,0
TSK-2797,EMP-67,0,3.524081026463997e-08,0
TSK-2797,EMP-4,0,2.3032166553361715e-06,0
TSK-2797,EMP-52,0,2.214616640157719e-06,0
TSK-2797,EMP-1,0,8.661836235816077e-07,0
TSK-2797,EMP-28,0,0.18259437793816155,0
TSK-2797,EMP-65,0,1.6374874735072257e-06,0
TSK-2797,EMP-22,0,0.11838602374638346,0
TSK-2797,EMP-25,0,9.979882640078607e-07,0
TSK-2797,EMP-62,0,1.493198200395261e-06,0
TSK-2797,EMP-50,0,2.5787981489003116e-06,0
TSK-2797,EMP-49,0,1.6478910439903168e-06,0
TSK-2797,EMP-7,0,0.1510970259371356,0
TSK-2797,EMP-5,0,0.06325151501511611,0
TSK-2797,EMP-32,0,2.6862941422466307e-06,0
TSK-2797,EMP-51,0,1.6941907043995028e-06,0
TSK-2797,EMP-16,0,2.7031218399644115e-06,0
TSK-2797,EMP-58,0,8.238638805692039e-07,0
TSK-2797,EMP-56,0,1.508379598792388e-06,0
TSK-2797,EMP-17,0,2.688854518784438e-06,0
TSK-2797,EMP-6,0,1.7688848385868712e-06,0
TSK-2799,EMP-31,1,0.23177694362234913,0
TSK-2799,EMP-8,0,3.0846176431815317e-06,0
TSK-2799,EMP-9,0,4.9034696223982536e-06,0
TSK-2799,EMP-28,0,3.646114426324583e-06,0
TSK-2799,EMP-40,0,3.6330101075270503e-06,0
TSK-2799,EMP-11,0,0.20137905879702075,0
TSK-2799,EMP-15,0,5.033915230494258e-06,0
TSK-2799,EMP-55,0,0.24901966428115385,0
TSK-2799,EMP-22,0,2.8687189194525484e-06,0
TSK-2799,EMP-34,0,2.6564260108025402e-06,0
TSK-2799,EMP-4,0,4.161063678895364e-06,0
TSK-2799,EMP-52,0,4.000996389668412e-06,0
TSK-2799,EMP-17,0,4.85776766577306e-06,0
TSK-2799,EMP-24,0,4.27640625849438e-06,0
TSK-2799,EMP-27,0,3.651749854240117e-06,0
TSK-2799,EMP-51,0,3.0607797369283877e-06,0
TSK-2799,EMP-10,0,0.2420476602491476,0
TSK-2799,EMP-1,0,1.5648764022638067e-06,0
TSK-2799,EMP-5,0,0.11772866161291584,0
TSK-2799,EMP-7,0,0.19723044392897926,0
TSK-2799,EMP-49,0,2.977133383735807e-06,0
TSK-2808,EMP-21,1,3.4127435586524095e-06,0
TSK-2808,EMP-29,0,4.848686662490736e-06,0
TSK-2808,EMP-51,0,2.783093185782546e-06,0
TSK-2808,EMP-34,0,2.4154240074151805e-06,0
TSK-2808,EMP-45,0,2.9409288608186973e-06,0
TSK-2808,EMP-15,0,4.5772185154953545e-06,0
TSK-2808,EMP-62,0,2.4529176453398616e-06,0
TSK-2808,EMP-59,0,2.7140458202061318e-06,0
TSK-2808,EMP-6,0,2.9057951336758957e-06,0
TSK-2808,EMP-22,0,2.608456871695555e-06,0
TSK-2808,EMP-28,0,3.31532407606167e-06,0
TSK-2808,EMP-44,0,2.2140846155329043e-06,0
TSK-2808,EMP-4,0,3.783555211970611e-06,0
TSK-2808,EMP-50,0,4.236259505194147e-06,0
TSK-2808,EMP-8,0,2.804768425010689e-06,0
TSK-2808,EMP-14,0,2.7690157080921626e-06,0
TSK-2808,EMP-66,0,3.861815912890095e-06,0
TSK-2808,EMP-68,0,3.120589290642646e-06,0
TSK-2808,EMP-25,0,1.6394232199963085e-06,0
TSK-2808,EMP-18,0,3.396823295532784e-06,0
TSK-2808,EMP-52,0,3.6380098194964772e-06,0
TSK-2822,EMP-49,1,0.24698519438061203,0
TSK-2822,EMP-44,1,0.27749502112845303,0
TSK-2822,EMP-32,1,0.39015427182450146,0
TSK-2822,EMP-55,0,0.18734563668890025,0
TSK-2822,EMP-1,0,1.527034803819673e-07,0
TSK-2822,EMP-16,0,5.3171159162541675e-06,0
TSK-2822,EMP-30,0,2.4230878325639887e-07,0
TSK-2822,EMP-68,0,3.7366469125434384e-06,0
TSK-2822,EMP-52,0,4.356214645737522e-06,0
TSK-2822,EMP-42,0,4.1425508487949814e-06,0
TSK-2822,EMP-48,0,3.6253295926402143e-07,0
TSK-2822,EMP-58,0,1.4524273388845962e-07,0
TSK-2822,EMP-50,0,4.5462878463370836e-07,0
TSK-2822,EMP-24,0,4.656075963220783e-06,0
TSK-2822,EMP-10,0,3.7586665330638584e-06,0
TSK-2822,EMP-11,0,0.2154068035451017,0
TSK-2822,EMP-7,0,3.1631504530532557e-06,0
TSK-2822,EMP-46,0,0.25100219886466796,0
TSK-2822,EMP-14,0,3.315666930471722e-06,0
TSK-2822,EMP-66,0,4.1444394186557386e-07,0
TSK-2822,EMP-67,0,1.8442837558503107e-07,0
TSK-2822,EMP-9,0,5.338811234042255e-06,0
TSK-2822,EMP-62,0,0.02177698443708447,0
TSK-2827,EMP-32,1,0.48611170499545875,0
TSK-2827,EMP-15,0,3.6144582614847065e-06,0
TSK-2827,EMP-42,0,2.73189431705696e-06,0
TSK-2827,EMP-50,0,0.22051431616734046,0
TSK-2827,EMP-56,0,1.956669751976008e-06,0
TSK-2827,EMP-10,0,0.17329450388052772,0
TSK-2827,EMP-30,0,1.7829407322797952e-06,0
TSK-2827,EMP-67,0,1.3570493797667626e-06,0
TSK-2827,EMP-22,0,2.059799975345909e-06,0
TSK-2827,EMP-68,0,0.17245435858341465,0
TSK-2827,EMP-29,0,3.828826722159597e-06,0
TSK-2827,EMP-28,0,0.2246693424087919,0
TSK-2827,EMP-7,0,0.1499552124408454,0
TSK-2827,EMP-55,0,0.14258840868609196,0
TSK-2827,EMP-4,0,2.987731537053832e-06,0
TSK-2827,EMP-51,0,2.1977037643364913e-06,0
TSK-2827,EMP-62,0,1.9369764533675664e-06,0
TSK-2827,EMP-46,0,0.18099923006388707,0
TSK-2827,EMP-20,0,3.5289593272840973e-06,0
TSK-2827,EMP-31,0,2.5616239841362994e-06,0
TSK-2827,EMP-25,0,1.2945903980547985e-06,0
TSK-2835,EMP-10,1,0.23156701513633707,0
TSK-2835,EMP-62,0,2.5456523029868544e-06,0
TSK-2835,EMP-22,0,2.707071807421843e-06,0
TSK-2835,EMP-44,0,2.2977900061744543e-06,0
TSK-2835,EMP-6,0,3.0156511619758022e-06,0
TSK-2835,EMP-58,0,1.4045502959965614e-06,0
TSK-2835,EMP-67,0,1.7834891603431292e-06,0
TSK-2835,EMP-30,0,2.3432124809886736e-06,0
TSK-2835,EMP-28,0,3.440662637100993e-06,0
TSK-2835,EMP-32,0,4.579676775185505e-06,0
TSK-2835,EMP-4,0,3.926595567772579e-06,0
TSK-2835,EMP-55,0,0.23833205795951667,0
TSK-2835,EMP-56,0,2.5715340115869893e-06,0
TSK-2835,EMP-46,0,0.35243702197371723,0
TSK-2835,EMP-45,0,3.0521131451606158e-06,0
TSK-2835,EMP-57,0,1.5676015018980905e-06,0
TSK-2835,EMP-12,0,4.157424719093559e-06,0
TSK-2835,EMP-5,0,0.11183675121820023,0
TSK-2835,EMP-34,0,2.506741189441811e-06,0
TSK-2835,EMP-25,0,1.7014030747567787e-06,0
TSK-2835,EMP-20,0,4.637897858226648e-06,0
TSK-2843,EMP-42,1,0.3590698668908107,0
TSK-2843,EMP-4,0,7.031334575523504e-07,0
TSK-2843,EMP-41,0,0.06266524998820734,0
TSK-2843,EMP-58,0,2.5151158151089107e-07,0
TSK-2843,EMP-27,0,0.04959591438416929,0
TSK-2843,EMP-22,0,0.06561744619892564,0
TSK-2843,EMP-48,0,6.277850946267576e-07,0
TSK-2843,EMP-29,0,9.010775799687288e-07,0
TSK-2843,EMP-18,0,6.312632491527044e-07,0
TSK-2843,EMP-7,0,0.0851564102623972,0
TSK-2843,EMP-15,0,8.506278830630866e-07,0
TSK-2843,EMP-57,0,2.807090545775659e-07,0
TSK-2843,EMP-55,0,4.23082499192315e-07,0
TSK-2843,EMP-30,0,4.1959731362128534e-07,0
TSK-2843,EMP-8,0,0.08994195249227217,0
TSK-2843,EMP-16,0,8.252180398048839e-07,0
TSK-2843,EMP-62,0,4.5584813751570337e-07,0
TSK-2843,EMP-12,0,7.444680565474946e-07,0
TSK-2843,EMP-56,0,4.6048276635082393e-07,0
TSK-2843,EMP-59,0,5.043760835803023e-07,0
TSK-2843,EMP-20,0,8.305064794128158e-07,0
TSK-2860,EMP-28,1,0.16448517455065884,0
TSK-2860,EMP-45,0,0.047379110062913614,0
TSK-2860,EMP-7,0,0.091044681750381,0
TSK-2860,EMP-15,0,9.153372516242944e-07,0
TSK-2860,EMP-9,0,8.916177017395183e-07,0
TSK-2860,EMP-27,0,0.05316820415725067,0
TSK-2860,EMP-17,0,0.12278703888503283,0
TSK-2860,EMP-21,0,0.11457583902098373,0
TSK-2860,EMP-31,0,0.16151592044714091,0
TSK-2860,EMP-41,0,0.06711242305873752,0
TSK-2860,EMP-57,0,3.020633002737525e-07,0
TSK-2860,EMP-58,0,2.706447023995166e-07,0
TSK-2860,EMP-68,0,6.240445559687215e-07,0
TSK-2860,EMP-65,0,5.379256968653793e-07,0
TSK-2860,EMP-49,0,5.413433438307355e-07,0
TSK-2860,EMP-30,0,4.515171346718694e-07,0
TSK-2860,EMP-55,0,4.552674469381781e-07,0
TSK-2860,EMP-24,0,7.775958366888635e-07,0
TSK-2860,EMP-22,0,0.07025842431695135,0
TSK-2860,EMP-29,0,9.696247781267111e-07,0
TSK-2860,EMP-14,0,5.5373794211894e-07,0
TSK-2862,EMP-8,1,0.08915035684416292,0
TSK-2862,EMP-44,0,7.635657789761034e-07,0
TSK-2862,EMP-55,0,0.06771051542353487,0
TSK-2862,EMP-34,0,8.330012972929493e-07,0
TSK-2862,EMP-22,0,0.07069637372099503,0
TSK-2862,EMP-51,0,9.597986877446403e-07,0
TSK-2862,EMP-20,0,1.5411963733437906e-06,0
TSK-2862,EMP-10,0,0.11587859890027315,0
TSK-2862,EMP-27,0,1.1451154415272846e-06,0
TSK-2862,EMP-68,0,1.0761903998364982e-06,0
TSK-2862,EMP-25,0,5.653835395383687e-07,0
TSK-2862,EMP-40,0,1.1392390185239419e-06,0
TSK-2862,EMP-56,0,0.11926409834733875,0
TSK-2862,EMP-32,0,0.2741384166820419,0
TSK-2862,EMP-4,0,1.3048264880956452e-06,0
TSK-2862,EMP-28,0,0.30765013106973704,0
TSK-2862,EMP-15,0,1.5785362527160728e-06,0
TSK-2862,EMP-24,0,1.3409957242495197e-06,0
TSK-2862,EMP-12,0,1.381532332063971e-06,0
TSK-2862,EMP-17,0,1.5232996761788412e-06,0
TSK-2862,EMP-67,0,5.926611303519763e-07,0
TSK-2869,EMP-27,1,0.5751795870478654,1
TSK-2869,EMP-67,0,1.4772969307429237e-07,0
TSK-2869,EMP-31,0,0.3107007803952222,0
TSK-2869,EMP-66,0,3.704054691496345e-06,0
TSK-2869,EMP-40,0,0.22666399768941614,0
TSK-2869,EMP-34,0,2.316750021177174e-06,0
TSK-2869,EMP-68,0,2.9931082456962208e-06,0
TSK-2869,EMP-32,0,4.232574139501443e-06,0
TSK-2869,EMP-44,0,2.123635652368483e-06,0
TSK-2869,EMP-29,0,4.650610414624836e-06,0
TSK-2869,EMP-9,0,4.276466413681175e-06,0
TSK-2869,EMP-17,0,4.236608309318467e-06,0
TSK-2869,EMP-63,0,2.4627477789409634e-06,0
TSK-2869,EMP-56,0,0.18022753388052304,0
TSK-2869,EMP-15,0,4.390232106929209e-06,0
TSK-2869,EMP-12,0,3.842325267397171e-06,0
TSK-2869,EMP-50,0,3.6416399707842974e-07,0
TSK-2869,EMP-42,0,3.3182434400181293e-06,0
TSK-2869,EMP-62,0,0.02280685973921277,0
TSK-2869,EMP-4,0,3.628991051036794e-06,0
TSK-2869,EMP-18,0,3.258057688094539e-06,0
TSK-288,EMP-16,1,0.6216747899275328,1
TSK-288,EMP-46,0,6.458802067006533e-06,0
TSK-288,EMP-52,0,0.37517482074677105,0
TSK-288,EMP-44,0,4.3211556776991625e-06,0
TSK-288,EMP-18,0,6.629460159402877e-06,0
TSK-288,EMP-5,0,2.3402089151400843e-06,0
TSK-288,EMP-28,0,6.470401510536478e-06,0
TSK-288,EMP-56,0,4.835949362711154e-06,0
TSK-288,EMP-49,0,5.283229233359952e-06,0
TSK-288,EMP-40,0,6.4471466272234764e-06,0
TSK-288,EMP-34,0,4.714102203037341e-06,0
TSK-288,EMP-48,0,6.5929331647730154e-06,0
TSK-288,EMP-7,0,5.15560791709361e-06,0
TSK-288,EMP-20,0,8.721875067592836e-06,0
TSK-288,EMP-66,0,7.5369665068758205e-06,0
TSK-288,EMP-21,0,0.3812401892890368,0
TSK-288,EMP-14,0,5.404193473769028e-06,0
TSK-288,EMP-58,0,2.641357671380274e-06,0
TSK-288,EMP-8,0,5.4739706451825675e-06,0
TSK-288,EMP-32,0,8.612386894222104e-06,0
TSK-288,EMP-57,0,2.9479867470800813e-06,0
TSK-2892,EMP-16,1,0.08485019717895313,0
TSK-2892,EMP-28,0,0.04233133977273422,0
TSK-2892,EMP-25,0,0.008833654068420082,0
TSK-2892,EMP-56,0,0.013291323390581703,0
TSK-2892,EMP-10,0,0.09308756039893487,0
TSK-2892,EMP-12,0,0.09097789460680841,0
TSK-2892,EMP-68,0,0.039944202507167216,0
TSK-2892,EMP-21,0,0.11779687244093749,0
TSK-2892,EMP-1,0,9.146926243814768e-08,0
TSK-2892,EMP-34,0,0.02620932859170298,0
TSK-2892,EMP-62,0,0.014376685542069063,0
TSK-2892,EMP-14,0,0.038816293242476076,0
TSK-2892,EMP-42,0,0.05693385321234307,0
TSK-2892,EMP-58,0,0.007303654436378382,0
TSK-2892,EMP-66,0,0.024504399235643872,0
TSK-2892,EMP-55,0,0.14303550064766266,0
TSK-2892,EMP-31,0,0.06898012334803028,0
TSK-2892,EMP-48,0,0.025618454434512897,0
TSK-2892,EMP-18,0,0.018131338900938068,0
TSK-2892,EMP-65,0,0.015744049479057946,0
TSK-2892,EMP-6,0,0.034206460255286855,0
TSK-2897,EMP-5,1,0.13363967555209316,0
TSK-2897,EMP-28,0,5.043243780814823e-06,0
TSK-2897,EMP-59,0,1.390784220914254e-07,0
TSK-2897,EMP-55,0,3.463156480829974e-06,0
TSK-2897,EMP-17,0,6.719178920349354e-06,0
TSK-2897,EMP-24,0,1.9925890437659876e-07,0
TSK-2897,EMP-10,0,0.30638022542941085,0
TSK-2897,EMP-34,0,3.6743249038046325e-06,0
TSK-2897,EMP-45,0,4.4737177244314985e-06,0
TSK-2897,EMP-9,0,0.4288042835121141,0
TSK-2897,EMP-42,0,0.47705105436702117,0
TSK-2897,EMP-48,0,5.138749121681872e-06,0
TSK-2897,EMP-40,0,5.025118134017244e-06,0
TSK-2897,EMP-46,0,5.034202780084658e-06,0
TSK-2897,EMP-65,0,4.091924117286262e-06,0
TSK-2897,EMP-57,0,7.740368214135128e-08,0
TSK-2897,EMP-15,0,6.962822668295975e-06,0
TSK-2897,EMP-29,0,7.375776470814154e-06,0
TSK-2897,EMP-30,0,3.434628459393064e-06,0
TSK-2897,EMP-58,0,6.935266882558075e-08,0
TSK-2897,EMP-32,0,6.712780820835056e-06,0
TSK-2904,EMP-5,1,0.23062549949080668,0
TSK-2904,EMP-55,1,3.5914733876828898e-06,0
TSK-2904,EMP-20,0,7.0500028342063315e-06,0
TSK-2904,EMP-41,0,0.28387303787569623,0
TSK-2904,EMP-57,0,8.027165417798042e-08,0
TSK-2904,EMP-40,0,5.211308557294686e-06,0
TSK-2904,EMP-51,0,0.27076152393291897,0
TSK-2904,EMP-7,0,0.27823949003939263,0
TSK-2904,EMP-44,0,3.4928422890870494e-06,0
TSK-2904,EMP-52,0,1.9333363527588292e-07,0
TSK-2904,EMP-11,0,0.3411720274544628,0
TSK-2904,EMP-12,0,6.31964400095948e-06,0
TSK-2904,EMP-18,0,5.3586750331425036e-06,0
TSK-2904,EMP-15,0,2.4324593003554845e-07,0
TSK-2904,EMP-62,0,1.303545006178156e-07,0
TSK-2904,EMP-45,0,0.2817900398587369,0
TSK-2904,EMP-8,0,4.424677519140673e-06,0
TSK-2904,EMP-16,0,7.005110609111957e-06,0
TSK-2904,EMP-10,0,0.4396854631751162,0
TSK-2904,EMP-22,0,4.114985638571114e-06,0
TSK-2904,EMP-48,0,1.795216779829115e-07,0
TSK-2904,EMP-58,0,7.192233361432857e-08,0
TSK-2907,EMP-5,1,0.11657441674019875,0
TSK-2907,EMP-41,0,0.35903385343030275,0
TSK-2907,EMP-6,0,1.4095088180504938e-06,0
TSK-2907,EMP-62,0,1.1898320720260201e-06,0
TSK-2907,EMP-14,0,1.3431613735429175e-06,0
TSK-2907,EMP-9,0,2.1627303982369448e-06,0
TSK-2907,EMP-67,0,8.335984215876137e-07,0
TSK-2907,EMP-8,0,0.14142568239514933,0
TSK-2907,EMP-45,0,1.426551097679574e-06,0
TSK-2907,EMP-29,0,2.351946069753737e-06,0
TSK-2907,EMP-42,0,1.6781290587412504e-06,0
TSK-2907,EMP-56,0,1.201929140078902e-06,0
TSK-2907,EMP-55,0,0.08541213637838631,0
TSK-2907,EMP-66,0,1.873245019744149e-06,0
TSK-2907,EMP-12,0,1.943172486038942e-06,0
TSK-2907,EMP-46,0,1.6052756758211992e-06,0
TSK-2907,EMP-28,0,0.11971679928061356,0
TSK-2907,EMP-59,0,1.316497193528763e-06,0
TSK-2907,EMP-17,0,2.142572981787451e-06,0
TSK-2907,EMP-7,0,0.13430510631116874,0
TSK-2907,EMP-57,0,7.3269297984173e-07,0
TSK-2913,EMP-41,1,0.36880336119056184,0
TSK-2913,EMP-8,0,0.09886888322722215,0
TSK-2913,EMP-44,0,1.0241534793754075e-06,0
TSK-2913,EMP-15,0,2.1172543222967315e-06,0
TSK-2913,EMP-1,0,6.581824514946755e-07,0
TSK-2913,EMP-20,0,2.067171228369448e-06,0
TSK-2913,EMP-5,0,0.048803868506940205,0
TSK-2913,EMP-16,0,2.0540080598232655e-06,0
TSK-2913,EMP-56,0,1.1461647486644789e-06,0
TSK-2913,EMP-55,0,0.088767359893301,0
TSK-2913,EMP-11,0,0.10395192025646437,0
TSK-2913,EMP-31,0,0.14243057455474958,0
TSK-2913,EMP-58,0,6.260251617990099e-07,0
TSK-2913,EMP-40,0,1.5280352881158204e-06,0
TSK-2913,EMP-29,0,2.242825911989556e-06,0
TSK-2913,EMP-51,0,1.2873561476806888e-06,0
TSK-2913,EMP-62,0,0.09498894373710129,0
TSK-2913,EMP-68,0,1.4434696462522835e-06,0
TSK-2913,EMP-4,0,1.7501338819910694e-06,0
TSK-2913,EMP-42,0,0.16230446023349251,0
TSK-2913,EMP-28,0,0.12423655036125988,0
TSK-2921,EMP-42,1,0.5148640952937203,1
TSK-2921,EMP-32,1,0.13584296443038993,0
TSK-2921,EMP-5,0,0.04862376736966387,0
TSK-2921,EMP-46,0,1.1650509801471859e-06,0
TSK-2921,EMP-4,0,1.331982163231668e-06,0
TSK-2921,EMP-14,0,9.748178371031965e-07,0
TSK-2921,EMP-11,0,0.08113012947467359,0
TSK-2921,EMP-48,0,1.189245932978571e-06,0
TSK-2921,EMP-56,0,8.723165677499932e-07,0
TSK-2921,EMP-21,0,0.18553765237708927,0
TSK-2921,EMP-31,0,0.2532350471722775,0
TSK-2921,EMP-7,0,0.14989994079073693,0
TSK-2921,EMP-68,0,1.0985877714180647e-06,0
TSK-2921,EMP-9,0,1.5696316797223558e-06,0
TSK-2921,EMP-45,0,0.08050716187933625,0
TSK-2921,EMP-44,0,7.7945690004449e-07,0
TSK-2921,EMP-51,0,9.7977375015955e-07,0
TSK-2921,EMP-16,0,1.5632531462918937e-06,0
TSK-2921,EMP-18,0,1.1958347781492726e-06,0
TSK-2921,EMP-58,0,4.7645162114473957e-07,0
TSK-2921,EMP-41,0,0.11241009876830847,0
TSK-2921,EMP-24,0,1.3689041421381902e-06,0
TSK-2925,EMP-62,1,0.11100752165474084,0
TSK-2925,EMP-65,0,0.09471426809700818,0
TSK-2925,EMP-44,0,1.018302338471272e-06,0
TSK-2925,EMP-58,0,0.05000661269947645,0
TSK-2925,EMP-9,0,2.050606291249897e-06,0
TSK-2925,EMP-40,0,0.12322497501852243,0
TSK-2925,EMP-31,0,0.1777247893606643,0
TSK-2925,EMP-51,0,1.2800012927743436e-06,0
TSK-2925,EMP-24,0,1.7883708993064011e-06,0
TSK-2925,EMP-68,0,1.4352228932608014e-06,0
TSK-2925,EMP-5,0,0.048538578197411204,0
TSK-2925,EMP-4,0,1.740135114463473e-06,0
TSK-2925,EMP-32,0,2.029559482237872e-06,0
TSK-2925,EMP-67,0,7.90381478564325e-07,0
TSK-2925,EMP-21,0,0.21388105606080063,0
TSK-2925,EMP-59,0,1.2482449551853434e-06,0
TSK-2925,EMP-1,0,6.544221560475318e-07,0
TSK-2925,EMP-25,0,7.540036947209139e-07,0
TSK-2925,EMP-46,0,0.11403771569617278,0
TSK-2925,EMP-55,0,1.0470572966360129e-06,0
TSK-2925,EMP-50,0,1.9483436366929614e-06,0
TSK-2959,EMP-58,1,4.953669990090769e-07,0
TSK-2959,EMP-68,0,1.1422022507270287e-06,0
TSK-2959,EMP-48,0,1.236459581808133e-06,0
TSK-2959,EMP-29,0,1.774724698024874e-06,0
TSK-2959,EMP-18,0,1.2433100070496023e-06,0
TSK-2959,EMP-12,0,1.4662733562953695e-06,0
TSK-2959,EMP-5,0,4.388886807228313e-07,0
TSK-2959,EMP-27,0,1.2153550424940972e-06,0
TSK-2959,EMP-4,0,1.3848625028026575e-06,0
TSK-2959,EMP-49,0,0.08396132987642571,0
TSK-2959,EMP-20,0,1.6357309231737846e-06,0
TSK-2959,EMP-65,0,9.84577110307003e-07,0
TSK-2959,EMP-50,0,0.15805972629667656,0
TSK-2959,EMP-14,0,1.013518593623185e-06,0
TSK-2959,EMP-9,0,1.6319468052605516e-06,0
TSK-2959,EMP-24,0,1.4232503001392468e-06,0
TSK-2959,EMP-11,0,0.0912518530662815,0
TSK-2959,EMP-34,0,8.840963187962173e-07,0
TSK-2959,EMP-62,0,0.08328212969130445,0
TSK-2959,EMP-66,0,1.4135076710171972e-06,0
TSK-2959,EMP-16,0,1.6253150414254165e-06,0
TSK-2960,EMP-59,1,0.09614484034017011,0
TSK-2960,EMP-8,0,0.09904038894120946,0
TSK-2960,EMP-51,0,1.0779800458147718e-06,0
TSK-2960,EMP-50,0,0.1657370462823345,0
TSK-2960,EMP-22,0,0.07871610670908871,0
TSK-2960,EMP-25,0,6.35000038274298e-07,0
TSK-2960,EMP-11,0,0.0960543761050267,0
TSK-2960,EMP-27,0,1.2861150819597616e-06,0
TSK-2960,EMP-1,0,5.511353465718405e-07,0
TSK-2960,EMP-65,0,1.0419008797081268e-06,0
TSK-2960,EMP-17,0,1.7108655822814029e-06,0
TSK-2960,EMP-40,0,1.2795150878296342e-06,0
TSK-2960,EMP-62,0,0.08770569297796423,0
TSK-2960,EMP-9,0,1.7269614844292062e-06,0
TSK-2960,EMP-68,0,1.208703215276422e-06,0
TSK-2960,EMP-63,0,0.08424810443273105,0
TSK-2960,EMP-48,0,1.308448361871047e-06,0
TSK-2960,EMP-6,0,1.1255064770414578e-06,0
TSK-2960,EMP-67,0,6.656363563404218e-07,0
TSK-2960,EMP-21,0,0.1607193107586343,0
TSK-2960,EMP-12,0,1.551642264459499e-06,0
TSK-2962,EMP-56,1,0.12790016763894851,0
TSK-2962,EMP-25,0,6.123278625542519e-07,0
TSK-2962,EMP-44,0,8.269653447075249e-07,0
TSK-2962,EMP-30,0,8.433127344959138e-07,0
TSK-2962,EMP-29,0,1.8109978396556298e-06,0
TSK-2962,EMP-17,0,1.6497805389191125e-06,0
TSK-2962,EMP-41,0,1.1097820941962721e-06,0
TSK-2962,EMP-24,0,1.4523397573865858e-06,0
TSK-2962,EMP-31,0,0.1735687316690355,0
TSK-2962,EMP-58,0,5.054916909076618e-07,0
TSK-2962,EMP-1,0,5.314574919570997e-07,0
TSK-2962,EMP-21,0,0.15587542021212383,0
TSK-2962,EMP-50,0,0.1607708961511291,0
TSK-2962,EMP-63,0,0.08148519906351594,0
TSK-2962,EMP-7,0,0.1352113550688142,0
TSK-2962,EMP-28,0,0.3248953375192484,0
TSK-2962,EMP-55,0,0.07292261009017617,0
TSK-2962,EMP-52,0,1.3588056694760377e-06,0
TSK-2962,EMP-42,0,1.292158722571742e-06,0
TSK-2962,EMP-18,0,1.2687217142754376e-06,0
TSK-2962,EMP-11,0,0.09294358270322495,0
TSK-2965,EMP-56,1,0.15051283226806803,0
TSK-2965,EMP-4,0,1.7072820159234421e-06,0
TSK-2965,EMP-32,0,0.33072823236434873,0
TSK-2965,EMP-40,0,1.4906214774505307e-06,0
TSK-2965,EMP-68,0,1.4081264150316362e-06,0
TSK-2965,EMP-45,0,1.3270567894914792e-06,0
TSK-2965,EMP-16,0,2.0037158775533843e-06,0
TSK-2965,EMP-55,0,0.08678251429057736,0
TSK-2965,EMP-1,0,6.420668979398968e-07,0
TSK-2965,EMP-28,0,0.3676538107739239,0
TSK-2965,EMP-31,0,0.2023818538525165,0
TSK-2965,EMP-7,0,0.15888114156989494,0
TSK-2965,EMP-14,0,1.2494830452799294e-06,0
TSK-2965,EMP-24,0,1.7546071288312423e-06,0
TSK-2965,EMP-65,0,1.2138034981585691e-06,0
TSK-2965,EMP-21,0,0.18239963399518863,0
TSK-2965,EMP-8,0,0.11352593875762322,0
TSK-2965,EMP-41,0,1.3407549458381072e-06,0
TSK-2965,EMP-48,0,1.5243284269024826e-06,0
TSK-2965,EMP-66,0,1.7425962542269464e-06,0
TSK-2965,EMP-5,0,5.41069539467411e-07,0
TSK-2966,EMP-56,1,0.1566381429531354,0
TSK-2966,EMP-17,0,2.089318477900398e-06,0
TSK-2966,EMP-9,0,2.1089748748010303e-06,0
TSK-2966,EMP-4,0,1.7896664431657221e-06,0
TSK-2966,EMP-55,0,0.09059082346570634,0
TSK-2966,EMP-16,0,2.100404609756788e-06,0
TSK-2966,EMP-21,0,0.1895330884015763,0
TSK-2966,EMP-11,0,0.11486162091132031,0
TSK-2966,EMP-14,0,1.3097765372005448e-06,0
TSK-2966,EMP-25,0,7.754657308655446e-07,0
TSK-2966,EMP-40,0,1.5625510259376394e-06,0
TSK-2966,EMP-15,0,2.1650794946778103e-06,0
TSK-2966,EMP-52,0,1.7208216161017966e-06,0
TSK-2966,EMP-41,0,1.4054527343078543e-06,0
TSK-2966,EMP-49,0,0.10590463315186427,0
TSK-2966,EMP-27,0,1.57061097361887e-06,0
TSK-2966,EMP-7,0,0.16528075025293268,0
TSK-2966,EMP-1,0,6.730496952807383e-07,0
TSK-2966,EMP-63,0,0.10100199658646376,0
TSK-2966,EMP-42,0,1.6364184744502158e-06,0
TSK-2966,EMP-29,0,2.2934875264014496e-06,0
TSK-2969,EMP-8,1,0.11711809966256408,0
TSK-2969,EMP-30,0,8.820014869361791e-07,0
TSK-2969,EMP-31,0,0.09679198492443464,0
TSK-2969,EMP-7,0,0.11106306040688226,0
TSK-2969,EMP-18,0,1.326926976062728e-06,0
TSK-2969,EMP-45,0,1.1488371388423926e-06,0
TSK-2969,EMP-65,0,0.39007894096520407,0
TSK-2969,EMP-14,0,1.0816812989345284e-06,0
TSK-2969,EMP-63,0,1.0030162862283715e-06,0
TSK-2969,EMP-5,0,0.09606026301792926,0
TSK-2969,EMP-62,0,9.582013659099234e-07,0
TSK-2969,EMP-55,0,0.06994756472574995,0
TSK-2969,EMP-21,0,0.12858533774872472,0
TSK-2969,EMP-51,0,1.0871804985720292e-06,0
TSK-2969,EMP-50,0,1.6548431876961657e-06,0
TSK-2969,EMP-22,0,0.15011234101799398,0
TSK-2969,EMP-48,0,1.3196158362480615e-06,0
TSK-2969,EMP-59,0,1.0602079653256285e-06,0
TSK-2969,EMP-17,0,1.7254676409909207e-06,0
TSK-2969,EMP-44,0,8.649041267706349e-07,0
TSK-2969,EMP-9,0,1.741700919739914e-06,0
TSK-3025,EMP-7,1,0.23000032948047183,0
TSK-3025,EMP-10,0,0.21333293713789686,0
TSK-3025,EMP-67,0,1.755611671280859e-06,0
TSK-3025,EMP-20,0,4.565403678613679e-06,0
TSK-3025,EMP-52,0,3.7165327511246293e-06,0
TSK-3025,EMP-8,0,2.865306696667675e-06,0
TSK-3025,EMP-22,0,2.664757955580109e-06,0
TSK-3025,EMP-27,0,3.392116931233114e-06,0
TSK-3025,EMP-34,0,2.4675586690809677e-06,0
TSK-3025,EMP-5,0,0.0938680327670847,0
TSK-3025,EMP-58,0,1.3825959432646945e-06,0
TSK-3025,EMP-17,0,0.27620300861898633,0
TSK-3025,EMP-32,0,4.508092635153596e-06,0
TSK-3025,EMP-16,0,0.2772622268933538,0
TSK-3025,EMP-9,0,4.554842054387754e-06,0
TSK-3025,EMP-62,0,2.5058615699853812e-06,0
TSK-3025,EMP-63,0,2.623060113686299e-06,0
TSK-3025,EMP-50,0,4.327695023153136e-06,0
TSK-3025,EMP-46,0,3.3808105122010436e-06,0
TSK-3025,EMP-11,0,2.769739919935352e-06,0
TSK-3025,EMP-18,0,3.470140466827562e-06,0
TSK-3030,EMP-5,1,0.19254611959329562,0
TSK-3030,EMP-7,0,0.21896784671779276,0
TSK-3030,EMP-16,0,3.892395411389664e-06,0
TSK-3030,EMP-62,0,1.516755196797287e-08,0
TSK-3030,EMP-40,0,0.24271528444771337,0
TSK-3030,EMP-31,0,0.008035579397268296,0
TSK-3030,EMP-46,0,2.9009004654285706e-06,0
TSK-3030,EMP-8,0,0.229387685639391,0
TSK-3030,EMP-58,0,8.368607691004172e-09,0
TSK-3030,EMP-65,0,0.046115219866516746,0
TSK-3030,EMP-28,0,0.008210932874119085,0
TSK-3030,EMP-29,0,4.25020913198754e-06,0
TSK-3030,EMP-18,0,2.9775499652057966e-06,0
TSK-3030,EMP-59,0,1.6782235548208263e-08,0
TSK-3030,EMP-57,0,9.340102770883771e-09,0
TSK-3030,EMP-11,0,0.18022379074230419,0
TSK-3030,EMP-10,0,0.010155183238376246,0
TSK-3030,EMP-41,0,0.5030417196021334,1
TSK-3030,EMP-52,0,1.0742566663556047e-07,0
TSK-3030,EMP-14,0,2.42723311431048e-06,0
TSK-3030,EMP-48,0,2.0888457901939342e-08,0
TSK-3032,EMP-42,1,0.42624038470547704,0
TSK-3032,EMP-32,1,0.09912936834253831,0
TSK-3032,EMP-34,0,5.952328168429886e-07,0
TSK-3032,EMP-41,0,0.0814327952238387,0
TSK-3032,EMP-9,0,1.0987360885207016e-06,0
TSK-3032,EMP-67,0,4.2349433428067875e-07,0
TSK-3032,EMP-51,0,6.858377040251752e-07,0
TSK-3032,EMP-29,0,1.1948638016810717e-06,0
TSK-3032,EMP-62,0,6.044723892326653e-07,0
TSK-3032,EMP-25,0,4.0400274552103455e-07,0
TSK-3032,EMP-49,0,6.670947821958726e-07,0
TSK-3032,EMP-8,0,0.11586874625393159,0
TSK-3032,EMP-63,0,0.0911306738965582,0
TSK-3032,EMP-5,0,0.03454028323629473,0
TSK-3032,EMP-6,0,7.160752134718179e-07,0
TSK-3032,EMP-22,0,0.08518878622393085,0
TSK-3032,EMP-50,0,1.0439426495424478e-06,0
TSK-3032,EMP-11,0,0.05820748332225187,0
TSK-3032,EMP-28,0,0.19523456593485267,0
TSK-3032,EMP-17,0,0.14711378763019947,0
TSK-3032,EMP-15,0,1.127965566434388e-06,0
TSK-3032,EMP-31,0,0.19183767898179618,0
TSK-3033,EMP-42,1,1.600843224057912e-06,0
TSK-3033,EMP-56,0,1.0276134209711202e-07,0
TSK-3033,EMP-58,0,5.6127319765147866e-08,0
TSK-3033,EMP-41,0,0.34825712518831003,0
TSK-3033,EMP-16,0,2.05474245966046e-06,0
TSK-3033,EMP-59,0,1.1255657936659135e-07,0
TSK-3033,EMP-31,0,0.1126425814276436,0
TSK-3033,EMP-7,0,0.1289171105283846,0
TSK-3033,EMP-62,0,1.0172707787991392e-07,0
TSK-3033,EMP-63,0,1.1881199858062e-06,0
TSK-3033,EMP-27,0,0.11499349785763488,0
TSK-3033,EMP-15,0,2.1180113354563344e-06,0
TSK-3033,EMP-9,0,2.06312641016339e-06,0
TSK-3033,EMP-48,0,1.400965507745169e-07,0
TSK-3033,EMP-65,0,0.43103742159790553,0
TSK-3033,EMP-51,0,1.2878164354900894e-06,0
TSK-3033,EMP-28,0,0.11483641663077829,0
TSK-3033,EMP-29,0,2.243627822510609e-06,0
TSK-3033,EMP-21,0,0.148784738315043,0
TSK-3033,EMP-17,0,2.043897336407749e-06,0
TSK-3033,EMP-10,0,0.13850249139109574,0
TSK-3035,EMP-42,1,0.4270998354605444,0
TSK-3035,EMP-12,0,9.906680291546566e-07,0
TSK-3035,EMP-17,0,0.14755516200730434,0
TSK-3035,EMP-8,0,0.11622915343384163,0
TSK-3035,EMP-15,0,1.1319354960388933e-06,0
TSK-3035,EMP-18,0,8.400257564152069e-07,0
TSK-3035,EMP-11,0,0.05840038346575236,0
TSK-3035,EMP-62,0,6.065998602877981e-07,0
TSK-3035,EMP-9,0,1.1026031436712324e-06,0
TSK-3035,EMP-58,0,3.3468799795146065e-07,0
TSK-3035,EMP-63,0,0.09142209044541753,0
TSK-3035,EMP-4,0,9.356638475240086e-07,0
TSK-3035,EMP-34,0,5.973277687766054e-07,0
TSK-3035,EMP-56,0,6.127671878347846e-07,0
TSK-3035,EMP-51,0,6.882515442115674e-07,0
TSK-3035,EMP-1,0,3.518800580493153e-07,0
TSK-3035,EMP-49,0,6.694426557733011e-07,0
TSK-3035,EMP-50,0,1.047616856719156e-06,0
TSK-3035,EMP-67,0,4.2498484421607666e-07,0
TSK-3035,EMP-44,0,5.475370033542696e-07,0
TSK-3035,EMP-66,0,9.55017581587085e-07,0
TSK-3037,EMP-42,1,0.4010914715924223,0
TSK-3037,EMP-11,0,3.0277975514320645e-06,0
TSK-3037,EMP-27,0,0.2728439911127492,0
TSK-3037,EMP-34,0,2.6974620442997658e-06,0
TSK-3037,EMP-14,0,0.29055064300715894,0
TSK-3037,EMP-7,0,0.2143919001266511,0
TSK-3037,EMP-28,0,3.702438947601589e-06,0
TSK-3037,EMP-66,0,4.312741802590617e-06,0
TSK-3037,EMP-51,0,3.1080621410793087e-06,0
TSK-3037,EMP-62,0,2.7393336312039883e-06,0
TSK-3037,EMP-25,0,1.8308513526453047e-06,0
TSK-3037,EMP-10,0,0.24487117953167,0
TSK-3037,EMP-55,0,2.5424351086575253e-06,0
TSK-3037,EMP-59,0,3.030952457517091e-06,0
TSK-3037,EMP-46,0,3.695801592858285e-06,0
TSK-3037,EMP-31,0,0.23451772373516644,0
TSK-3037,EMP-29,0,5.41484413525367e-06,0
TSK-3037,EMP-15,0,5.111678139933532e-06,0
TSK-3037,EMP-65,0,3.0040378869512794e-06,0
TSK-3037,EMP-67,0,1.9191828025326413e-06,0
TSK-3037,EMP-18,0,3.7934544132887975e-06,0
TSK-3038,EMP-42,1,0.4631096997819829,0
TSK-3038,EMP-45,0,0.06643541676597395,0
TSK-3038,EMP-6,0,8.314426378295787e-07,0
TSK-3038,EMP-46,0,9.469218868415256e-07,0
TSK-3038,EMP-31,0,0.21606681225537103,0
TSK-3038,EMP-48,0,8.662999698042506e-08,0
TSK-3038,EMP-27,0,0.07437115655261337,0
TSK-3038,EMP-32,0,0.1132908420240074,0
TSK-3038,EMP-50,0,1.0863699973762684e-07,0
TSK-3038,EMP-24,0,9.971712171955528e-08,0
TSK-3038,EMP-68,0,8.929023795129371e-07,0
TSK-3038,EMP-30,0,6.460448217204137e-07,0
TSK-3038,EMP-58,0,3.872469253321009e-07,0
TSK-3038,EMP-25,0,4.6909195988858075e-07,0
TSK-3038,EMP-17,0,0.16686055413967685,0
TSK-3038,EMP-12,0,1.1462410099657371e-06,0
TSK-3038,EMP-59,0,6.960040039718154e-08,0
TSK-3038,EMP-9,0,1.2757542199635266e-06,0
TSK-3038,EMP-16,0,1.2705699188131915e-06,0
TSK-3038,EMP-34,0,6.911312438737289e-07,0
TSK-3038,EMP-63,0,0.010326562210777572,0
TSK-3048,EMP-65,1,0.08350637582240297,0
TSK-3048,EMP-27,0,0.23283031988726904,0
TSK-3048,EMP-4,0,4.089279454047603e-06,0
TSK-3048,EMP-51,0,1.548864300846518e-07,0
TSK-3048,EMP-40,0,0.28324843132523975,0
TSK-3048,EMP-59,0,4.004774813485946e-10,0
TSK-3048,EMP-6,0,3.140593572681846e-06,0
TSK-3048,EMP-22,0,0.32826599024551795,0
TSK-3048,EMP-46,0,3.5767901507015125e-06,0
TSK-3048,EMP-28,0,0.015363526983300256,0
TSK-3048,EMP-45,0,3.1785662191871345e-06,0
TSK-3048,EMP-44,0,2.3929905522186025e-06,0
TSK-3048,EMP-63,0,7.357958973454075e-09,0
TSK-3048,EMP-58,0,3.878321960812276e-09,0
TSK-3048,EMP-5,0,0.22721486109955497,0
TSK-3048,EMP-17,0,4.773964370623197e-06,0
TSK-3048,EMP-66,0,1.1066629079311326e-08,0
TSK-3048,EMP-56,0,7.10067020386403e-09,0
TSK-3048,EMP-12,0,4.329672111506408e-06,0
TSK-3048,EMP-21,0,0.02058935391663979,0
TSK-3048,EMP-32,0,4.7694185237508295e-06,0
TSK-3055,EMP-10,1,0.11342002035560751,0
TSK-3055,EMP-68,0,1.1490297599800599e-06,0
TSK-3055,EMP-24,0,1.431757770545691e-06,0
TSK-3055,EMP-30,0,8.313616315002133e-07,0
TSK-3055,EMP-12,0,1.4750379963908846e-06,0
TSK-3055,EMP-44,0,8.152459104294985e-07,0
TSK-3055,EMP-63,0,9.454284083244336e-07,0
TSK-3055,EMP-67,0,6.327739949618604e-07,0
TSK-3055,EMP-16,0,1.6350303506749616e-06,0
TSK-3055,EMP-48,0,1.2438505131689748e-06,0
TSK-3055,EMP-7,0,0.10535823567962285,0
TSK-3055,EMP-62,0,9.031865208311438e-07,0
TSK-3055,EMP-57,0,5.56177939710361e-07,0
TSK-3055,EMP-66,0,1.421956904997435e-06,0
TSK-3055,EMP-18,0,1.250741886744031e-06,0
TSK-3055,EMP-52,0,1.3395492091023226e-06,0
TSK-3055,EMP-49,0,9.96755199216688e-07,0
TSK-3055,EMP-28,0,0.09357429194866956,0
TSK-3055,EMP-9,0,1.6417017557667806e-06,0
TSK-3055,EMP-22,0,0.14272376607284898,0
TSK-3055,EMP-29,0,1.7853331008533322e-06,0
TSK-3056,EMP-10,1,0.2180479151225992,0
TSK-3056,EMP-20,0,4.6944420164732325e-06,0
TSK-3056,EMP-42,0,3.6341373343134104e-06,0
TSK-3056,EMP-15,0,4.808177900830727e-06,0
TSK-3056,EMP-32,0,0.28161696261583335,0
TSK-3056,EMP-16,0,4.66454919998582e-06,0
TSK-3056,EMP-45,0,0.2548115780863589,0
TSK-3056,EMP-52,0,3.8215783639929915e-06,0
TSK-3056,EMP-55,0,0.16822058725530728,0
TSK-3056,EMP-44,0,2.32580418704879e-06,0
TSK-3056,EMP-68,0,3.2780496532678486e-06,0
TSK-3056,EMP-49,0,2.8436286603532025e-06,0
TSK-3056,EMP-65,0,0.1928719772388868,0
TSK-3056,EMP-30,0,2.3717804419751e-06,0
TSK-3056,EMP-40,0,3.4700937571042483e-06,0
TSK-3056,EMP-46,0,3.476367166380138e-06,0
TSK-3056,EMP-4,0,3.974467730505621e-06,0
TSK-3056,EMP-28,0,0.22751076320328686,0
TSK-3056,EMP-62,0,2.576688361972108e-06,0
TSK-3056,EMP-17,0,4.639929336106036e-06,0
TSK-3056,EMP-41,0,0.29246997677301384,0
TSK-3059,EMP-28,1,0.2966257711356505,0
TSK-3059,EMP-8,0,0.08499453807705522,0
TSK-3059,EMP-46,0,1.0831540966583902e-06,0
TSK-3059,EMP-34,0,7.905632725167406e-07,0
TSK-3059,EMP-40,0,1.0811994454766427e-06,0
TSK-3059,EMP-51,0,9.109008580276156e-07,0
TSK-3059,EMP-30,0,7.389903383647623e-07,0
TSK-3059,EMP-11,0,0.08239327286325575,0
TSK-3059,EMP-52,0,1.1907140547236108e-06,0
TSK-3059,EMP-10,0,0.11062814992457166,0
TSK-3059,EMP-67,0,5.624674517197398e-07,0
TSK-3059,EMP-56,0,0.11388001108370933,0
TSK-3059,EMP-9,0,1.45929496773906e-06,0
TSK-3059,EMP-44,0,7.246652086082816e-07,0
TSK-3059,EMP-5,0,3.9245639641695606e-07,0
TSK-3059,EMP-63,0,0.0721321312609487,0
TSK-3059,EMP-18,0,1.1117739598984912e-06,0
TSK-3059,EMP-17,0,1.445693810188163e-06,0
TSK-3059,EMP-62,0,0.07513327038827268,0
TSK-3059,EMP-15,0,1.4981163140897783e-06,0
TSK-3059,EMP-55,0,0.064483378030028,0
TSK-3076,EMP-42,1,0.3965507172669306,0
TSK-3076,EMP-5,1,0.03067567952730164,0
TSK-3076,EMP-27,0,0.057680057318176846,0
TSK-3076,EMP-30,0,4.921781861755034e-07,0
TSK-3076,EMP-57,0,3.2926539841703695e-07,0
TSK-3076,EMP-14,0,6.036044095156899e-07,0
TSK-3076,EMP-25,0,3.573696630250659e-07,0
TSK-3076,EMP-62,0,5.346995817270685e-07,0
TSK-3076,EMP-65,0,5.863682048580881e-07,0
TSK-3076,EMP-49,0,5.900936253574188e-07,0
TSK-3076,EMP-59,0,5.916217627419685e-07,0
TSK-3076,EMP-18,0,7.404575279814029e-07,0
TSK-3076,EMP-10,0,0.06475421888516071,0
TSK-3076,EMP-58,0,2.950174216345145e-07,0
TSK-3076,EMP-1,0,3.1017170707421277e-07,0
TSK-3076,EMP-41,0,0.07271670451876111,0
TSK-3076,EMP-15,0,9.977672491950917e-07,0
TSK-3076,EMP-52,0,7.930327931219632e-07,0
TSK-3076,EMP-68,0,6.802424300034344e-07,0
TSK-3076,EMP-20,0,9.7416530163888e-07,0
TSK-3076,EMP-40,0,0.05740104915552142,0
TSK-3076,EMP-8,0,0.10388367390959515,0
TSK-3077,EMP-65,1,0.4234480845418109,0
TSK-3077,EMP-11,0,0.1011307983396052,0
TSK-3077,EMP-29,0,2.1751105103512798e-06,0
TSK-3077,EMP-30,0,9.077777904490359e-08,0
TSK-3077,EMP-50,0,1.7032068043113862e-07,0
TSK-3077,EMP-31,0,0.10957957326195499,0
TSK-3077,EMP-68,0,1.3998883758110669e-06,0
TSK-3077,EMP-1,0,5.720833491231699e-08,0
TSK-3077,EMP-12,0,1.7970712943891614e-06,0
TSK-3077,EMP-67,0,6.909364777237444e-08,0
TSK-3077,EMP-52,0,1.6320023675302282e-06,0
TSK-3077,EMP-56,0,9.962314533509501e-08,0
TSK-3077,EMP-14,0,1.2421731249162557e-06,0
TSK-3077,EMP-58,0,5.4413264873334264e-08,0
TSK-3077,EMP-46,0,1.484579873395781e-06,0
TSK-3077,EMP-57,0,6.072999261824556e-08,0
TSK-3077,EMP-32,0,1.979592704461081e-06,0
TSK-3077,EMP-41,0,0.34125112176963646,0
TSK-3077,EMP-25,0,6.591356880888523e-08,0
TSK-3077,EMP-34,0,1.0835526116849397e-06,0
TSK-3077,EMP-27,0,0.11187462256545451,0
TSK-308,EMP-20,1,0.2879606754805527,0
TSK-308,EMP-52,0,6.486585738081653e-08,0
TSK-308,EMP-22,0,1.040457674472381e-06,0
TSK-308,EMP-4,0,0.11318246956587656,0
TSK-308,EMP-42,0,3.0870234829739605e-05,0
TSK-308,EMP-40,0,1.3176596226918766e-06,0
TSK-308,EMP-18,0,0.14092710489337487,0
TSK-308,EMP-12,0,0.7514311754986106,1
TSK-308,EMP-31,0,5.7839704096068834e-08,0
TSK-308,EMP-62,0,4.373556665451182e-08,0
TSK-308,EMP-8,0,0.6791334802291339,1
TSK-308,EMP-55,0,9.080893386912417e-07,0
TSK-308,EMP-67,0,3.0641203643311324e-08,0
TSK-308,EMP-9,0,3.978444453142661e-05,0
TSK-308,EMP-21,0,6.084933767582359e-08,0
TSK-308,EMP-27,0,2.9628843317881817e-05,0
TSK-308,EMP-30,0,4.0257542295828734e-08,0
TSK-308,EMP-34,0,4.306705281593931e-08,0
TSK-308,EMP-7,0,1.0536955020372177e-06,0
TSK-308,EMP-58,0,2.413084227007792e-08,0
TSK-308,EMP-46,0,1.320041758882651e-06,0
TSK-3087,EMP-8,1,0.18904008230336086,0
TSK-3087,EMP-18,0,2.1316605709838937e-06,0
TSK-3087,EMP-45,0,1.8455658374782312e-06,0
TSK-3087,EMP-28,0,0.18717831605929228,0
TSK-3087,EMP-24,0,2.4401686950028613e-06,0
TSK-3087,EMP-10,0,0.14279755259098215,0
TSK-3087,EMP-59,0,1.7031863268031344e-06,0
TSK-3087,EMP-31,0,2.035724516213224e-06,0
TSK-3087,EMP-27,0,2.0837317007735006e-06,0
TSK-3087,EMP-32,0,0.4291407709466814,0
TSK-3087,EMP-62,0,1.5393164540142592e-06,0
TSK-3087,EMP-7,0,0.12295471154679577,0
TSK-3087,EMP-58,0,8.493093904811058e-07,0
TSK-3087,EMP-57,0,9.479039417140357e-07,0
TSK-3087,EMP-40,0,2.0730385627536347e-06,0
TSK-3087,EMP-30,0,1.4169041209396268e-06,0
TSK-3087,EMP-20,0,2.8044672014535323e-06,0
TSK-3087,EMP-49,0,0.13580513497125457,0
TSK-3087,EMP-16,0,2.786609151329851e-06,0
TSK-3087,EMP-34,0,1.5157874840098102e-06,0
TSK-3087,EMP-14,0,1.7376824496372153e-06,0
TSK-3096,EMP-28,1,0.24591531277451964,0
TSK-3096,EMP-41,0,2.8883905610692387e-06,0
TSK-3096,EMP-12,0,3.894214051745499e-06,0
TSK-3096,EMP-58,0,1.3156265994774722e-06,0
TSK-3096,EMP-22,0,0.20418915420393002,0
TSK-3096,EMP-7,0,0.19195068648890906,0
TSK-3096,EMP-63,0,2.49600606869753e-06,0
TSK-3096,EMP-21,0,3.3175323508235437e-06,0
TSK-3096,EMP-56,0,2.4087274102665287e-06,0
TSK-3096,EMP-24,0,3.7799511864562123e-06,0
TSK-3096,EMP-67,0,1.6705744480692776e-06,0
TSK-3096,EMP-18,0,3.3020562413443215e-06,0
TSK-3096,EMP-32,0,4.289733027573991e-06,0
TSK-3096,EMP-5,0,0.0897292786404839,0
TSK-3096,EMP-6,0,2.8247271026422882e-06,0
TSK-3096,EMP-11,0,2.63558111456105e-06,0
TSK-3096,EMP-42,0,3.3630547711124775e-06,0
TSK-3096,EMP-68,0,3.03352879084955e-06,0
TSK-3096,EMP-52,0,3.5365139915200706e-06,0
TSK-3096,EMP-15,0,4.449520080924337e-06,0
TSK-3096,EMP-34,0,2.348036682181585e-06,0
TSK-3098,EMP-10,1,2.8722315251385747e-06,0
TSK-3098,EMP-67,0,1.4093310574412212e-07,0
TSK-3098,EMP-5,0,0.08490786735096942,0
TSK-3098,EMP-50,0,3.876267063455269e-06,0
TSK-3098,EMP-22,0,0.19453184295531933,0
TSK-3098,EMP-56,0,2.267290795667969e-06,0
TSK-3098,EMP-45,0,2.6910118254866142e-06,0
TSK-3098,EMP-63,0,2.105683787342529e-07,0
TSK-3098,EMP-32,0,4.037847222595862e-06,0
TSK-3098,EMP-42,0,3.1655817601660766e-06,0
TSK-3098,EMP-12,0,3.6655523611320236e-06,0
TSK-3098,EMP-28,0,0.23486695539979288,0
TSK-3098,EMP-16,0,4.063141392364331e-06,0
TSK-3098,EMP-40,0,3.0226885394509573e-06,0
TSK-3098,EMP-66,0,3.533643142867677e-06,0
TSK-3098,EMP-25,0,1.5001065965330864e-06,0
TSK-3098,EMP-7,0,0.18273929007243936,0
TSK-3098,EMP-6,0,2.658863717512784e-06,0
TSK-3098,EMP-21,0,3.1227323327185026e-06,0
TSK-3098,EMP-55,0,0.24818092528447616,0
TSK-3098,EMP-52,0,3.3288557760985198e-06,0
TSK-3102,EMP-10,1,0.11228683616407052,0
TSK-3102,EMP-58,0,4.927194708543244e-07,0
TSK-3102,EMP-31,0,0.09080574357247934,0
TSK-3102,EMP-67,0,6.256522490110964e-07,0
TSK-3102,EMP-40,0,0.11747780936737105,0
TSK-3102,EMP-49,0,9.85536920959757e-07,0
TSK-3102,EMP-66,0,1.405953074231651e-06,0
TSK-3102,EMP-28,0,0.09261867352652761,0
TSK-3102,EMP-44,0,8.060704808761321e-07,0
TSK-3102,EMP-6,0,1.0578984626998491e-06,0
TSK-3102,EMP-51,0,1.0132268923325657e-06,0
TSK-3102,EMP-14,0,1.0081017660298765e-06,0
TSK-3102,EMP-1,0,5.180291963262006e-07,0
TSK-3102,EMP-30,0,8.220048228807955e-07,0
TSK-3102,EMP-59,0,9.88089118019613e-07,0
TSK-3102,EMP-4,0,1.3774610020363753e-06,0
TSK-3102,EMP-12,0,1.4584367497951292e-06,0
TSK-3102,EMP-25,0,5.968562227002753e-07,0
TSK-3102,EMP-16,0,1.6166284262393735e-06,0
TSK-3102,EMP-50,0,1.542275351071235e-06,0
TSK-3102,EMP-41,0,0.29597950826031955,0
TSK-3120,EMP-31,1,0.1546977215481209,0
TSK-3120,EMP-58,0,6.898103429230932e-07,0
TSK-3120,EMP-57,0,7.698889974931206e-07,0
TSK-3120,EMP-27,0,0.12520351976990654,0
TSK-3120,EMP-1,0,7.252441096443961e-07,0
TSK-3120,EMP-22,0,0.11857784746422291,0
TSK-3120,EMP-12,0,2.041819788723592e-06,0
TSK-3120,EMP-10,0,0.11917633914393216,0
TSK-3120,EMP-63,0,0.09964600714312326,0
TSK-3120,EMP-56,0,1.262946451145031e-06,0
TSK-3120,EMP-41,0,0.3916629006514485,0
TSK-3120,EMP-44,0,1.1285035766384004e-06,0
TSK-3120,EMP-18,0,1.731338285039525e-06,0
TSK-3120,EMP-66,0,1.9683423841679593e-06,0
TSK-3120,EMP-30,0,1.1508117450401227e-06,0
TSK-3120,EMP-68,0,1.5905434310126246e-06,0
TSK-3120,EMP-42,0,0.17593213428478585,0
TSK-3120,EMP-25,0,8.356024124488799e-07,0
TSK-3120,EMP-62,0,0.10366399804880211,0
TSK-3120,EMP-34,0,1.2311249901793304e-06,0
TSK-3120,EMP-48,0,1.7217989121833746e-06,0
TSK-3126,EMP-21,1,0.117689167544889,0
TSK-3126,EMP-29,0,9.994864118484598e-07,0
TSK-3126,EMP-42,0,0.38325545243062603,0
TSK-3126,EMP-18,0,7.0020503499962e-07,0
TSK-3126,EMP-63,0,0.07738257757497691,0
TSK-3126,EMP-11,0,0.04915758495919801,0
TSK-3126,EMP-5,0,0.029056551980420113,0
TSK-3126,EMP-51,0,5.736933430295223e-07,0
TSK-3126,EMP-49,0,5.580151576626554e-07,0
TSK-3126,EMP-9,0,9.190769457385517e-07,0
TSK-3126,EMP-66,0,7.960567004437309e-07,0
TSK-3126,EMP-15,0,9.435269884029386e-07,0
TSK-3126,EMP-62,0,5.056324245502167e-07,0
TSK-3126,EMP-4,0,7.799243565204439e-07,0
TSK-3126,EMP-52,0,7.499222241208786e-07,0
TSK-3126,EMP-57,0,3.113659811086089e-07,0
TSK-3126,EMP-8,0,0.09879430229355532,0
TSK-3126,EMP-40,0,0.05445053966654515,0
TSK-3126,EMP-10,0,0.06145038472550433,0
TSK-3126,EMP-7,0,0.09358618921418269,0
TSK-3126,EMP-48,0,6.963470230721603e-07,0
TSK-3127,EMP-42,1,0.3624724688265203,0
TSK-3127,EMP-21,1,0.10876745685683767,0
TSK-3127,EMP-11,0,0.04516513560729613,0
TSK-3127,EMP-66,0,7.283449104820007e-07,0
TSK-3127,EMP-32,0,0.07767402532631153,0
TSK-3127,EMP-41,0,0.06353751890880906,0
TSK-3127,EMP-31,0,0.15374111231570262,0
TSK-3127,EMP-45,0,0.044804863734023134,0
TSK-3127,EMP-4,0,7.135847666836939e-07,0
TSK-3127,EMP-65,0,5.07327687621094e-07,0
TSK-3127,EMP-49,0,5.105509338715213e-07,0
TSK-3127,EMP-57,0,2.84881489172402e-07,0
TSK-3127,EMP-50,0,7.989658381247927e-07,0
TSK-3127,EMP-63,0,0.0712695906585441,0
TSK-3127,EMP-30,0,4.258341701527438e-07,0
TSK-3127,EMP-27,0,0.05029602618279632,0
TSK-3127,EMP-15,0,8.632715334759648e-07,0
TSK-3127,EMP-7,0,0.08631291674321226,0
TSK-3127,EMP-29,0,9.14471109101196e-07,0
TSK-3127,EMP-8,0,0.09115697529726943,0
TSK-3127,EMP-51,0,5.248955488181748e-07,0
TSK-3127,EMP-59,0,5.118730834380618e-07,0
TSK-3130,EMP-21,1,0.11893837629641243,0
TSK-3130,EMP-8,0,0.07191963719101309,0
TSK-3130,EMP-34,0,6.595250022283759e-07,0
TSK-3130,EMP-24,0,1.0617274000206875e-06,0
TSK-3130,EMP-1,0,3.885198615085679e-07,0
TSK-3130,EMP-22,0,0.056809927850718166,0
TSK-3130,EMP-42,0,9.446276292089194e-07,0
TSK-3130,EMP-10,0,0.0940151373056961,0
TSK-3130,EMP-27,0,9.066400204523991e-07,0
TSK-3130,EMP-50,0,0.12284261422834179,0
TSK-3130,EMP-17,0,1.206065788874763e-06,0
TSK-3130,EMP-30,0,6.16500433720967e-07,0
TSK-3130,EMP-59,0,0.06975560243724967,0
TSK-3130,EMP-67,0,4.6923674071367223e-07,0
TSK-3130,EMP-28,0,0.2602549812001901,0
TSK-3130,EMP-68,0,8.520689152629666e-07,0
TSK-3130,EMP-40,0,9.019873877633658e-07,0
TSK-3130,EMP-25,0,4.476398303386387e-07,0
TSK-3130,EMP-11,0,0.06968805384258356,0
TSK-3130,EMP-57,0,0.040061506534717864,0
TSK-3130,EMP-32,0,0.2301894674616658,0
TSK-3131,EMP-21,1,0.13220435854191578,0
TSK-3131,EMP-55,0,0.06093925226775329,0
TSK-3131,EMP-63,0,0.06819826186913666,0
TSK-3131,EMP-51,0,8.575872106707878e-07,0
TSK-3131,EMP-20,0,1.3770704186425005e-06,0
TSK-3131,EMP-10,0,0.1048320235852608,0
TSK-3131,EMP-22,0,0.0636469003344985,0
TSK-3131,EMP-18,0,1.0467035264844452e-06,0
TSK-3131,EMP-6,0,8.953968798997334e-07,0
TSK-3131,EMP-45,0,9.062230710883605e-07,0
TSK-3131,EMP-30,0,6.95738346307622e-07,0
TSK-3131,EMP-11,0,0.07794680263394492,0
TSK-3131,EMP-68,0,9.615840762970226e-07,0
TSK-3131,EMP-42,0,1.0660392125573184e-06,0
TSK-3131,EMP-59,0,0.07802168506414081,0
TSK-3131,EMP-27,0,1.0231691179776682e-06,0
TSK-3131,EMP-1,0,4.384557724359362e-07,0
TSK-3131,EMP-44,0,6.822516442592748e-07,0
TSK-3131,EMP-9,0,1.3738846879639992e-06,0
TSK-3131,EMP-29,0,1.4940849390180426e-06,0
TSK-3131,EMP-41,0,9.155772981937661e-07,0
TSK-3139,EMP-46,1,0.46158394389509605,0
TSK-3139,EMP-29,0,6.624440955151877e-06,0
TSK-3139,EMP-24,0,5.312512213095421e-06,0
TSK-3139,EMP-28,0,4.529511278242888e-06,0
TSK-3139,EMP-56,0,3.3853349601877044e-06,0
TSK-3139,EMP-22,0,0.265035296114836,0
TSK-3139,EMP-52,0,4.970375197811353e-06,0
TSK-3139,EMP-63,0,3.5080002287412535e-06,0
TSK-3139,EMP-10,0,4.288582176486601e-06,0
TSK-3139,EMP-62,0,3.351262619719998e-06,0
TSK-3139,EMP-16,0,6.066748230508842e-06,0
TSK-3139,EMP-41,0,4.059474559782699e-06,0
TSK-3139,EMP-58,0,1.8490422273165646e-06,0
TSK-3139,EMP-21,0,4.662609003675129e-06,0
TSK-3139,EMP-8,0,0.2617080462799545,0
TSK-3139,EMP-68,0,4.263458132755228e-06,0
TSK-3139,EMP-14,0,3.7831265062233495e-06,0
TSK-3139,EMP-15,0,6.253552543186533e-06,0
TSK-3139,EMP-55,0,3.110379845819308e-06,0
TSK-3139,EMP-48,0,4.615287965596759e-06,0
TSK-3139,EMP-20,0,6.105627000531848e-06,0
TSK-3161,EMP-63,1,0.11320512036054549,0
TSK-3161,EMP-24,0,4.1096566446777005e-08,0
TSK-3161,EMP-6,0,9.116713663919126e-07,0
TSK-3161,EMP-55,0,7.142677492818341e-07,0
TSK-3161,EMP-50,0,4.477272934394645e-08,0
TSK-3161,EMP-16,0,1.393171473527401e-06,0
TSK-3161,EMP-57,0,3.343013985503903e-09,0
TSK-3161,EMP-29,0,1.5212409978362929e-06,0
TSK-3161,EMP-8,0,0.14299269378409793,0
TSK-3161,EMP-67,0,3.8034095292914e-09,0
TSK-3161,EMP-56,0,5.483972021347854e-09,0
TSK-3161,EMP-45,0,0.07238199105558922,0
TSK-3161,EMP-41,0,0.1014202742682639,0
TSK-3161,EMP-15,0,4.837631751010681e-08,0
TSK-3161,EMP-44,0,6.946520644837003e-07,0
TSK-3161,EMP-28,0,0.010297423932552943,0
TSK-3161,EMP-9,0,1.398856024591265e-06,0
TSK-3161,EMP-42,0,0.4860754812890585,0
TSK-3161,EMP-34,0,2.5528400790482696e-08,0
TSK-3161,EMP-14,0,8.687577688950099e-07,0
TSK-3161,EMP-31,0,0.23207726465556447,0
TSK-3167,EMP-32,1,0.4436975118955811,0
TSK-3167,EMP-12,0,4.9979251072422105e-06,0
TSK-3167,EMP-63,0,3.2034336521884794e-06,0
TSK-3167,EMP-50,0,5.28523100649401e-06,0
TSK-3167,EMP-8,0,3.4992790886022333e-06,0
TSK-3167,EMP-49,0,3.3773458980376346e-06,0
TSK-3167,EMP-14,0,0.24218046926955303,0
TSK-3167,EMP-44,0,0.20352360461051294,0
TSK-3167,EMP-46,0,0.3332873050127614,0
TSK-3167,EMP-6,0,3.6253217206790242e-06,0
TSK-3167,EMP-25,0,2.045374226037047e-06,0
TSK-3167,EMP-67,0,2.1440555471934443e-06,0
TSK-3167,EMP-16,0,0.3190370791378713,0
TSK-3167,EMP-59,0,3.3860920255725856e-06,0
TSK-3167,EMP-66,0,4.818069117721733e-06,0
TSK-3167,EMP-9,0,5.5626357950026405e-06,0
TSK-3167,EMP-45,0,3.6691551519859493e-06,0
TSK-3167,EMP-41,0,3.7070288454098303e-06,0
TSK-3167,EMP-21,0,4.257799062918543e-06,0
TSK-3167,EMP-56,0,3.0914182191464053e-06,0
TSK-3167,EMP-1,0,0.1410549560003639,0
TSK-318,EMP-6,1,0.45312795021734836,0
TSK-318,EMP-10,0,0.26737601738391875,0
TSK-318,EMP-40,0,3.7956585467943353e-06,0
TSK-318,EMP-55,0,2.615849841010305e-06,0
TSK-318,EMP-68,0,3.585596896899876e-06,0
TSK-318,EMP-30,0,2.5943015559522113e-06,0
TSK-318,EMP-32,0,5.07041501046541e-06,0
TSK-318,EMP-22,0,0.3027440096169811,0
TSK-318,EMP-15,0,5.259281313453766e-06,0
TSK-318,EMP-17,0,5.075247742832622e-06,0
TSK-318,EMP-1,0,1.6349354571248344e-06,0
TSK-318,EMP-58,0,1.5550563230562265e-06,0
TSK-318,EMP-5,0,1.3777597254143508e-06,0
TSK-318,EMP-21,0,0.32192662055550186,0
TSK-318,EMP-16,0,5.102177431810784e-06,0
TSK-318,EMP-57,0,1.7355794177793715e-06,0
TSK-318,EMP-29,0,5.571201383753749e-06,0
TSK-318,EMP-44,0,2.5440118067181746e-06,0
TSK-318,EMP-62,0,2.818433940955742e-06,0
TSK-318,EMP-14,0,3.181634533042575e-06,0
TSK-318,EMP-31,0,3.72733799423673e-06,0
TSK-3180,EMP-42,1,0.42962482768242777,0
TSK-3180,EMP-68,0,7.797124483511078e-07,0
TSK-3180,EMP-5,0,0.03500428888843812,0
TSK-3180,EMP-7,0,0.11122964339149416,0
TSK-3180,EMP-16,0,1.1095045240766667e-06,0
TSK-3180,EMP-4,0,9.453620102381185e-07,0
TSK-3180,EMP-27,0,0.06556149108469492,0
TSK-3180,EMP-28,0,0.19741588534529853,0
TSK-3180,EMP-18,0,8.487326304475081e-07,0
TSK-3180,EMP-21,0,0.139178932608814,0
TSK-3180,EMP-32,0,0.10037084298813335,0
TSK-3180,EMP-9,0,1.1140316314995115e-06,0
TSK-3180,EMP-46,0,8.26884108255103e-07,0
TSK-3180,EMP-62,0,6.12887274425807e-07,0
TSK-3180,EMP-55,0,5.688339193998204e-07,0
TSK-3180,EMP-48,0,8.440562571508921e-07,0
TSK-3180,EMP-24,0,9.71567053393709e-07,0
TSK-3180,EMP-66,0,9.649163457046318e-07,0
TSK-3180,EMP-11,0,0.0589700086620315,0
TSK-3180,EMP-22,0,0.08627239164963355,0
TSK-3180,EMP-14,0,6.918678643007724e-07,0
TSK-3188,EMP-5,1,0.11299948226742866,0
TSK-3188,EMP-1,0,6.663423834785445e-07,0
TSK-3188,EMP-57,0,7.073613761787541e-07,0
TSK-3188,EMP-34,0,1.131137479245642e-06,0
TSK-3188,EMP-24,0,1.8209458404818043e-06,0
TSK-3188,EMP-65,0,0.43397390550613874,0
TSK-3188,EMP-4,0,1.7718314487065155e-06,0
TSK-3188,EMP-9,0,2.0879578056931735e-06,0
TSK-3188,EMP-42,0,1.620110676444463e-06,0
TSK-3188,EMP-22,0,0.17474053999868416,0
TSK-3188,EMP-32,0,2.0665276327123614e-06,0
TSK-3188,EMP-68,0,1.4613652992633505e-06,0
TSK-3188,EMP-63,0,1.202419983753419e-06,0
TSK-3188,EMP-55,0,0.08270337754581915,0
TSK-3188,EMP-14,0,1.2967238991117878e-06,0
TSK-3188,EMP-52,0,1.703672696426003e-06,0
TSK-3188,EMP-48,0,1.5819607062191048e-06,0
TSK-3188,EMP-6,0,1.360777498943655e-06,0
TSK-3188,EMP-51,0,1.3033163603678932e-06,0
TSK-3188,EMP-11,0,0.10510522749195708,0
TSK-3188,EMP-30,0,1.0573469779786588e-06,0
TSK-319,EMP-6,1,0.4712014160399864,0
TSK-319,EMP-67,0,2.1235397705895753e-06,0
TSK-319,EMP-17,0,5.4580594257937825e-06,0
TSK-319,EMP-29,0,5.991421232789506e-06,0
TSK-319,EMP-57,0,1.8664897689091935e-06,0
TSK-319,EMP-58,0,1.6723502980331992e-06,0
TSK-319,EMP-66,0,4.771966689068498e-06,0
TSK-319,EMP-63,0,3.1727810600472177e-06,0
TSK-319,EMP-27,0,4.103010282572808e-06,0
TSK-319,EMP-25,0,2.0258026972821586e-06,0
TSK-319,EMP-30,0,2.7899829580874614e-06,0
TSK-319,EMP-10,0,0.28185914611961405,0
TSK-319,EMP-51,0,3.439012022099445e-06,0
TSK-319,EMP-5,0,1.4816806851724147e-06,0
TSK-319,EMP-12,0,4.950101707661267e-06,0
TSK-319,EMP-15,0,5.655974053260632e-06,0
TSK-319,EMP-1,0,1.7582545030526134e-06,0
TSK-319,EMP-9,0,5.509408905873754e-06,0
TSK-319,EMP-48,0,4.174258505846021e-06,0
TSK-319,EMP-21,0,0.3380013727482875,0
TSK-319,EMP-46,0,4.089334362308464e-06,0
TSK-3190,EMP-28,1,0.16323785692753393,0
TSK-3190,EMP-1,0,2.819683161578862e-07,0
TSK-3190,EMP-27,0,0.05271176550982004,0
TSK-3190,EMP-15,0,9.070420104292526e-07,0
TSK-3190,EMP-52,0,7.209236885647215e-07,0
TSK-3190,EMP-57,0,2.993258508252099e-07,0
TSK-3190,EMP-62,0,4.86080259254313e-07,0
TSK-3190,EMP-16,0,8.799469733265018e-07,0
TSK-3190,EMP-25,0,3.248746428617157e-07,0
TSK-3190,EMP-10,0,0.05921488201776084,0
TSK-3190,EMP-7,0,0.09029408985064694,0
TSK-3190,EMP-45,0,0.046969904254804615,0
TSK-3190,EMP-65,0,5.330507449704093e-07,0
TSK-3190,EMP-34,0,4.786503512119181e-07,0
TSK-3190,EMP-66,0,7.652742049178969e-07,0
TSK-3190,EMP-18,0,6.731289984168825e-07,0
TSK-3190,EMP-21,0,0.1136555084019055,0
TSK-3190,EMP-6,0,5.758245359397362e-07,0
TSK-3190,EMP-67,0,3.4054860431999627e-07,0
TSK-3190,EMP-29,0,9.60837556852493e-07,0
TSK-3190,EMP-49,0,5.364374195250587e-07,0
TSK-3197,EMP-7,1,0.09905988028389538,0
TSK-3197,EMP-68,0,1.0727878868244356e-06,0
TSK-3197,EMP-42,0,1.1893228772053154e-06,0
TSK-3197,EMP-4,0,1.3007011139118217e-06,0
TSK-3197,EMP-17,0,1.5184835723925696e-06,0
TSK-3197,EMP-28,0,0.08791116318277127,0
TSK-3197,EMP-49,0,9.306172305435336e-07,0
TSK-3197,EMP-55,0,0.06207764603479587,0
TSK-3197,EMP-40,0,0.1116622762879512,0
TSK-3197,EMP-41,0,0.284172894128618,0
TSK-3197,EMP-65,0,0.36013770064859324,0
TSK-3197,EMP-31,0,0.08618162682354549,0
TSK-3197,EMP-46,0,1.1376902360494719e-06,0
TSK-3197,EMP-9,0,1.5327695385103808e-06,0
TSK-3197,EMP-44,0,7.611516677662548e-07,0
TSK-3197,EMP-67,0,5.907873558042341e-07,0
TSK-3197,EMP-29,0,1.6668704955390474e-06,0
TSK-3197,EMP-11,0,0.07937605550364084,0
TSK-3197,EMP-62,0,8.432571348734446e-07,0
TSK-3197,EMP-63,0,8.826961371528784e-07,0
TSK-3197,EMP-15,0,1.5735455118108133e-06,0
TSK-3201,EMP-62,1,0.09173849084366904,0
TSK-3201,EMP-45,0,0.3174637114598122,0
TSK-3201,EMP-24,0,1.7308818886544079e-06,0
TSK-3201,EMP-12,0,1.7832042419936058e-06,0
TSK-3201,EMP-7,0,0.13474782446370373,0
TSK-3201,EMP-1,0,6.333850637951946e-07,0
TSK-3201,EMP-49,0,1.2049982993163985e-06,0
TSK-3201,EMP-11,0,0.10042879592738058,0
TSK-3201,EMP-16,0,1.9766222746734246e-06,0
TSK-3201,EMP-57,0,6.723752569171994e-07,0
TSK-3201,EMP-17,0,1.966189476267033e-06,0
TSK-3201,EMP-59,0,1.2081188241537365e-06,0
TSK-3201,EMP-50,0,1.8857121485689298e-06,0
TSK-3201,EMP-58,0,6.024393170352933e-07,0
TSK-3201,EMP-56,0,1.1029823784437064e-06,0
TSK-3201,EMP-27,0,0.11110726007575399,0
TSK-3201,EMP-51,0,1.238854322540252e-06,0
TSK-3201,EMP-41,0,0.3599093792706183,0
TSK-3201,EMP-67,0,7.649738334571539e-07,0
TSK-3201,EMP-9,0,1.984687472594373e-06,0
TSK-3201,EMP-5,0,0.04705166917545207,0
TSK-3203,EMP-62,1,0.09691094037859257,0
TSK-3203,EMP-68,0,1.4758108365516915e-06,0
TSK-3203,EMP-9,0,2.108597171680518e-06,0
TSK-3203,EMP-8,0,0.10086063688985475,0
TSK-3203,EMP-51,0,1.3161995922995066e-06,0
TSK-3203,EMP-32,0,0.15001315056194753,0
TSK-3203,EMP-50,0,2.003442548286269e-06,0
TSK-3203,EMP-6,0,1.374228731232292e-06,0
TSK-3203,EMP-5,0,0.04984282816369455,0
TSK-3203,EMP-21,0,0.12009803285400793,0
TSK-3203,EMP-17,0,2.0889442951001264e-06,0
TSK-3203,EMP-46,0,1.5650955409577429e-06,0
TSK-3203,EMP-10,0,0.11153849877444742,0
TSK-3203,EMP-45,0,0.3307288048726912,0
TSK-3203,EMP-66,0,1.8263576103136076e-06,0
TSK-3203,EMP-28,0,0.126667511327513,0
TSK-3203,EMP-22,0,0.11097353109759678,0
TSK-3203,EMP-42,0,0.16533967349109974,0
TSK-3203,EMP-25,0,7.753268500185473e-07,0
TSK-3203,EMP-40,0,1.5622711834758161e-06,0
TSK-3203,EMP-67,0,8.127333934148356e-07,0
TSK-3205,EMP-62,1,0.07870979869204757,0
TSK-3205,EMP-45,0,1.0122950663029125e-06,0
TSK-3205,EMP-46,0,1.1391198910933457e-06,0
TSK-3205,EMP-18,0,1.1692185203880785e-06,0
TSK-3205,EMP-8,0,0.0889953169530857,0
TSK-3205,EMP-34,0,8.314111217271455e-07,0
TSK-3205,EMP-11,0,0.08628315379213743,0
TSK-3205,EMP-30,0,7.771734523495564e-07,0
TSK-3205,EMP-29,0,1.6689651329660635e-06,0
TSK-3205,EMP-25,0,5.643042383020451e-07,0
TSK-3205,EMP-42,0,1.190817415268849e-06,0
TSK-3205,EMP-6,0,1.0002016876104575e-06,0
TSK-3205,EMP-58,0,4.6584700559871004e-07,0
TSK-3205,EMP-4,0,1.3023356129570318e-06,0
TSK-3205,EMP-22,0,0.07057094033552923,0
TSK-3205,EMP-9,0,1.5346956610748103e-06,0
TSK-3205,EMP-24,0,1.338435803202231e-06,0
TSK-3205,EMP-68,0,1.0741359837531709e-06,0
TSK-3205,EMP-63,0,0.07557747220965892,0
TSK-3205,EMP-32,0,0.27375835786979996,0
TSK-3205,EMP-67,0,5.915297569946683e-07,0
TSK-3220,EMP-11,1,0.1009192383813037,0
TSK-3220,EMP-49,0,1.2115434101306094e-06,0
TSK-3220,EMP-68,0,1.3966311780088417e-06,0
TSK-3220,EMP-52,0,1.6282050981296087e-06,0
TSK-3220,EMP-16,0,1.987358556870684e-06,0
TSK-3220,EMP-62,0,1.0978118803442755e-06,0
TSK-3220,EMP-8,0,0.1319309993920461,0
TSK-3220,EMP-41,0,0.34072765359934376,0
TSK-3220,EMP-59,0,1.214680884498967e-06,0
TSK-3220,EMP-18,0,1.5202609516504055e-06,0
TSK-3220,EMP-4,0,1.6933446269183773e-06,0
TSK-3220,EMP-42,0,1.548344619650618e-06,0
TSK-3220,EMP-27,0,0.11164337867937472,0
TSK-3220,EMP-58,0,6.057115494358612e-07,0
TSK-3220,EMP-31,0,0.10935248912596465,0
TSK-3220,EMP-51,0,1.2455833266826474e-06,0
TSK-3220,EMP-44,0,9.909211909053856e-07,0
TSK-3220,EMP-24,0,1.7402834021536194e-06,0
TSK-3220,EMP-57,0,6.760273557827658e-07,0
TSK-3220,EMP-12,0,1.7928899507533447e-06,0
TSK-3220,EMP-32,0,1.974986679160429e-06,0
TSK-3230,EMP-22,1,0.15581284733934686,0
TSK-3230,EMP-44,0,9.038109589753992e-07,0
TSK-3230,EMP-21,0,0.13359686114449593,0
TSK-3230,EMP-30,0,9.216774257845704e-07,0
TSK-3230,EMP-51,0,1.1360861958626705e-06,0
TSK-3230,EMP-46,0,1.3509223906862813e-06,0
TSK-3230,EMP-56,0,1.011485384122119e-06,0
TSK-3230,EMP-57,0,6.165988995065771e-07,0
TSK-3230,EMP-49,0,1.105038667693785e-06,0
TSK-3230,EMP-62,0,1.0013050752960612e-06,0
TSK-3230,EMP-55,0,0.07286481679223832,0
TSK-3230,EMP-18,0,1.3866174072701338e-06,0
TSK-3230,EMP-20,0,1.8242697768305403e-06,0
TSK-3230,EMP-25,0,6.692283385786543e-07,0
TSK-3230,EMP-50,0,1.7292845634372714e-06,0
TSK-3230,EMP-6,0,1.186174432086677e-06,0
TSK-3230,EMP-45,0,1.2005163933932927e-06,0
TSK-3230,EMP-12,0,1.6352800957737578e-06,0
TSK-3230,EMP-48,0,1.3789773838814418e-06,0
TSK-3230,EMP-7,0,0.11548216748309674,0
TSK-3230,EMP-52,0,1.4850723822415223e-06,0
TSK-3234,EMP-42,1,0.48626363834141567,0
TSK-3234,EMP-16,0,1.394221210389861e-06,0
TSK-3234,EMP-6,0,9.123582994213971e-07,0
TSK-3234,EMP-65,0,8.445858989848267e-07,0
TSK-3234,EMP-59,0,2.870613000259467e-08,0
TSK-3234,EMP-56,0,7.77994384949126e-07,0
TSK-3234,EMP-31,0,0.23221152589920827,0
TSK-3234,EMP-44,0,6.951754762835215e-07,0
TSK-3234,EMP-9,0,1.3999100446841512e-06,0
TSK-3234,EMP-40,0,0.08064025414588986,0
TSK-3234,EMP-55,0,7.148059412486928e-07,0
TSK-3234,EMP-45,0,0.07243257963590727,0
TSK-3234,EMP-66,0,1.2125294274655532e-06,0
TSK-3234,EMP-8,0,0.14308502064346953,0
TSK-3234,EMP-1,0,4.467614030758184e-07,0
TSK-3234,EMP-14,0,8.694123670909213e-07,0
TSK-3234,EMP-10,0,0.09068400019227721,0
TSK-3234,EMP-51,0,8.738324057831742e-07,0
TSK-3234,EMP-11,0,0.0729980261617638,0
TSK-3234,EMP-41,0,0.10148893757101955,0
TSK-3234,EMP-21,0,0.16886347234965607,0
TSK-3235,EMP-8,1,0.18916018805862297,0
TSK-3235,EMP-51,0,0.03398694595568166,0
TSK-3235,EMP-65,0,0.021252347761510595,0
TSK-3235,EMP-25,0,0.011953606667063833,0
TSK-3235,EMP-41,0,0.4203711250497411,0
TSK-3235,EMP-16,0,0.11179026323350982,0
TSK-3235,EMP-10,0,0.12229350332934844,0
TSK-3235,EMP-15,0,0.03884630854375609,0
TSK-3235,EMP-50,0,3.696672400657733e-07,0
TSK-3235,EMP-62,0,0.019416027559953624,0
TSK-3235,EMP-32,0,0.031537924336595004,0
TSK-3235,EMP-42,0,0.07574403998133503,0
TSK-3235,EMP-57,0,0.011023913931027824,0
TSK-3235,EMP-11,0,0.4419083470284491,0
TSK-3235,EMP-27,0,0.2015862413318731,0
TSK-3235,EMP-45,0,0.13509573755506393,0
TSK-3235,EMP-1,0,1.2416607320983042e-07,0
TSK-3235,EMP-46,0,0.06687424491014007,0
TSK-3235,EMP-48,0,0.034460509936930395,0
TSK-3235,EMP-12,0,0.1196092318680318,0
TSK-3235,EMP-67,0,0.0011353207931191814,0
TSK-3241,EMP-5,1,0.1274658703012874,0
TSK-3241,EMP-21,0,0.3126246793527799,0
TSK-3241,EMP-56,0,1.9050381520506956e-06,0
TSK-3241,EMP-8,0,2.1563763746360517e-06,0
TSK-3241,EMP-46,0,0.2520382965888197,0
TSK-3241,EMP-10,0,0.27663616971386085,0
TSK-3241,EMP-63,0,0.1430593846932636,0
TSK-3241,EMP-68,0,2.399187559505988e-06,0
TSK-3241,EMP-42,0,0.1836292089786581,0
TSK-3241,EMP-11,0,0.20151600979541406,0
TSK-3241,EMP-6,0,2.2340482965572363e-06,0
TSK-3241,EMP-59,0,0.14999307024233186,0
TSK-3241,EMP-4,0,2.908892885619002e-06,0
TSK-3241,EMP-52,0,2.7969938147582498e-06,0
TSK-3241,EMP-65,0,2.0680974518104012e-06,0
TSK-3241,EMP-32,0,3.3927078087839075e-06,0
TSK-3241,EMP-24,0,2.9895260282169233e-06,0
TSK-3241,EMP-15,0,3.519081940824862e-06,0
TSK-3241,EMP-51,0,0.15322432140671127,0
TSK-3241,EMP-17,0,3.3959414842010717e-06,0
TSK-3241,EMP-40,0,2.5397437749988024e-06,0
TSK-3250,EMP-12,1,0.12255715231484662,0
TSK-3250,EMP-34,1,0.03620217095131099,0
TSK-3250,EMP-68,1,0.05487862851275159,0
TSK-3250,EMP-40,0,0.04116593458589771,0
TSK-3250,EMP-9,0,0.09030241401155252,0
TSK-3250,EMP-52,0,0.04514738290816375,0
TSK-3250,EMP-59,0,8.20223896945956e-09,0
TSK-3250,EMP-7,0,0.21277665280508926,0
TSK-3250,EMP-6,0,0.0471008933079844,0
TSK-3250,EMP-30,0,0.0200848633905201,0
TSK-3250,EMP-62,0,0.01995051881337287,0
TSK-3250,EMP-18,0,0.025123743752483243,0
TSK-3250,EMP-21,0,0.1570766518638858,0
TSK-3250,EMP-63,0,0.0006557941200631699,0
TSK-3250,EMP-46,0,0.06862375426247191,0
TSK-3250,EMP-24,0,0.04416015199383908,0
TSK-3250,EMP-65,0,0.021836264186235653,0
TSK-3250,EMP-50,0,3.800507221955486e-07,0
TSK-3250,EMP-58,0,0.010163554478744005,0
TSK-3250,EMP-57,0,0.011330053429481885,0
TSK-3250,EMP-16,0,0.11457055363018386,0
TSK-3250,EMP-32,0,0.03239508728768806,0
TSK-3250,EMP-48,0,0.03539420225876531,0
TSK-3264,EMP-49,1,0.42701381946327127,0
TSK-3264,EMP-24,0,6.175603664624007e-06,0
TSK-3264,EMP-51,0,0.27209132124457003,0
TSK-3264,EMP-12,0,0.3704936228930945,0
TSK-3264,EMP-58,0,1.92643523687426e-07,0
TSK-3264,EMP-10,0,4.985322790533216e-06,0
TSK-3264,EMP-32,0,0.43685363744018835,0
TSK-3264,EMP-14,0,4.397749084329105e-06,0
TSK-3264,EMP-31,0,5.15203542764141e-06,0
TSK-3264,EMP-63,0,4.077924821696989e-06,0
TSK-3264,EMP-4,0,6.009036529074409e-06,0
TSK-3264,EMP-50,0,6.029994055727041e-07,0
TSK-3264,EMP-66,0,5.497000240909753e-07,0
TSK-3264,EMP-20,0,7.097570058820088e-06,0
TSK-3264,EMP-44,0,0.22921265307126737,0
TSK-3264,EMP-46,0,5.255954767836489e-06,0
TSK-3264,EMP-67,0,2.446176186243703e-07,0
TSK-3264,EMP-9,0,7.081150551635671e-06,0
TSK-3264,EMP-40,0,5.2464699535910725e-06,0
TSK-3264,EMP-57,0,2.150071239244327e-07,0
TSK-3264,EMP-16,0,7.052374942571607e-06,0
TSK-3265,EMP-49,1,0.41561017800496336,0
TSK-3265,EMP-50,0,0.019615256305693975,0
TSK-3265,EMP-10,0,5.204040445997555e-06,0
TSK-3265,EMP-63,0,1.4339867394124499e-07,0
TSK-3265,EMP-9,0,7.391816344671097e-06,0
TSK-3265,EMP-6,0,4.817451727716225e-06,0
TSK-3265,EMP-18,0,0.3226058218758734,0
TSK-3265,EMP-14,0,4.59068863898268e-06,0
TSK-3265,EMP-55,0,0.27636738578055536,0
TSK-3265,EMP-46,0,0.3366655900896792,0
TSK-3265,EMP-5,0,0.14391958670994728,0
TSK-3265,EMP-11,0,4.494871903269866e-06,0
TSK-3265,EMP-45,0,4.875699022955002e-06,0
TSK-3265,EMP-59,0,3.1740743457632546e-08,0
TSK-3265,EMP-48,0,1.8866215332027967e-07,0
TSK-3265,EMP-67,0,2.0098046017392184e-08,0
TSK-3265,EMP-56,0,1.3838439434705293e-07,0
TSK-3265,EMP-30,0,1.2609748441768608e-07,0
TSK-3265,EMP-40,0,5.476644677097194e-06,0
TSK-3265,EMP-68,0,5.173553349010194e-06,0
TSK-3265,EMP-12,0,0.40192523966009663,0
TSK-3277,EMP-55,1,0.21018033577727907,0
TSK-3277,EMP-27,1,0.22871843571554568,0
TSK-3277,EMP-41,0,0.4599852087106777,0
TSK-3277,EMP-57,0,0.0005848735155861919,0
TSK-3277,EMP-31,0,0.10564698753541461,0
TSK-3277,EMP-22,0,0.10205426063021399,0
TSK-3277,EMP-32,0,0.03683874598579524,0
TSK-3277,EMP-6,0,0.05345032843094128,0
TSK-3277,EMP-20,0,0.037289612480534653,0
TSK-3277,EMP-5,0,0.8090906142094453,1
TSK-3277,EMP-18,0,0.02859946732590523,0
TSK-3277,EMP-63,0,0.0009938006554004542,0
TSK-3277,EMP-25,0,0.0006347633980592772,0
TSK-3277,EMP-50,0,1.9407836785201794e-08,0
TSK-3277,EMP-67,0,2.9761079294180277e-05,0
TSK-3277,EMP-65,0,0.024868786012639844,0
TSK-3277,EMP-9,0,0.10185313925549769,0
TSK-3277,EMP-29,0,0.08611131846509094,0
TSK-3277,EMP-59,0,5.558041242691601e-10,0
TSK-3277,EMP-24,0,0.002353734220064129,0
TSK-3277,EMP-48,0,0.040232146568032215,0
TSK-3277,EMP-68,0,0.062208093364734186,0
TSK-3282,EMP-55,1,0.22075449433658587,0
TSK-3282,EMP-29,0,6.522362294714416e-06,0
TSK-3282,EMP-62,0,2.9572799940372333e-07,0
TSK-3282,EMP-42,0,0.30094233507628726,0
TSK-3282,EMP-1,0,1.9140662510039075e-06,0
TSK-3282,EMP-34,0,3.2491857694034673e-06,0
TSK-3282,EMP-40,0,4.443685659267854e-06,0
TSK-3282,EMP-14,0,3.7248306335628262e-06,0
TSK-3282,EMP-27,0,4.466607003664431e-06,0
TSK-3282,EMP-15,0,6.157189015453863e-06,0
TSK-3282,EMP-16,0,5.97326322900824e-06,0
TSK-3282,EMP-18,0,4.569345233073125e-06,0
TSK-3282,EMP-48,0,4.544169006543749e-06,0
TSK-3282,EMP-45,0,3.956084911269655e-06,0
TSK-3282,EMP-21,0,4.590760857723142e-06,0
TSK-3282,EMP-46,0,4.451719168906283e-06,0
TSK-3282,EMP-50,0,5.107315835078041e-07,0
TSK-3282,EMP-24,0,4.687968673939071e-07,0
TSK-3282,EMP-32,0,5.936078097408409e-06,0
TSK-3282,EMP-11,0,3.647085998054881e-06,0
TSK-3282,EMP-51,0,3.7437673877375802e-06,0
TSK-3285,EMP-32,1,0.5156672942841748,1
TSK-3285,EMP-14,0,6.035883562589967e-06,0
TSK-3285,EMP-65,0,2.6210302321727354e-07,0
TSK-3285,EMP-68,0,6.802238693426084e-06,0
TSK-3285,EMP-4,0,8.24736071756265e-06,0
TSK-3285,EMP-52,0,3.5448087843243816e-07,0
TSK-3285,EMP-66,0,3.762882019544576e-07,0
TSK-3285,EMP-16,0,9.679331650074311e-06,0
TSK-3285,EMP-27,0,0.37968877054113004,0
TSK-3285,EMP-31,0,7.07113494153209e-06,0
TSK-3285,EMP-20,0,9.741361443744896e-06,0
TSK-3285,EMP-8,0,6.1138168591197265e-06,0
TSK-3285,EMP-48,0,3.2915639718283844e-07,0
TSK-3285,EMP-5,0,2.6137542357432e-06,0
TSK-3285,EMP-11,0,0.3332391954091939,0
TSK-3285,EMP-45,0,6.410617504827045e-06,0
TSK-3285,EMP-49,0,0.5056462170284545,1
TSK-3285,EMP-10,0,6.842323361938802e-06,0
TSK-3285,EMP-56,0,5.4012183961187086e-06,0
TSK-3285,EMP-21,0,7.439071957804265e-06,0
TSK-3285,EMP-18,0,7.404369230723999e-06,0
TSK-3299,EMP-65,1,0.4192611242642592,0
TSK-3299,EMP-16,0,1.958077420379748e-06,0
TSK-3299,EMP-10,0,0.13285229489574588,0
TSK-3299,EMP-50,0,1.8680202199529103e-06,0
TSK-3299,EMP-4,0,1.6683953950150983e-06,0
TSK-3299,EMP-29,0,2.1380767197258186e-06,0
TSK-3299,EMP-17,0,1.9477425032691207e-06,0
TSK-3299,EMP-22,0,0.16623528286162118,0
TSK-3299,EMP-68,0,1.376053627062503e-06,0
TSK-3299,EMP-5,0,0.10710935077474139,0
TSK-3299,EMP-12,0,1.7664740504929107e-06,0
TSK-3299,EMP-56,0,1.092634086075867e-06,0
TSK-3299,EMP-63,0,1.1322250197936772e-06,0
TSK-3299,EMP-59,0,1.1967841321861376e-06,0
TSK-3299,EMP-8,0,0.1302403300846306,0
TSK-3299,EMP-11,0,0.09958038980979635,0
TSK-3299,EMP-48,0,1.4896089185133139e-06,0
TSK-3299,EMP-51,0,1.2272312673982892e-06,0
TSK-3299,EMP-67,0,7.577967690835923e-07,0
TSK-3299,EMP-6,0,1.2813379399351936e-06,0
TSK-3299,EMP-25,0,7.229187150457499e-07,0
TSK-3303,EMP-68,1,0.04917344731382596,0
TSK-3303,EMP-34,1,0.03237209053112512,0
TSK-3303,EMP-65,1,0.019495310039276324,0
TSK-3303,EMP-27,1,0.18778053028280722,0
TSK-3303,EMP-24,0,0.003674408332593729,0
TSK-3303,EMP-40,0,0.03683077119281369,0
TSK-3303,EMP-1,0,1.1369653819668058e-07,0
TSK-3303,EMP-41,0,0.39907108220653426,0
TSK-3303,EMP-59,0,1.943642472186301e-08,0
TSK-3303,EMP-48,0,0.031646795686693784,0
TSK-3303,EMP-44,0,0.017586804526324044,0
TSK-3303,EMP-42,0,0.06980320071087981,0
TSK-3303,EMP-25,0,0.0009918864214012442,0
TSK-3303,EMP-12,0,0.11063975925936408,0
TSK-3303,EMP-15,0,0.03568772807651037,0
TSK-3303,EMP-17,0,0.11142673060204603,0
TSK-3303,EMP-6,0,0.042168209437094706,0
TSK-3303,EMP-67,0,0.0010396914172867786,0
TSK-3303,EMP-51,0,0.03121064850760889,0
TSK-3303,EMP-28,0,0.052082219358945595,0
TSK-3303,EMP-18,0,0.022438440347038915,0
TSK-3303,EMP-58,0,0.000818968247270349,0
TSK-3303,EMP-22,0,0.08139518386981755,0
TSK-3303,EMP-50,0,3.033768361630188e-08,0
TSK-3336,EMP-66,1,0.28183434121241313,0
TSK-3336,EMP-44,0,2.223533555157243e-06,0
TSK-3336,EMP-11,0,2.722791317374422e-06,0
TSK-3336,EMP-63,0,2.5785978074452517e-06,0
TSK-3336,EMP-7,0,2.6529180384892204e-06,0
TSK-3336,EMP-34,0,2.425732191139642e-06,0
TSK-3336,EMP-10,0,3.1523746189382073e-06,0
TSK-3336,EMP-28,0,3.3294727053258816e-06,0
TSK-3336,EMP-57,0,1.5169421265513314e-06,0
TSK-3336,EMP-29,0,4.869379108475074e-06,0
TSK-3336,EMP-31,0,3.2577924029944435e-06,0
TSK-3336,EMP-48,0,3.3925239863508217e-06,0
TSK-3336,EMP-68,0,3.1339068633989976e-06,0
TSK-3336,EMP-50,0,0.264586899142087,0
TSK-3336,EMP-27,0,3.3346187339975235e-06,0
TSK-3336,EMP-14,0,2.7808328931625506e-06,0
TSK-3336,EMP-22,0,2.619588849922031e-06,0
TSK-3336,EMP-6,0,2.9181960435205378e-06,0
TSK-3336,EMP-5,0,0.09242397158245898,0
TSK-3336,EMP-20,0,4.488017732396759e-06,0
TSK-3336,EMP-18,0,0.22389623833472785,0
TSK-334,EMP-11,1,0.7358055086347872,1
TSK-334,EMP-16,0,2.5538949334553445e-06,0
TSK-334,EMP-17,0,2.5404152433631186e-06,0
TSK-334,EMP-4,0,2.176066624111112e-06,0
TSK-334,EMP-14,0,1.59256565034184e-06,0
TSK-334,EMP-62,0,0.10658844193119293,0
TSK-334,EMP-49,0,1.5569184787548927e-06,0
TSK-334,EMP-6,0,0.12383081808040276,0
TSK-334,EMP-24,0,2.236386212852457e-06,0
TSK-334,EMP-34,0,1.3892014827120835e-06,0
TSK-334,EMP-59,0,0.11661226571707307,0
TSK-334,EMP-42,0,1.989731526089998e-06,0
TSK-334,EMP-12,0,2.303989282397555e-06,0
TSK-334,EMP-20,0,2.5702616328871886e-06,0
TSK-334,EMP-9,0,2.5643155668927703e-06,0
TSK-334,EMP-40,0,1.8999156606696486e-06,0
TSK-334,EMP-21,0,0.17847777693308242,0
TSK-334,EMP-45,0,1.6914395293032587e-06,0
TSK-334,EMP-57,0,8.687428236071979e-07,0
TSK-334,EMP-46,0,1.9033504287514684e-06,0
TSK-334,EMP-18,0,1.9536420569484612e-06,0
TSK-3348,EMP-66,1,0.2930994378642418,0
TSK-3348,EMP-8,0,2.976005950562312e-06,0
TSK-3348,EMP-48,0,3.584348477656193e-06,0
TSK-3348,EMP-1,0,1.5097758537817806e-06,0
TSK-3348,EMP-46,0,0.24518349949260065,0
TSK-3348,EMP-52,0,3.86011844104836e-06,0
TSK-3348,EMP-31,0,3.4419987525899974e-06,0
TSK-3348,EMP-32,0,0.3413503039119261,0
TSK-3348,EMP-27,0,3.5231690829572475e-06,0
TSK-3348,EMP-22,0,2.767709161215636e-06,0
TSK-3348,EMP-29,0,5.144709427944785e-06,0
TSK-3348,EMP-59,0,2.8797445392443487e-06,0
TSK-3348,EMP-45,0,3.120479266371851e-06,0
TSK-3348,EMP-41,0,3.1526894443798614e-06,0
TSK-3348,EMP-44,0,2.3492596286165974e-06,0
TSK-3348,EMP-55,0,0.19641844481903736,0
TSK-3348,EMP-21,0,3.621099221860728e-06,0
TSK-3348,EMP-24,0,4.12583097113875e-06,0
TSK-3348,EMP-68,0,3.3111083383333637e-06,0
TSK-3348,EMP-4,0,0.4103362702309015,0
TSK-3348,EMP-67,0,1.823438660399257e-06,0
TSK-335,EMP-10,1,0.32357570818269865,0
TSK-335,EMP-34,0,3.6377537337446914e-06,0
TSK-335,EMP-58,0,2.0382681091724397e-06,0
TSK-335,EMP-7,0,3.978452955193151e-06,0
TSK-335,EMP-27,0,5.000764835342008e-06,0
TSK-335,EMP-56,0,3.7317802164945366e-06,0
TSK-335,EMP-15,0,6.893520755830676e-06,0
TSK-335,EMP-44,0,3.3345265149699487e-06,0
TSK-335,EMP-52,0,5.479027937020473e-06,0
TSK-335,EMP-8,0,4.224125772018592e-06,0
TSK-335,EMP-62,0,3.694221025461774e-06,0
TSK-335,EMP-68,0,4.699767518133821e-06,0
TSK-335,EMP-29,0,7.302364403508843e-06,0
TSK-335,EMP-18,0,5.115789381648198e-06,0
TSK-335,EMP-45,0,4.429190099222228e-06,0
TSK-335,EMP-14,0,4.1702804135271845e-06,0
TSK-335,EMP-12,0,6.033202029259164e-06,0
TSK-335,EMP-65,0,4.051196529276776e-06,0
TSK-335,EMP-16,0,6.687599625668301e-06,0
TSK-335,EMP-57,0,2.274886077954114e-06,0
TSK-335,EMP-20,0,6.730457096509833e-06,0
TSK-3364,EMP-66,1,0.028412337505674814,0
TSK-3364,EMP-17,0,7.394787445347646e-06,0
TSK-3364,EMP-63,0,1.9214997971390085e-07,0
TSK-3364,EMP-41,0,4.974369581664033e-06,0
TSK-3364,EMP-52,0,6.090561168342561e-06,0
TSK-3364,EMP-20,0,7.481665613446603e-06,0
TSK-3364,EMP-62,0,1.835646827263543e-07,0
TSK-3364,EMP-55,0,0.2783247220381518,0
TSK-3364,EMP-18,0,0.32474367411196176,0
TSK-3364,EMP-8,0,4.695595696255851e-06,0
TSK-3364,EMP-5,0,0.1451270065920453,0
TSK-3364,EMP-11,0,4.538983438268433e-06,0
TSK-3364,EMP-7,0,4.422502570865204e-06,0
TSK-3364,EMP-25,0,1.226865391553877e-07,0
TSK-3364,EMP-42,0,5.791831563789938e-06,0
TSK-3364,EMP-49,0,0.417984053192754,0
TSK-3364,EMP-24,0,6.5098059620792104e-06,0
TSK-3364,EMP-1,0,1.0648327500232035e-07,0
TSK-3364,EMP-58,0,1.0128074292165706e-07,0
TSK-3364,EMP-56,0,1.8543099375333685e-07,0
TSK-3364,EMP-59,0,9.07892007474654e-09,0
TSK-3386,EMP-22,1,0.33209932741418063,0
TSK-3386,EMP-50,0,3.893441571526425e-06,0
TSK-3386,EMP-4,0,0.22724631961387295,0
TSK-3386,EMP-5,0,0.08525199669705916,0
TSK-3386,EMP-21,0,3.136568178228289e-06,0
TSK-3386,EMP-49,0,2.4879692672207496e-06,0
TSK-3386,EMP-27,0,0.20513718587191346,0
TSK-3386,EMP-1,0,1.307755814256508e-06,0
TSK-3386,EMP-24,0,3.573763162493225e-06,0
TSK-3386,EMP-48,0,3.1047349521769044e-06,0
TSK-3386,EMP-9,0,4.097796105229027e-06,0
TSK-3386,EMP-44,0,0.1468213497203742,0
TSK-3386,EMP-14,0,0.2520826342977814,0
TSK-3386,EMP-15,0,4.20680870000104e-06,0
TSK-3386,EMP-55,0,0.15034399406229598,0
TSK-3386,EMP-56,0,2.2773364572189222e-06,0
TSK-3386,EMP-34,0,2.219956271816309e-06,0
TSK-3386,EMP-58,0,1.2438618947326957e-06,0
TSK-3386,EMP-57,0,1.3882591575877588e-06,0
TSK-3386,EMP-42,0,3.1796074574179013e-06,0
TSK-3386,EMP-41,0,2.7308350756008005e-06,0
TSK-3390,EMP-65,1,5.4075868131374e-06,0
TSK-3390,EMP-42,1,0.3914883707573285,0
TSK-3390,EMP-12,0,8.053186718685908e-06,0
TSK-3390,EMP-48,0,3.0356149531520825e-07,0
TSK-3390,EMP-4,0,7.606058137535944e-06,0
TSK-3390,EMP-34,0,2.1705321640548997e-07,0
TSK-3390,EMP-52,0,3.269167685953451e-07,0
TSK-3390,EMP-59,0,1.0901867755979385e-08,0
TSK-3390,EMP-30,0,2.0289359423808442e-07,0
TSK-3390,EMP-28,0,2.979196784112105e-07,0
TSK-3390,EMP-6,0,5.8415075462142535e-06,0
TSK-3390,EMP-5,0,2.4105115134686665e-06,0
TSK-3390,EMP-9,0,8.963105344619494e-06,0
TSK-3390,EMP-56,0,2.2266349780958513e-07,0
TSK-3390,EMP-31,0,6.521293342967655e-06,0
TSK-3390,EMP-18,0,6.828615975177858e-06,0
TSK-3390,EMP-1,0,1.278639474780688e-07,0
TSK-3390,EMP-22,0,5.243771283355324e-06,0
TSK-3390,EMP-10,0,6.310273720653082e-06,0
TSK-3390,EMP-62,0,9.852957025197182e-09,0
TSK-3390,EMP-66,0,3.470283751160033e-07,0
TSK-3390,EMP-50,0,3.806765487595353e-07,0
TSK-3393,EMP-10,1,0.12356901099095188,0
TSK-3393,EMP-24,0,2.0652588790573034e-06,0
TSK-3393,EMP-1,0,7.557444634330641e-07,0
TSK-3393,EMP-42,0,1.8374780706581658e-06,0
TSK-3393,EMP-17,0,2.3460237904144034e-06,0
TSK-3393,EMP-63,0,1.3637466302825974e-06,0
TSK-3393,EMP-11,0,0.13747536501231766,0
TSK-3393,EMP-58,0,7.188205203286199e-07,0
TSK-3393,EMP-65,0,1.4287065468028797e-06,0
TSK-3393,EMP-9,0,2.368095276069314e-06,0
TSK-3393,EMP-22,0,1.385425647025614e-06,0
TSK-3393,EMP-59,0,1.4415070126218894e-06,0
TSK-3393,EMP-62,0,1.3028142442901124e-06,0
TSK-3393,EMP-29,0,2.5752781215000013e-06,0
TSK-3393,EMP-68,0,0.1229340903330329,0
TSK-3393,EMP-16,0,2.3584720230040943e-06,0
TSK-3393,EMP-31,0,1.7229537776554332e-06,0
TSK-3393,EMP-8,0,0.16478170460373978,0
TSK-3393,EMP-32,0,0.3888450462825382,0
TSK-3393,EMP-49,0,0.1173892210852881,0
TSK-3393,EMP-66,0,2.0511214933365856e-06,0
TSK-3407,EMP-65,1,0.39136450984464227,0
TSK-3407,EMP-41,0,0.31202493954389027,0
TSK-3407,EMP-51,0,1.0930673998349697e-06,0
TSK-3407,EMP-68,0,1.2256201619005971e-06,0
TSK-3407,EMP-66,0,1.5167396712540472e-06,0
TSK-3407,EMP-45,0,1.1550579001540602e-06,0
TSK-3407,EMP-10,0,0.12007244923775393,0
TSK-3407,EMP-63,0,1.0084474527637846e-06,0
TSK-3407,EMP-31,0,0.09726512005082612,0
TSK-3407,EMP-25,0,6.438874705795981e-07,0
TSK-3407,EMP-30,0,8.867773790215225e-07,0
TSK-3407,EMP-22,0,0.15080259771306875,0
TSK-3407,EMP-24,0,1.52719382785945e-06,0
TSK-3407,EMP-14,0,1.0875384229800461e-06,0
TSK-3407,EMP-56,0,9.731846910941931e-07,0
TSK-3407,EMP-18,0,1.3341120628248197e-06,0
TSK-3407,EMP-7,0,0.11159733566369866,0
TSK-3407,EMP-67,0,6.749525729019568e-07,0
TSK-3407,EMP-55,0,0.07029969320082248,0
TSK-3407,EMP-5,0,0.09653020363483746,0
TSK-3407,EMP-1,0,5.588490130364295e-07,0
TSK-3409,EMP-65,1,0.3983197042711039,0
TSK-3409,EMP-18,0,1.3735172831644067e-06,0
TSK-3409,EMP-57,0,6.107735519913006e-07,0
TSK-3409,EMP-31,0,0.09985114972518189,0
TSK-3409,EMP-62,0,9.918452014391598e-07,0
TSK-3409,EMP-12,0,1.6198307246542828e-06,0
TSK-3409,EMP-44,0,8.952721642573573e-07,0
TSK-3409,EMP-51,0,1.1253529728582732e-06,0
TSK-3409,EMP-10,0,0.12318212286982151,0
TSK-3409,EMP-49,0,1.0945987672207441e-06,0
TSK-3409,EMP-4,0,1.529894027573862e-06,0
TSK-3409,EMP-41,0,0.31830754576807657,0
TSK-3409,EMP-46,0,1.3381594962439156e-06,0
TSK-3409,EMP-6,0,1.1749679988808255e-06,0
TSK-3409,EMP-1,0,5.753555619881198e-07,0
TSK-3409,EMP-20,0,1.8070349217124493e-06,0
TSK-3409,EMP-45,0,1.1891744640614487e-06,0
TSK-3409,EMP-21,0,0.1325019367621078,0
TSK-3409,EMP-30,0,9.129698369712321e-07,0
TSK-3409,EMP-8,0,0.12073380922238744,0
TSK-3409,EMP-55,0,0.07222614260090755,0
TSK-3421,EMP-21,1,0.10710660330543909,0
TSK-3421,EMP-6,0,5.386651499668418e-07,0
TSK-3421,EMP-10,0,0.05560608341551693,0
TSK-3421,EMP-45,0,0.044072405419294976,0
TSK-3421,EMP-49,0,5.018197806216241e-07,0
TSK-3421,EMP-50,0,7.85302380213441e-07,0
TSK-3421,EMP-67,0,3.185721531168692e-07,0
TSK-3421,EMP-40,0,0.049237041161954584,0
TSK-3421,EMP-52,0,6.744007005846627e-07,0
TSK-3421,EMP-20,0,8.284370903828018e-07,0
TSK-3421,EMP-12,0,7.426130509577435e-07,0
TSK-3421,EMP-59,0,5.031193195456e-07,0
TSK-3421,EMP-11,0,0.04442706159376213,0
TSK-3421,EMP-62,0,4.547122914855324e-07,0
TSK-3421,EMP-66,0,7.158891705176289e-07,0
TSK-3421,EMP-17,0,0.11485194714279345,0
TSK-3421,EMP-8,0,0.08973795340534088,0
TSK-3421,EMP-25,0,3.0390967119511785e-07,0
TSK-3421,EMP-4,0,7.013814461175972e-07,0
TSK-3421,EMP-16,0,8.231618280711036e-07,0
TSK-3421,EMP-24,0,7.208234540189057e-07,0
TSK-3439,EMP-11,1,0.22294069115606802,0
TSK-3439,EMP-42,0,4.32900477010082e-06,0
TSK-3439,EMP-51,0,3.4825187017075864e-06,0
TSK-3439,EMP-7,0,0.2678672570763973,0
TSK-3439,EMP-28,0,4.14850519981785e-06,0
TSK-3439,EMP-29,0,6.067218051337843e-06,0
TSK-3439,EMP-24,0,4.86564325329076e-06,0
TSK-3439,EMP-40,0,4.133595270753204e-06,0
TSK-3439,EMP-20,0,5.592044519154496e-06,0
TSK-3439,EMP-12,0,5.0127249721595554e-06,0
TSK-3439,EMP-21,0,4.270407274606708e-06,0
TSK-3439,EMP-65,0,3.3659617402071336e-06,0
TSK-3439,EMP-56,0,3.100572549903872e-06,0
TSK-3439,EMP-45,0,3.6800202753751957e-06,0
TSK-3439,EMP-57,0,1.8901026266596783e-06,0
TSK-3439,EMP-62,0,3.069366245479572e-06,0
TSK-3439,EMP-48,0,4.227066693497572e-06,0
TSK-3439,EMP-55,0,2.848745621951161e-06,0
TSK-3439,EMP-30,0,2.8252788435532937e-06,0
TSK-3439,EMP-8,0,3.509641175778718e-06,0
TSK-3439,EMP-41,0,3.7180061201814078e-06,0
TSK-3442,EMP-28,1,0.2310268594604166,0
TSK-3442,EMP-62,0,2.196748818615009e-06,0
TSK-3442,EMP-42,0,3.098274614208395e-06,0
TSK-3442,EMP-27,0,2.973679697711236e-06,0
TSK-3442,EMP-59,0,2.430606312088171e-06,0
TSK-3442,EMP-5,0,0.08325283497288107,0
TSK-3442,EMP-52,0,3.2580770811336537e-06,0
TSK-3442,EMP-41,0,2.6609815854655158e-06,0
TSK-3442,EMP-66,0,3.458510239306736e-06,0
TSK-3442,EMP-20,0,4.002235321205742e-06,0
TSK-3442,EMP-40,0,2.9584196048358766e-06,0
TSK-3442,EMP-68,0,2.794692813524188e-06,0
TSK-3442,EMP-10,0,2.81116162499423e-06,0
TSK-3442,EMP-48,0,3.0253173061695772e-06,0
TSK-3442,EMP-44,0,1.9828581083475395e-06,0
TSK-3442,EMP-51,0,2.4924427815142635e-06,0
TSK-3442,EMP-30,0,2.022055054617696e-06,0
TSK-3442,EMP-21,0,3.0563362559010925e-06,0
TSK-3442,EMP-11,0,2.4280763023467883e-06,0
TSK-3442,EMP-31,0,0.1972277858228261,0
TSK-3442,EMP-14,0,2.47983547178524e-06,0
TSK-3464,EMP-57,1,0.046201721358582575,0
TSK-3464,EMP-8,0,0.08252297119095456,0
TSK-3464,EMP-6,0,9.209175075257231e-07,0
TSK-3464,EMP-67,0,5.446402446023082e-07,0
TSK-3464,EMP-66,0,1.2239046608189282e-06,0
TSK-3464,EMP-12,0,1.2695925493031045e-06,0
TSK-3464,EMP-34,0,7.655066544978502e-07,0
TSK-3464,EMP-32,0,0.25764908296808864,0
TSK-3464,EMP-55,0,0.0625674731245817,0
TSK-3464,EMP-63,0,0.07000597552267751,0
TSK-3464,EMP-9,0,1.413043169587681e-06,0
TSK-3464,EMP-44,0,7.016972045110209e-07,0
TSK-3464,EMP-45,0,9.320522668394095e-07,0
TSK-3464,EMP-1,0,4.5095265734669403e-07,0
TSK-3464,EMP-42,0,1.096423487524422e-06,0
TSK-3464,EMP-18,0,1.0765366958609398e-06,0
TSK-3464,EMP-56,0,0.11067007372018337,0
TSK-3464,EMP-46,0,1.0488239276386759e-06,0
TSK-3464,EMP-49,0,0.0735271189856507,0
TSK-3464,EMP-25,0,5.19572843261768e-07,0
TSK-3464,EMP-52,0,1.1529748164919526e-06,0
TSK-3467,EMP-57,1,5.34664363855006e-07,0
TSK-3467,EMP-28,0,0.09028151247628036,0
TSK-3467,EMP-18,0,1.2023618440124133e-06,0
TSK-3467,EMP-68,0,1.1045840474694318e-06,0
TSK-3467,EMP-67,0,6.0829760104985e-07,0
TSK-3467,EMP-52,0,1.2877340079552454e-06,0
TSK-3467,EMP-46,0,1.1714100230983138e-06,0
TSK-3467,EMP-62,0,8.682502821595427e-07,0
TSK-3467,EMP-58,0,4.790521755173078e-07,0
TSK-3467,EMP-65,0,0.3668954999407613,0
TSK-3467,EMP-59,0,9.606810286504472e-07,0
TSK-3467,EMP-14,0,9.80138556785832e-07,0
TSK-3467,EMP-27,0,0.09040843638576164,0
TSK-3467,EMP-30,0,7.992036555826676e-07,0
TSK-3467,EMP-17,0,1.5634896039116453e-06,0
TSK-3467,EMP-51,0,9.851215200223975e-07,0
TSK-3467,EMP-11,0,0.08153684546303418,0
TSK-3467,EMP-6,0,1.028553970272569e-06,0
TSK-3467,EMP-21,0,0.11793801182303693,0
TSK-3467,EMP-24,0,1.3763758481836403e-06,0
TSK-3467,EMP-32,0,1.5620008187908103e-06,0
TSK-3470,EMP-11,1,2.381456147144455e-06,0
TSK-3470,EMP-68,0,2.7410334759925207e-06,0
TSK-3470,EMP-20,0,3.9253907246932376e-06,0
TSK-3470,EMP-44,0,1.9447863257464785e-06,0
TSK-3470,EMP-21,0,0.20223665641229815,0
TSK-3470,EMP-65,0,2.362768426332372e-06,0
TSK-3470,EMP-46,0,2.9068623405295496e-06,0
TSK-3470,EMP-16,0,3.900394979974288e-06,0
TSK-3470,EMP-59,0,2.3839375796786434e-06,0
TSK-3470,EMP-9,0,3.916309703349816e-06,0
TSK-3470,EMP-7,0,0.19014570203689163,0
TSK-3470,EMP-27,0,0.3982048209379672,0
TSK-3470,EMP-29,0,4.2589440686181335e-06,0
TSK-3470,EMP-30,0,1.9832306742129077e-06,0
TSK-3470,EMP-34,0,2.1216369340998864e-06,0
TSK-3470,EMP-63,0,2.2553390152833986e-06,0
TSK-3470,EMP-51,0,2.444586764032791e-06,0
TSK-3470,EMP-58,0,1.1887726151198723e-06,0
TSK-3470,EMP-4,0,0.2689242375377898,0
TSK-3470,EMP-67,0,1.5094961018118631e-06,0
TSK-3470,EMP-40,0,2.9016166496503117e-06,0
TSK-351,EMP-16,1,0.6538756599212193,1
TSK-351,EMP-4,1,0.3339781531594361,0
TSK-351,EMP-7,0,0.2593191052672588,0
TSK-351,EMP-9,0,6.98751732784907e-06,0
TSK-351,EMP-52,0,5.701481701273364e-06,0
TSK-351,EMP-17,0,6.92239149265483e-06,0
TSK-351,EMP-30,0,3.538504551137854e-06,0
TSK-351,EMP-59,0,4.253449401631585e-06,0
TSK-351,EMP-21,0,0.3114401983365552,0
TSK-351,EMP-41,0,4.656594743737613e-06,0
TSK-351,EMP-62,0,3.844210203988422e-06,0
TSK-351,EMP-24,0,6.0939443082192464e-06,0
TSK-351,EMP-11,0,0.2821543387414985,0
TSK-351,EMP-68,0,4.890582720268966e-06,0
TSK-351,EMP-29,0,7.598846806228589e-06,0
TSK-351,EMP-46,0,5.186455768801441e-06,0
TSK-351,EMP-6,0,0.27803998852893647,0
TSK-351,EMP-40,0,5.177096370719695e-06,0
TSK-351,EMP-27,0,5.203800762188027e-06,0
TSK-351,EMP-57,0,2.367248932173098e-06,0
TSK-351,EMP-34,0,3.7854502907473565e-06,0
TSK-351,EMP-28,0,5.195770201550573e-06,0
TSK-356,EMP-8,1,0.25032343573482263,0
TSK-356,EMP-11,0,3.489225744294749e-06,0
TSK-356,EMP-59,0,3.492861447891473e-06,0
TSK-356,EMP-30,0,2.9057603330182826e-06,0
TSK-356,EMP-14,0,0.3014128400548018,0
TSK-356,EMP-49,0,3.4838395405714193e-06,0
TSK-356,EMP-15,0,0.5276183051109073,1
TSK-356,EMP-10,0,4.039731313890192e-06,0
TSK-356,EMP-42,0,4.452321522980944e-06,0
TSK-356,EMP-25,0,2.1098685531003464e-06,0
TSK-356,EMP-46,0,4.2590313690943866e-06,0
TSK-356,EMP-55,0,2.929895589060105e-06,0
TSK-356,EMP-58,0,1.741748769549575e-06,0
TSK-356,EMP-24,0,5.004246703129389e-06,0
TSK-356,EMP-22,0,0.22111799419355824,0
TSK-356,EMP-32,0,5.679141808222172e-06,0
TSK-356,EMP-50,0,5.451883286361649e-06,0
TSK-356,EMP-7,0,0.22330307966115867,0
TSK-356,EMP-63,0,3.3044435545604668e-06,0
TSK-356,EMP-52,0,4.681962545299482e-06,0
TSK-356,EMP-48,0,4.347479633926983e-06,0
TSK-363,EMP-7,1,0.3899505182611216,0
TSK-363,EMP-57,0,1.762251929213248e-06,0
TSK-363,EMP-67,0,2.0049464902188334e-06,0
TSK-363,EMP-65,0,3.138281000637003e-06,0
TSK-363,EMP-22,0,0.20468110804655457,0
TSK-363,EMP-9,0,5.201726047568941e-06,0
TSK-363,EMP-5,0,1.3989332453375332e-06,0
TSK-363,EMP-25,0,1.912667726724207e-06,0
TSK-363,EMP-14,0,3.2305300534608027e-06,0
TSK-363,EMP-10,0,0.270374095050042,0
TSK-363,EMP-68,0,3.640700508754718e-06,0
TSK-363,EMP-15,0,5.340106044165639e-06,0
TSK-363,EMP-40,0,3.853990382943062e-06,0
TSK-363,EMP-31,0,3.7846198813066638e-06,0
TSK-363,EMP-45,0,3.4310960280849265e-06,0
TSK-363,EMP-48,0,3.941139231280485e-06,0
TSK-363,EMP-41,0,3.4665124400238118e-06,0
TSK-363,EMP-32,0,5.14833725534706e-06,0
TSK-363,EMP-29,0,5.65681968065253e-06,0
TSK-363,EMP-49,0,3.158219643712328e-06,0
TSK-363,EMP-52,0,4.244359582397435e-06,0
TSK-364,EMP-4,1,0.5325781669978559,1
TSK-364,EMP-5,1,0.26529751691637704,0
TSK-364,EMP-24,0,3.8983337918239803e-07,0
TSK-364,EMP-57,0,1.5143384724210802e-07,0
TSK-364,EMP-27,0,9.881888663027774e-06,0
TSK-364,EMP-9,0,1.3269100931664788e-05,0
TSK-364,EMP-10,0,9.3418254499741e-06,0
TSK-364,EMP-44,0,6.589286727435536e-06,0
TSK-364,EMP-1,0,4.234679277948443e-06,0
TSK-364,EMP-68,0,9.287097980054723e-06,0
TSK-364,EMP-30,0,6.719542494833886e-06,0
TSK-364,EMP-41,0,8.842762347345622e-06,0
TSK-364,EMP-63,0,7.641489566600042e-06,0
TSK-364,EMP-45,0,8.752418737490507e-06,0
TSK-364,EMP-16,0,0.6363916083289275,1
TSK-364,EMP-31,0,9.65422113825036e-06,0
TSK-364,EMP-56,0,7.374288434993289e-06,0
TSK-364,EMP-49,0,8.056338924597523e-06,0
TSK-364,EMP-65,0,8.005477457505145e-06,0
TSK-364,EMP-29,0,1.442999066649907e-05,0
TSK-364,EMP-6,0,8.647858804014935e-06,0
TSK-364,EMP-52,0,3.647271699635784e-07,0
TSK-375,EMP-10,1,0.23232902999603958,0
TSK-375,EMP-57,0,8.401591543245488e-07,0
TSK-375,EMP-14,0,1.5401665550538448e-06,0
TSK-375,EMP-40,0,1.8374040573771668e-06,0
TSK-375,EMP-68,0,1.7357171334733861e-06,0
TSK-375,EMP-27,0,1.8468817488154057e-06,0
TSK-375,EMP-4,0,2.1044690368962462e-06,0
TSK-375,EMP-42,0,1.9242647795451692e-06,0
TSK-375,EMP-48,0,1.8789526762979623e-06,0
TSK-375,EMP-29,0,2.696912084656196e-06,0
TSK-375,EMP-46,0,1.8407258138822369e-06,0
TSK-375,EMP-12,0,2.2281827554498418e-06,0
TSK-375,EMP-49,0,1.5056922561380332e-06,0
TSK-375,EMP-7,0,0.13988247814830163,0
TSK-375,EMP-24,0,2.162803976993469e-06,0
TSK-375,EMP-56,0,0.1043861474322252,0
TSK-375,EMP-45,0,1.6357872599126955e-06,0
TSK-375,EMP-59,0,0.1132098120029674,0
TSK-375,EMP-52,0,2.023514419009199e-06,0
TSK-375,EMP-30,0,1.2558498589172487e-06,0
TSK-375,EMP-50,0,2.35627029409004e-06,0
TSK-390,EMP-18,1,0.4163831429407621,0
TSK-390,EMP-6,1,0.3790051621387835,0
TSK-390,EMP-59,0,5.63352511714287e-06,0
TSK-390,EMP-20,0,9.27614085433953e-06,0
TSK-390,EMP-46,0,6.869252984710352e-06,0
TSK-390,EMP-45,0,6.1044631001870335e-06,0
TSK-390,EMP-4,0,0.4207908499831846,0
TSK-390,EMP-11,0,5.627661219007496e-06,0
TSK-390,EMP-55,0,4.725537022489641e-06,0
TSK-390,EMP-12,0,8.315162816289841e-06,0
TSK-390,EMP-66,0,8.015933231666834e-06,0
TSK-390,EMP-42,0,7.181003528058544e-06,0
TSK-390,EMP-24,0,8.07118284011615e-06,0
TSK-390,EMP-62,0,5.091504698994706e-06,0
TSK-390,EMP-49,0,5.61897400089294e-06,0
TSK-390,EMP-21,0,7.083801593578156e-06,0
TSK-390,EMP-1,0,2.9535159178436505e-06,0
TSK-390,EMP-65,0,5.58350007705547e-06,0
TSK-390,EMP-56,0,5.143270017418156e-06,0
TSK-390,EMP-7,0,5.483242501948306e-06,0
TSK-390,EMP-32,0,9.159694888955435e-06,0
TSK-390,EMP-51,0,0.32819888693468013,0
TSK-392,EMP-5,1,0.7960153399973622,1
TSK-392,EMP-52,0,0.04737996533890935,0
TSK-392,EMP-27,0,0.21448493177807582,0
TSK-392,EMP-6,0,0.04942507838220939,0
TSK-392,EMP-28,0,0.060936680307649295,0
TSK-392,EMP-24,0,0.04634628447093158,0
TSK-392,EMP-17,0,0.12899733256004395,0
TSK-392,EMP-12,0,0.12810415632928313,0
TSK-392,EMP-42,0,0.08141164548618428,0
TSK-392,EMP-56,0,0.01939153073798542,0
TSK-392,EMP-15,0,0.04187810981377189,0
TSK-392,EMP-66,0,0.03556547937327913,0
TSK-392,EMP-21,0,0.16389419797807087,0
TSK-392,EMP-49,0,0.027498550015712192,0
TSK-392,EMP-32,0,0.03401952369632637,0
TSK-392,EMP-22,0,0.09473507150278544,0
TSK-392,EMP-48,0,0.037163251808125186,0
TSK-392,EMP-68,0,0.057563420204713896,0
TSK-392,EMP-58,0,0.010685512048058295,0
TSK-392,EMP-45,0,0.14451001062524035,0
TSK-392,EMP-55,0,0.19680611123618139,0
TSK-407,EMP-15,1,9.842836261012722e-06,0
TSK-407,EMP-29,0,1.0426597252009537e-05,0
TSK-407,EMP-46,0,7.116492198374622e-06,0
TSK-407,EMP-48,0,7.264281565516804e-06,0
TSK-407,EMP-49,0,5.821213242354425e-06,0
TSK-407,EMP-50,0,9.109642653674692e-06,0
TSK-407,EMP-20,0,9.610008315187993e-06,0
TSK-407,EMP-12,0,8.614442991471218e-06,0
TSK-407,EMP-57,0,3.2481769791116136e-06,0
TSK-407,EMP-25,0,3.5254224368773256e-06,0
TSK-407,EMP-9,0,9.587776593100235e-06,0
TSK-407,EMP-17,0,9.498415762854926e-06,0
TSK-407,EMP-62,0,5.274759259479716e-06,0
TSK-407,EMP-18,0,7.304528021529113e-06,0
TSK-407,EMP-58,0,2.9103242944232155e-06,0
TSK-407,EMP-67,0,3.6955100421355806e-06,0
TSK-407,EMP-44,0,4.761173518416902e-06,0
TSK-407,EMP-32,0,9.489371258867196e-06,0
TSK-407,EMP-55,0,4.895619658102365e-06,0
TSK-407,EMP-42,0,7.43946323192069e-06,0
TSK-407,EMP-10,0,6.750060780798405e-06,0
TSK-422,EMP-18,1,0.02675494370787861,0
TSK-422,EMP-30,1,0.021396086122861164,0
TSK-422,EMP-5,1,0.7982747429159506,1
TSK-422,EMP-29,1,0.08086634886530977,0
TSK-422,EMP-68,0,0.05832612957276193,0
TSK-422,EMP-41,0,0.4430067658937589,0
TSK-422,EMP-1,0,1.361697110837112e-07,0
TSK-422,EMP-22,0,0.09594016275563741,0
TSK-422,EMP-42,0,0.08246269272411952,0
TSK-422,EMP-20,0,0.034904756733208725,0
TSK-422,EMP-58,0,0.01083423444842615,0
TSK-422,EMP-21,0,0.16581789387963305,0
TSK-422,EMP-6,0,0.050085686291806805,0
TSK-422,EMP-34,0,0.038524231807609985,0
TSK-422,EMP-11,0,0.4647737877670738,0
TSK-422,EMP-49,0,0.027874685249946605,0
TSK-422,EMP-7,0,0.2237946146384953,0
TSK-422,EMP-31,0,0.09934146098698707,0
TSK-422,EMP-25,0,0.013094078893572537,0
TSK-422,EMP-44,0,0.02099003420244209,0
TSK-422,EMP-8,0,0.2037216389086565,0
TSK-422,EMP-40,0,0.04379191227336694,0
TSK-422,EMP-32,0,0.034481692590609646,0
TSK-422,EMP-48,0,0.0376664641675302,0
TSK-445,EMP-6,1,0.3954293203917943,0
TSK-445,EMP-66,0,7.038614947189994e-07,0
TSK-445,EMP-7,0,4.814703709801399e-07,0
TSK-445,EMP-46,0,6.7299602222829e-06,0
TSK-445,EMP-16,0,9.03017263678801e-06,0
TSK-445,EMP-51,0,5.659704436305651e-06,0
TSK-445,EMP-18,0,6.907782958118549e-06,0
TSK-445,EMP-29,0,9.860278831156659e-06,0
TSK-445,EMP-58,0,2.4666975835153195e-07,0
TSK-445,EMP-45,0,5.980678437229016e-06,0
TSK-445,EMP-4,0,7.694238261215886e-06,0
TSK-445,EMP-32,0,8.973957612452981e-06,0
TSK-445,EMP-59,0,4.946663947373353e-07,0
TSK-445,EMP-15,0,0.0659012700434784,0
TSK-445,EMP-5,0,2.438457700142387e-06,0
TSK-445,EMP-24,0,7.087128772313599e-07,0
TSK-445,EMP-27,0,6.752467101734409e-06,0
TSK-445,EMP-50,0,8.61485372660372e-06,0
TSK-445,EMP-40,0,6.020849069580242e-07,0
TSK-445,EMP-11,0,0.317996839182836,0
TSK-445,EMP-34,0,4.402389911191313e-07,0
TSK-460,EMP-11,1,0.29911738774004143,0
TSK-460,EMP-4,1,0.39447849278246405,0
TSK-460,EMP-22,0,3.391279818264309e-06,0
TSK-460,EMP-20,0,5.810116187891963e-06,0
TSK-460,EMP-51,0,3.618325976958954e-06,0
TSK-460,EMP-55,0,2.959837813751545e-06,0
TSK-460,EMP-65,0,3.497223676481152e-06,0
TSK-460,EMP-48,0,4.391908870964885e-06,0
TSK-460,EMP-45,0,3.8235294613180515e-06,0
TSK-460,EMP-56,0,3.2214851746135667e-06,0
TSK-460,EMP-40,0,4.29479237521865e-06,0
TSK-460,EMP-50,0,5.507598957274845e-06,0
TSK-460,EMP-31,0,4.21748762276102e-06,0
TSK-460,EMP-63,0,2.991868086750149e-07,0
TSK-460,EMP-12,0,0.3057709533723201,0
TSK-460,EMP-6,0,0.29485728510125003,0
TSK-460,EMP-49,0,3.519442805181753e-06,0
TSK-460,EMP-25,0,2.131430485496951e-06,0
TSK-460,EMP-67,0,2.0024529624727996e-07,0
TSK-460,EMP-32,0,5.737179940513826e-06,0
TSK-460,EMP-68,0,4.05710746869045e-06,0
TSK-460,EMP-17,0,5.742648178642896e-06,0
TSK-461,EMP-21,1,0.306228254084616,0
TSK-461,EMP-51,0,3.8912214838821385e-06,0
TSK-461,EMP-12,0,5.601009290205574e-06,0
TSK-461,EMP-15,0,6.399698864376753e-06,0
TSK-461,EMP-11,0,0.27723516419052313,0
TSK-461,EMP-50,0,5.922983299425932e-06,0
TSK-461,EMP-49,0,3.784880534302271e-06,0
TSK-461,EMP-40,0,4.618706996839436e-06,0
TSK-461,EMP-46,0,4.627056917044293e-06,0
TSK-461,EMP-8,0,0.24904332011580457,0
TSK-461,EMP-7,0,0.43376316824588207,0
TSK-461,EMP-9,0,6.233861447349033e-06,0
TSK-461,EMP-27,0,4.642531129155374e-06,0
TSK-461,EMP-62,0,3.4295822875454875e-06,0
TSK-461,EMP-34,0,3.3771600657481625e-06,0
TSK-461,EMP-63,0,3.589982872226305e-06,0
TSK-461,EMP-66,0,5.39945075122879e-06,0
TSK-461,EMP-52,0,5.086533653180635e-06,0
TSK-461,EMP-48,0,4.7231480153205655e-06,0
TSK-461,EMP-14,0,3.8715388791053084e-06,0
TSK-461,EMP-6,0,4.062778766182415e-06,0
TSK-474,EMP-11,1,0.2816651514270233,0
TSK-474,EMP-42,0,5.408749590028205e-06,0
TSK-474,EMP-10,0,0.4155290529761388,0
TSK-474,EMP-45,0,4.597895459745574e-06,0
TSK-474,EMP-22,0,0.31100355209347236,0
TSK-474,EMP-49,0,4.232223461352654e-06,0
TSK-474,EMP-30,0,3.529964121024776e-06,0
TSK-474,EMP-44,0,3.461536899384411e-06,0
TSK-474,EMP-18,0,5.310646783906279e-06,0
TSK-474,EMP-32,0,6.899108178323408e-06,0
TSK-474,EMP-50,0,6.623031379490774e-06,0
TSK-474,EMP-48,0,5.281386147849836e-06,0
TSK-474,EMP-12,0,6.263002919680439e-06,0
TSK-474,EMP-31,0,5.07164017989319e-06,0
TSK-474,EMP-9,0,6.970652520354461e-06,0
TSK-474,EMP-65,0,4.205504387800812e-06,0
TSK-474,EMP-68,0,4.878778970127065e-06,0
TSK-474,EMP-15,0,0.37701553436222224,0
TSK-474,EMP-25,0,2.5631024972166657e-06,0
TSK-474,EMP-52,0,5.687720803063758e-06,0
TSK-474,EMP-7,0,0.27643506884439933,0
TSK-478,EMP-6,1,0.4387959946947242,0
TSK-478,EMP-68,0,7.58616060740373e-06,0
TSK-478,EMP-1,0,1.1652532302873962e-07,0
TSK-478,EMP-29,0,1.1787140623074795e-05,0
TSK-478,EMP-45,0,7.149407477590774e-06,0
TSK-478,EMP-42,0,8.410225439417447e-06,0
TSK-478,EMP-20,0,1.086399797865844e-05,0
TSK-478,EMP-24,0,9.452781444728652e-06,0
TSK-478,EMP-65,0,6.539268090695382e-06,0
TSK-478,EMP-16,0,1.0794819681023122e-05,0
TSK-478,EMP-48,0,2.766424981355868e-07,0
TSK-478,EMP-18,0,8.257682920952248e-06,0
TSK-478,EMP-21,0,8.296384917316133e-06,0
TSK-478,EMP-58,0,1.1083215923880963e-07,0
TSK-478,EMP-55,0,5.53444211953981e-06,0
TSK-478,EMP-40,0,8.030592792817533e-06,0
TSK-478,EMP-5,0,2.914976948842355e-06,0
TSK-478,EMP-56,0,2.0291831074226313e-07,0
TSK-478,EMP-14,0,6.731487708848148e-06,0
TSK-478,EMP-9,0,1.083886531761075e-05,0
TSK-478,EMP-12,0,9.738524706234928e-06,0
TSK-479,EMP-6,1,0.40050041664736724,0
TSK-479,EMP-50,0,8.799137962629276e-06,0
TSK-479,EMP-62,0,5.094966964287274e-06,0
TSK-479,EMP-32,0,9.165923531856725e-06,0
TSK-479,EMP-63,0,4.779930821332013e-07,0
TSK-479,EMP-17,0,9.174659754364373e-06,0
TSK-479,EMP-18,0,7.0555507281892355e-06,0
TSK-479,EMP-55,0,4.7287504279131144e-06,0
TSK-479,EMP-46,0,6.873924125226042e-06,0
TSK-479,EMP-9,0,9.260974725331129e-06,0
TSK-479,EMP-8,0,5.825795692464492e-06,0
TSK-479,EMP-22,0,5.418037327017304e-06,0
TSK-479,EMP-34,0,5.017088952375261e-06,0
TSK-479,EMP-66,0,8.021384116589486e-06,0
TSK-479,EMP-48,0,7.01667607653501e-06,0
TSK-479,EMP-42,0,7.185886659620827e-06,0
TSK-479,EMP-20,0,9.282448680402704e-06,0
TSK-479,EMP-11,0,0.3226048025371935,0
TSK-479,EMP-30,0,4.6897970265872306e-06,0
TSK-479,EMP-28,0,6.8862690865259265e-06,0
TSK-479,EMP-57,0,3.137461340971385e-06,0
TSK-481,EMP-6,1,0.5642122763198508,1
TSK-481,EMP-65,0,1.2956134727455154e-05,0
TSK-481,EMP-12,0,1.9294703976531357e-05,0
TSK-481,EMP-51,0,1.3404776996514532e-05,0
TSK-481,EMP-58,0,1.1479940649713108e-09,0
TSK-481,EMP-25,0,1.3906239006549752e-09,0
TSK-481,EMP-30,0,3.4168081938283815e-08,0
TSK-481,EMP-45,0,1.4164984484130767e-05,0
TSK-481,EMP-29,0,2.3353530305389196e-05,0
TSK-481,EMP-24,0,5.8843760802417125e-08,0
TSK-481,EMP-9,0,2.1474759087532816e-05,0
TSK-481,EMP-63,0,6.932106419295902e-07,0
TSK-481,EMP-18,0,1.6360771659434223e-05,0
TSK-481,EMP-31,0,1.562445998832823e-05,0
TSK-481,EMP-22,0,0.5816990657869224,1
TSK-481,EMP-41,0,1.4311196505300739e-05,0
TSK-481,EMP-27,0,1.59929164740802e-05,0
TSK-481,EMP-46,0,1.5939610427165068e-05,0
TSK-481,EMP-49,0,1.303844896049189e-05,0
TSK-481,EMP-32,0,2.1254352827259132e-05,0
TSK-481,EMP-44,0,1.066416860450149e-05,0
TSK-492,EMP-7,1,3.882350503904233e-06,0
TSK-492,EMP-6,1,0.3209699871372238,0
TSK-492,EMP-14,0,4.069544248039479e-06,0
TSK-492,EMP-22,0,3.833575746046554e-06,0
TSK-492,EMP-49,0,3.97845388025955e-06,0
TSK-492,EMP-45,0,4.322199808441239e-06,0
TSK-492,EMP-67,0,2.5256601607081383e-06,0
TSK-492,EMP-5,0,1.7622567677361238e-06,0
TSK-492,EMP-58,0,1.989032153701536e-06,0
TSK-492,EMP-11,0,0.2520395593704705,0
TSK-492,EMP-51,0,4.090233492708448e-06,0
TSK-492,EMP-18,0,4.992213871334011e-06,0
TSK-492,EMP-8,0,4.1220889379794105e-06,0
TSK-492,EMP-42,0,5.084434342455749e-06,0
TSK-492,EMP-59,0,3.988756657975764e-06,0
TSK-492,EMP-50,0,6.225906762436673e-06,0
TSK-492,EMP-56,0,3.6416363045659294e-06,0
TSK-492,EMP-46,0,4.863702192463625e-06,0
TSK-492,EMP-40,0,4.854925227679718e-06,0
TSK-492,EMP-24,0,5.7147179668917875e-06,0
TSK-492,EMP-63,0,3.77358843984588e-06,0
TSK-492,EMP-66,0,5.6755989585311694e-06,0
TSK-508,EMP-10,1,0.41310208248167574,0
TSK-508,EMP-52,0,8.061957310739896e-06,0
TSK-508,EMP-18,0,7.527481725249541e-06,0
TSK-508,EMP-65,0,5.961020063441589e-06,0
TSK-508,EMP-66,0,3.825447929964311e-07,0
TSK-508,EMP-68,0,6.915339628893688e-06,0
TSK-508,EMP-20,0,9.903330737915226e-06,0
TSK-508,EMP-40,0,3.2722977052358766e-07,0
TSK-508,EMP-1,0,1.4095011222209292e-07,0
TSK-508,EMP-51,0,6.16743848830189e-06,0
TSK-508,EMP-14,0,6.136242376788524e-06,0
TSK-508,EMP-41,0,6.584478604797307e-06,0
TSK-508,EMP-29,0,1.0744843822957449e-05,0
TSK-508,EMP-49,0,5.998892489064867e-06,0
TSK-508,EMP-50,0,9.387692759725333e-06,0
TSK-508,EMP-15,0,4.534116274799827e-07,0
TSK-508,EMP-24,0,3.8518149316158273e-07,0
TSK-508,EMP-8,0,0.3445329390849857,0
TSK-508,EMP-9,0,9.880420452610974e-06,0
TSK-508,EMP-5,0,2.6572133557853003e-06,0
TSK-508,EMP-56,0,2.4545186753998336e-07,0
TSK-509,EMP-11,1,0.7244007722580654,1
TSK-509,EMP-48,0,1.8336108572808418e-06,0
TSK-509,EMP-16,0,2.410264589825054e-06,0
TSK-509,EMP-34,0,1.3110730902540873e-06,0
TSK-509,EMP-20,0,2.4257108328471886e-06,0
TSK-509,EMP-5,0,6.50851327397116e-07,0
TSK-509,EMP-66,0,2.0961645887531027e-06,0
TSK-509,EMP-50,0,2.2994101438516713e-06,0
TSK-509,EMP-42,0,1.8778295166363707e-06,0
TSK-509,EMP-17,0,2.397542991952182e-06,0
TSK-509,EMP-59,0,0.11078053564741162,0
TSK-509,EMP-29,0,2.6318317856251704e-06,0
TSK-509,EMP-28,0,1.7995324864875204e-06,0
TSK-509,EMP-45,0,1.5963133612747097e-06,0
TSK-509,EMP-22,0,0.13548161159125907,0
TSK-509,EMP-57,0,8.198848901459978e-07,0
TSK-509,EMP-30,0,1.225544384831127e-06,0
TSK-509,EMP-63,0,1.3936948381007542e-06,0
TSK-509,EMP-41,0,1.6127908355061155e-06,0
TSK-509,EMP-1,0,7.723408060446454e-07,0
TSK-509,EMP-4,0,2.05368519630136e-06,0
TSK-513,EMP-16,1,0.5770987982565468,1
TSK-513,EMP-68,1,7.2410512305355445e-06,0
TSK-513,EMP-5,1,0.21968971003475313,0
TSK-513,EMP-12,0,9.295500960475571e-06,0
TSK-513,EMP-7,0,0.40421928225366055,0
TSK-513,EMP-56,0,1.936870923535324e-07,0
TSK-513,EMP-44,0,5.1375935205508695e-06,0
TSK-513,EMP-4,0,0.4704434422212985,0
TSK-513,EMP-25,0,1.2814901449494953e-07,0
TSK-513,EMP-22,0,0.33856489792160777,0
TSK-513,EMP-52,0,8.441674000918387e-06,0
TSK-513,EMP-50,0,3.3113705702955743e-07,0
TSK-513,EMP-1,0,1.1122431894752215e-07,0
TSK-513,EMP-40,0,7.665265476095963e-06,0
TSK-513,EMP-66,0,3.0186770031653215e-07,0
TSK-513,EMP-30,0,1.7648995282394325e-07,0
TSK-513,EMP-59,0,2.121493934287446e-07,0
TSK-513,EMP-55,0,5.28266896174021e-06,0
TSK-513,EMP-10,0,7.283721742880402e-06,0
TSK-513,EMP-34,0,5.604782827060937e-06,0
TSK-513,EMP-65,0,6.241783617603984e-06,0
TSK-513,EMP-15,0,0.4955879337460946,0
TSK-513,EMP-45,0,6.824166724612489e-06,0
TSK-520,EMP-41,1,0.67258150812218,1
TSK-520,EMP-16,1,0.26280324262734767,0
TSK-520,EMP-6,1,0.1198570759853896,0
TSK-520,EMP-7,1,0.4268202964059727,0
TSK-520,EMP-27,1,0.41695758519763665,0
TSK-520,EMP-11,1,0.6916220589183512,1
TSK-520,EMP-4,1,0.24939574905620207,0
TSK-520,EMP-14,1,0.13440328863770235,0
TSK-520,EMP-5,1,0.9108776451585495,1
TSK-520,EMP-55,1,0.39089483347374426,0
TSK-520,EMP-42,0,0.18839162061129938,0
TSK-520,EMP-17,0,0.27948278811877525,0
TSK-520,EMP-20,0,0.08543040750532117,0
TSK-520,EMP-59,0,2.2597514018711152e-08,0
TSK-520,EMP-8,0,0.3978714335499941,0
TSK-520,EMP-18,0,0.06629386323442334,0
TSK-520,EMP-21,0,0.3392340616415472,0
TSK-520,EMP-46,0,0.16873883958611968,0
TSK-520,EMP-29,0,0.1851584769607049,0
TSK-520,EMP-22,0,0.21512273223940923,0
TSK-520,EMP-9,0,0.21475207470310734,0
TSK-520,EMP-44,0,0.0524687657289143,0
TSK-520,EMP-1,0,3.516913623062512e-07,0
TSK-520,EMP-50,0,3.527172509396755e-08,0
TSK-520,EMP-57,0,0.0010624388855148368,0
TSK-520,EMP-31,0,0.22171310702878666,0
TSK-520,EMP-12,0,0.27788007343376686,0
TSK-520,EMP-67,0,0.0012085797527506827,0
TSK-520,EMP-15,0,0.10271761207755584,0
TSK-520,EMP-65,0,0.05793938514332769,0
TSK-521,EMP-41,1,3.379599264482564e-05,0
TSK-521,EMP-40,1,2.1061573512565356e-06,0
TSK-521,EMP-45,1,3.345071857282781e-05,0
TSK-521,EMP-4,1,0.8817952470968504,1
TSK-521,EMP-5,1,0.5356217396388022,1
TSK-521,EMP-55,1,0.723779159338176,1
TSK-521,EMP-46,0,0.7768926666955401,1
TSK-521,EMP-24,0,1.3896265749687508e-07,0
TSK-521,EMP-50,0,0.012641085135699746,0
TSK-521,EMP-15,0,2.9183028664146935e-06,0
TSK-521,EMP-21,0,3.881704419678188e-05,0
TSK-521,EMP-10,0,3.570330256198017e-05,0
TSK-521,EMP-59,0,3.047388236735227e-10,0
TSK-521,EMP-32,0,0.8474622783011377,1
TSK-521,EMP-51,0,0.7779700907790378,1
TSK-521,EMP-34,0,1.540003663304203e-06,0
TSK-521,EMP-67,0,1.9295877045314652e-10,0
TSK-521,EMP-1,0,5.0850831254149846e-08,0
TSK-521,EMP-49,0,0.8299139938181034,1
TSK-521,EMP-66,0,0.013772685573832995,0
TSK-521,EMP-18,0,0.7656691634638981,1
TSK-521,EMP-9,0,5.071230217195234e-05,0
TSK-521,EMP-65,0,3.059606103757719e-05,0
TSK-521,EMP-27,0,3.776729987263083e-05,0
TSK-521,EMP-29,0,5.5148849464339095e-05,0
TSK-521,EMP-58,0,2.7110489950938393e-09,0
TSK-529,EMP-11,1,0.7253409153221958,1
TSK-529,EMP-44,0,1.2074662376912438e-06,0
TSK-529,EMP-56,0,0.10255747529070156,0
TSK-529,EMP-50,0,2.3102753135295784e-06,0
TSK-529,EMP-14,0,1.5101020978387278e-06,0
TSK-529,EMP-55,0,1.2415628248098685e-06,0
TSK-529,EMP-16,0,2.42165356751151e-06,0
TSK-529,EMP-59,0,0.11124576404661853,0
TSK-529,EMP-15,0,0.23208502621046634,0
TSK-529,EMP-17,0,2.408871857713205e-06,0
TSK-529,EMP-57,0,8.237590148704665e-07,0
TSK-529,EMP-9,0,2.431534619061299e-06,0
TSK-529,EMP-25,0,8.940704688320067e-07,0
TSK-529,EMP-12,0,2.1846880699504784e-06,0
TSK-529,EMP-51,0,1.5177793585451436e-06,0
TSK-529,EMP-4,0,2.0633892691878007e-06,0
TSK-529,EMP-68,0,1.7018354839074315e-06,0
TSK-529,EMP-48,0,1.842275036859519e-06,0
TSK-529,EMP-45,0,1.6038562643222827e-06,0
TSK-529,EMP-32,0,2.4065780851534836e-06,0
TSK-529,EMP-66,0,2.1060693848336794e-06,0
TSK-537,EMP-10,1,0.37051690362103584,0
TSK-537,EMP-63,0,4.758180044502955e-06,0
TSK-537,EMP-11,0,0.3370431804493861,0
TSK-537,EMP-55,0,4.2188564553487e-06,0
TSK-537,EMP-41,0,5.506187510211682e-06,0
TSK-537,EMP-34,0,4.476104014061354e-06,0
TSK-537,EMP-44,0,4.10299587441162e-06,0
TSK-537,EMP-45,0,5.449932408072302e-06,0
TSK-537,EMP-66,0,7.156452997884935e-06,0
TSK-537,EMP-52,0,6.741712147193792e-06,0
TSK-537,EMP-49,0,5.016497996777804e-06,0
TSK-537,EMP-14,0,5.131355219217832e-06,0
TSK-537,EMP-27,0,6.153230306386338e-06,0
TSK-537,EMP-30,0,4.1841033225174815e-06,0
TSK-537,EMP-58,0,2.508004690817079e-06,0
TSK-537,EMP-46,0,6.132720751379415e-06,0
TSK-537,EMP-8,0,0.30533883053943195,0
TSK-537,EMP-7,0,0.5038012409487168,1
TSK-537,EMP-48,0,6.260080102532589e-06,0
TSK-537,EMP-42,0,6.411045119804735e-06,0
TSK-537,EMP-6,0,5.384825099274151e-06,0
TSK-558,EMP-16,1,0.4688980982233134,0
TSK-558,EMP-50,0,9.105074584842395e-06,0
TSK-558,EMP-14,0,5.951509116491226e-06,0
TSK-558,EMP-29,0,1.0421368797606934e-05,0
TSK-558,EMP-63,0,5.5186889996960694e-06,0
TSK-558,EMP-56,0,5.325715764085413e-06,0
TSK-558,EMP-17,0,9.493652743953795e-06,0
TSK-558,EMP-6,0,6.245491298413687e-06,0
TSK-558,EMP-8,0,6.028353005145742e-06,0
TSK-558,EMP-11,0,5.8272895361335655e-06,0
TSK-558,EMP-22,0,5.606417353019323e-06,0
TSK-558,EMP-7,0,5.6777479268754215e-06,0
TSK-558,EMP-62,0,5.272114199004254e-06,0
TSK-558,EMP-20,0,9.605189338288824e-06,0
TSK-558,EMP-1,0,3.0582853810306196e-06,0
TSK-558,EMP-18,0,7.3008651284540626e-06,0
TSK-558,EMP-32,0,9.484612775326057e-06,0
TSK-558,EMP-58,0,2.9088648909555655e-06,0
TSK-558,EMP-31,0,6.972289018019844e-06,0
TSK-558,EMP-55,0,4.893164718581781e-06,0
TSK-558,EMP-15,0,9.837900532762517e-06,0
TSK-559,EMP-29,1,0.545915979627225,1
TSK-559,EMP-41,1,0.915741799554058,1
TSK-559,EMP-42,1,0.5511873769174862,1
TSK-559,EMP-16,1,0.6535125603372669,1
TSK-559,EMP-17,1,0.6723726281487977,1
TSK-559,EMP-7,1,0.7975623657140578,1
TSK-559,EMP-9,1,0.5913258576709923,1
TSK-559,EMP-27,1,0.7909545727237781,1
TSK-559,EMP-30,1,0.009964041180186563,0
TSK-559,EMP-11,1,0.9222758196963241,1
TSK-559,EMP-12,1,0.6706138658061354,1
TSK-559,EMP-14,1,0.45100526794512236,0
TSK-559,EMP-8,1,0.7775805661686344,1
TSK-559,EMP-4,1,0.6374068690733085,1
TSK-559,EMP-18,0,0.27307039157856094,0
TSK-559,EMP-51,0,0.3452234337217114,0
TSK-559,EMP-1,0,6.268125797819221e-08,0
TSK-559,EMP-65,0,0.24550935013067957,0
TSK-559,EMP-21,0,0.7309120829829526,1
TSK-559,EMP-50,0,1.866146674250109e-07,0
TSK-559,EMP-57,0,0.005595614477062602,0
TSK-559,EMP-24,0,0.4024251592400313,0
TSK-559,EMP-63,0,0.009474698210854681,0
TSK-559,EMP-66,0,0.01692267208175473,0
TSK-559,EMP-55,0,0.7724877383690157,1
TSK-559,EMP-20,0,0.3307517263035124,0
TSK-559,EMP-56,0,0.00914642281138793,0
TSK-559,EMP-52,0,0.4080028773856699,0
TSK-559,EMP-5,0,0.9818427773438818,1
TSK-559,EMP-40,0,0.38492166023435614,0
TSK-559,EMP-32,0,0.3279613842958729,0
TSK-559,EMP-6,0,0.418771163984833,0
TSK-559,EMP-34,0,0.3538027315099512,0
TSK-559,EMP-59,0,2.5036211502959275e-08,0
TSK-56,EMP-9,1,0.5148629648139439,1
TSK-56,EMP-41,0,7.645459803975457e-06,0
TSK-56,EMP-5,0,0.23792268303457553,0
TSK-56,EMP-51,0,7.161220964421894e-06,0
TSK-56,EMP-44,0,5.697101138894701e-06,0
TSK-56,EMP-40,0,8.500045882930788e-06,0
TSK-56,EMP-18,0,8.740411149443316e-06,0
TSK-56,EMP-17,0,1.136555613002789e-05,0
TSK-56,EMP-57,0,3.886688481156876e-06,0
TSK-56,EMP-24,0,3.3704988356564655e-07,0
TSK-56,EMP-7,0,6.797258447172796e-06,0
TSK-56,EMP-29,0,1.2476191572317758e-05,0
TSK-56,EMP-45,0,7.5673485499217076e-06,0
TSK-56,EMP-63,0,4.660601856619605e-08,0
TSK-56,EMP-14,0,0.46313233520187597,0
TSK-56,EMP-22,0,6.711863354620531e-06,0
TSK-56,EMP-62,0,6.311644352898813e-06,0
TSK-56,EMP-65,0,2.3316453139541338e-07,0
TSK-56,EMP-46,0,8.51541261412471e-06,0
TSK-56,EMP-59,0,4.926348204818337e-08,0
TSK-56,EMP-34,0,6.215169198370927e-06,0
TSK-567,EMP-7,1,0.27027486032695985,0
TSK-567,EMP-66,0,5.853245119861903e-06,0
TSK-567,EMP-25,0,2.48483023933154e-06,0
TSK-567,EMP-32,0,6.688423469024952e-06,0
TSK-567,EMP-42,0,5.243577157293204e-06,0
TSK-567,EMP-16,0,6.730321455291463e-06,0
TSK-567,EMP-14,0,4.196921132266152e-06,0
TSK-567,EMP-1,0,2.1566583104817993e-06,0
TSK-567,EMP-31,0,4.916762346061399e-06,0
TSK-567,EMP-30,0,3.422165855711047e-06,0
TSK-567,EMP-28,0,5.024944320329625e-06,0
TSK-567,EMP-34,0,3.6609925609675067e-06,0
TSK-567,EMP-46,0,5.015936124796458e-06,0
TSK-567,EMP-51,0,4.218257948320449e-06,0
TSK-567,EMP-18,0,5.1484701999252165e-06,0
TSK-567,EMP-12,0,6.071743451197166e-06,0
TSK-567,EMP-15,0,0.36975934467351085,0
TSK-567,EMP-48,0,5.120103120886746e-06,0
TSK-567,EMP-11,0,0.2578939453992784,0
TSK-567,EMP-68,0,4.729790707333448e-06,0
TSK-567,EMP-49,0,4.102979644331877e-06,0
TSK-577,EMP-8,1,0.44184183258856147,0
TSK-577,EMP-4,0,6.160464379333702e-06,0
TSK-577,EMP-56,0,4.034501546645772e-06,0
TSK-577,EMP-27,0,5.406425409659319e-06,0
TSK-577,EMP-44,0,3.6050228135209755e-06,0
TSK-577,EMP-48,0,5.500307137311767e-06,0
TSK-577,EMP-62,0,3.993895573059216e-06,0
TSK-577,EMP-15,0,7.452719990068946e-06,0
TSK-577,EMP-68,0,5.081011402568983e-06,0
TSK-577,EMP-58,0,2.2036123489535815e-06,0
TSK-577,EMP-1,0,2.316806015075266e-06,0
TSK-577,EMP-18,0,5.5307806617633026e-06,0
TSK-577,EMP-45,0,4.788484920886724e-06,0
TSK-577,EMP-21,0,5.5567023206051445e-06,0
TSK-577,EMP-31,0,5.281866945713388e-06,0
TSK-577,EMP-32,0,7.1850855717361516e-06,0
TSK-577,EMP-17,0,7.191933832092104e-06,0
TSK-577,EMP-63,0,4.180688818690888e-06,0
TSK-577,EMP-6,0,4.7312795196396e-06,0
TSK-577,EMP-55,0,3.706821661026155e-06,0
TSK-577,EMP-16,0,0.4667750291061545,0
TSK-611,EMP-9,1,0.594507699900483,1
TSK-611,EMP-11,0,9.637641174880245e-06,0
TSK-611,EMP-32,0,1.5686379652617658e-05,0
TSK-611,EMP-56,0,7.894284610644964e-07,0
TSK-611,EMP-66,0,1.2303497972792373e-06,0
TSK-611,EMP-44,0,7.87046938904303e-06,0
TSK-611,EMP-5,0,4.262418198638241e-06,0
TSK-611,EMP-50,0,1.3496454701270695e-06,0
TSK-611,EMP-17,0,1.5701330552882884e-05,0
TSK-611,EMP-52,0,1.159046433665532e-06,0
TSK-611,EMP-24,0,1.238830008757166e-06,0
TSK-611,EMP-49,0,9.62276395457125e-06,0
TSK-611,EMP-1,0,4.5332739597231004e-07,0
TSK-611,EMP-46,0,1.1763916529389981e-05,0
TSK-611,EMP-25,0,5.22308938935008e-07,0
TSK-611,EMP-15,0,1.4582731919300531e-06,0
TSK-611,EMP-67,0,5.475083463487771e-07,0
TSK-611,EMP-6,0,1.0329294136138484e-05,0
TSK-611,EMP-20,0,1.588579716278164e-05,0
TSK-611,EMP-57,0,4.812335262322207e-07,0
TSK-611,EMP-68,0,1.1092821582549633e-05,0
TSK-635,EMP-6,1,5.561629532460252e-06,0
TSK-635,EMP-52,0,6.963068069148381e-06,0
TSK-635,EMP-30,0,4.321483631091447e-06,0
TSK-635,EMP-21,0,0.37665117571885687,0
TSK-635,EMP-58,0,2.5903523357568737e-06,0
TSK-635,EMP-22,0,0.3159287636892536,0
TSK-635,EMP-62,0,4.6948336810543296e-06,0
TSK-635,EMP-29,0,9.28026574789809e-06,0
TSK-635,EMP-66,0,7.391426330787289e-06,0
TSK-635,EMP-48,0,6.465622324103223e-06,0
TSK-635,EMP-46,0,6.334081307902287e-06,0
TSK-635,EMP-28,0,6.345456765280115e-06,0
TSK-635,EMP-18,0,6.50144397984317e-06,0
TSK-635,EMP-55,0,4.357377838829366e-06,0
TSK-635,EMP-49,0,5.181208903067196e-06,0
TSK-635,EMP-68,0,5.97273976722399e-06,0
TSK-635,EMP-32,0,8.446080332819683e-06,0
TSK-635,EMP-24,0,7.442371573923366e-06,0
TSK-635,EMP-4,0,7.24163767743702e-06,0
TSK-635,EMP-63,0,4.404537307776854e-07,0
TSK-635,EMP-10,0,0.3369046548096096,0
TSK-638,EMP-10,1,0.4596220861667362,0
TSK-638,EMP-48,0,2.824396039307977e-07,0
TSK-638,EMP-32,0,8.253861925289319e-06,0
TSK-638,EMP-45,0,5.500770598159957e-06,0
TSK-638,EMP-14,0,5.179221665329721e-06,0
TSK-638,EMP-59,0,1.014331262667664e-08,0
TSK-638,EMP-52,0,6.8046002660033466e-06,0
TSK-638,EMP-28,0,6.201044677035449e-06,0
TSK-638,EMP-7,0,0.31369005611666256,0
TSK-638,EMP-18,0,6.353481903456509e-06,0
TSK-638,EMP-51,0,5.205552393830556e-06,0
TSK-638,EMP-62,0,2.0508539679741245e-07,0
TSK-638,EMP-56,0,2.0717050992217302e-07,0
TSK-638,EMP-40,0,6.1787578670358614e-06,0
TSK-638,EMP-9,0,8.339455062415112e-06,0
TSK-638,EMP-65,0,5.031327239144108e-06,0
TSK-638,EMP-49,0,5.063293034075362e-06,0
TSK-638,EMP-67,0,6.422683910881191e-09,0
TSK-638,EMP-50,0,3.541889728888429e-07,0
TSK-638,EMP-25,0,1.3707003640495356e-07,0
TSK-638,EMP-31,0,6.067542603991863e-06,0
TSK-653,EMP-12,1,0.6374843140843548,1
TSK-653,EMP-14,1,0.4815152743275661,0
TSK-653,EMP-25,0,1.3985700250690275e-07,0
TSK-653,EMP-65,0,2.2947586046571992e-07,0
TSK-653,EMP-42,0,8.761044226458156e-06,0
TSK-653,EMP-7,0,6.689726278756256e-06,0
TSK-653,EMP-4,0,9.581495590867635e-06,0
TSK-653,EMP-55,0,5.765303004524535e-06,0
TSK-653,EMP-34,0,2.0605673819989965e-07,0
TSK-653,EMP-57,0,1.2885836608045329e-07,0
TSK-653,EMP-52,0,3.1035431996872794e-07,0
TSK-653,EMP-30,0,1.9261447903291644e-07,0
TSK-653,EMP-10,0,2.6778243115431835e-07,0
TSK-653,EMP-63,0,2.1904212245530872e-07,0
TSK-653,EMP-32,0,1.1175103419905849e-05,0
TSK-653,EMP-27,0,8.408726960582975e-06,0
TSK-653,EMP-49,0,6.85532272144563e-06,0
TSK-653,EMP-31,0,2.767373042472745e-07,0
TSK-653,EMP-29,0,1.2278820169502253e-05,0
TSK-653,EMP-18,0,8.60213870127689e-06,0
TSK-653,EMP-16,0,1.1245106794823869e-05,0
TSK-653,EMP-5,0,0.20432578023525977,0
TSK-665,EMP-12,1,0.6923758783960403,1
TSK-665,EMP-14,1,0.5430967427076802,1
TSK-665,EMP-22,0,8.45465149270756e-06,0
TSK-665,EMP-50,0,7.070275080956332e-07,0
TSK-665,EMP-27,0,1.0762373780325506e-05,0
TSK-665,EMP-56,0,2.1294481861013815e-08,0
TSK-665,EMP-66,0,3.3188153168343614e-08,0
TSK-665,EMP-63,0,4.2853597606650274e-07,0
TSK-665,EMP-4,0,1.2263402481267021e-05,0
TSK-665,EMP-58,0,1.163085382175783e-08,0
TSK-665,EMP-57,0,1.2981056584117266e-08,0
TSK-665,EMP-44,0,7.176400173070219e-06,0
TSK-665,EMP-7,0,4.408872481845807e-07,0
TSK-665,EMP-55,0,7.379047041590157e-06,0
TSK-665,EMP-11,0,8.787732618625358e-06,0
TSK-665,EMP-28,0,5.533238742185897e-07,0
TSK-665,EMP-9,0,1.4451385329774952e-05,0
TSK-665,EMP-18,0,1.100992188654867e-05,0
TSK-665,EMP-21,0,1.1061522896498727e-05,0
TSK-665,EMP-24,0,6.489755029876804e-07,0
TSK-665,EMP-67,0,7.604708621902828e-10,0
TSK-665,EMP-29,0,1.5715709370999933e-05,0
TSK-670,EMP-6,1,4.409734698029631e-06,0
TSK-670,EMP-25,0,2.487933892031873e-06,0
TSK-670,EMP-9,0,6.766223713456291e-06,0
TSK-670,EMP-8,0,4.256420264141447e-06,0
TSK-670,EMP-52,0,5.52091641533737e-06,0
TSK-670,EMP-22,0,0.268033441734365,0
TSK-670,EMP-10,0,0.2871642675447901,0
TSK-670,EMP-28,0,5.031220661504795e-06,0
TSK-670,EMP-18,0,5.154900828694102e-06,0
TSK-670,EMP-17,0,6.7031603897633535e-06,0
TSK-670,EMP-50,0,6.428797216209391e-06,0
TSK-670,EMP-31,0,4.922903564617567e-06,0
TSK-670,EMP-5,0,1.8196856269993253e-06,0
TSK-670,EMP-15,0,0.37005028405912926,0
TSK-670,EMP-12,0,6.079327275227194e-06,0
TSK-670,EMP-24,0,5.9009498488891365e-06,0
TSK-670,EMP-44,0,3.360019822369891e-06,0
TSK-670,EMP-29,0,7.358192622400274e-06,0
TSK-670,EMP-46,0,5.022201214458977e-06,0
TSK-670,EMP-30,0,3.4264402742056555e-06,0
TSK-670,EMP-1,0,2.159352064156576e-06,0
TSK-677,EMP-12,1,0.5169830231639528,1
TSK-677,EMP-22,0,3.0718868340324795e-06,0
TSK-677,EMP-40,0,3.890306309710776e-06,0
TSK-677,EMP-48,0,3.978276353300068e-06,0
TSK-677,EMP-10,0,3.6966630077564003e-06,0
TSK-677,EMP-56,0,2.9180835159569317e-06,0
TSK-677,EMP-44,0,2.607448844656241e-06,0
TSK-677,EMP-62,0,2.8887139019519163e-06,0
TSK-677,EMP-14,0,3.2609711690368253e-06,0
TSK-677,EMP-1,0,1.675703962594282e-06,0
TSK-677,EMP-15,0,5.390425476712593e-06,0
TSK-677,EMP-55,0,2.6810782149305957e-06,0
TSK-677,EMP-49,0,3.1879793842549527e-06,0
TSK-677,EMP-18,0,4.000317356510084e-06,0
TSK-677,EMP-45,0,3.463427059794611e-06,0
TSK-677,EMP-27,0,3.910373233244678e-06,0
TSK-677,EMP-9,0,5.250741542275553e-06,0
TSK-677,EMP-32,0,5.1968496738749165e-06,0
TSK-677,EMP-17,0,5.201802913480794e-06,0
TSK-677,EMP-65,0,3.16785286097118e-06,0
TSK-677,EMP-7,0,3.1109706195106603e-06,0
TSK-679,EMP-12,1,0.6600435815218098,1
TSK-679,EMP-15,0,4.3709047812385686e-07,0
TSK-679,EMP-4,0,8.08268107169614e-06,0
TSK-679,EMP-6,0,6.207558086060708e-06,0
TSK-679,EMP-10,0,6.705698691535678e-06,0
TSK-679,EMP-1,0,1.358764255611248e-07,0
TSK-679,EMP-63,0,5.48517013897563e-06,0
TSK-679,EMP-51,0,5.9454346310048906e-06,0
TSK-679,EMP-58,0,5.776972683078356e-09,0
TSK-679,EMP-25,0,6.99794234464171e-09,0
TSK-679,EMP-24,0,1.6597968095782562e-08,0
TSK-679,EMP-56,0,2.3661650216738403e-07,0
TSK-679,EMP-62,0,1.04703837015604e-08,0
TSK-679,EMP-50,0,4.0453129237091357e-07,0
TSK-679,EMP-57,0,6.4476099935685994e-09,0
TSK-679,EMP-55,0,4.863445086135528e-06,0
TSK-679,EMP-11,0,5.791896339227779e-06,0
TSK-679,EMP-46,0,7.069721901414312e-06,0
TSK-679,EMP-66,0,3.6877458784501103e-07,0
TSK-679,EMP-18,0,7.256521943340496e-06,0
TSK-679,EMP-52,0,3.474027065078135e-07,0
TSK-687,EMP-12,1,0.6130342496134491,1
TSK-687,EMP-45,0,5.126295627215956e-06,0
TSK-687,EMP-34,0,1.418310049167731e-07,0
TSK-687,EMP-4,0,6.5950627546146655e-06,0
TSK-687,EMP-68,0,5.439458707218481e-06,0
TSK-687,EMP-9,0,7.771732981492998e-06,0
TSK-687,EMP-30,0,1.325785569884958e-07,0
TSK-687,EMP-62,0,1.4403259461971777e-07,0
TSK-687,EMP-50,0,7.384162862149778e-06,0
TSK-687,EMP-10,0,5.471512742351102e-06,0
TSK-687,EMP-21,0,5.94870773004654e-06,0
TSK-687,EMP-31,0,5.6544838152893914e-06,0
TSK-687,EMP-66,0,2.267618338465118e-07,0
TSK-687,EMP-51,0,4.8511748420038195e-06,0
TSK-687,EMP-46,0,5.768537752666341e-06,0
TSK-687,EMP-65,0,4.688810329496676e-06,0
TSK-687,EMP-15,0,2.687697152966584e-07,0
TSK-687,EMP-17,0,7.699298068726124e-06,0
TSK-687,EMP-16,0,0.43921419339508777,0
TSK-687,EMP-59,0,1.5936578964565195e-07,0
TSK-687,EMP-1,0,8.355126868525153e-08,0
TSK-704,EMP-12,1,0.37299944283627545,0
TSK-704,EMP-57,0,2.026568315338755e-06,0
TSK-704,EMP-66,0,5.181230695816564e-06,0
TSK-704,EMP-58,0,1.8157786016433137e-06,0
TSK-704,EMP-59,0,3.6413188368060153e-06,0
TSK-704,EMP-31,0,4.352265577598499e-06,0
TSK-704,EMP-11,0,3.637528605150411e-06,0
TSK-704,EMP-62,0,3.290974661327118e-06,0
TSK-704,EMP-8,0,3.7630373467790323e-06,0
TSK-704,EMP-28,0,4.4480271624016635e-06,0
TSK-704,EMP-21,0,4.5787305233753616e-06,0
TSK-704,EMP-68,0,4.1867601877014246e-06,0
TSK-704,EMP-34,0,3.2406710929307104e-06,0
TSK-704,EMP-32,0,5.920522308157398e-06,0
TSK-704,EMP-6,0,3.898580408699489e-06,0
TSK-704,EMP-29,0,6.5052701284252845e-06,0
TSK-704,EMP-30,0,3.0292641886154775e-06,0
TSK-704,EMP-5,0,0.1197559659506828,0
TSK-704,EMP-48,0,4.532260768080404e-06,0
TSK-704,EMP-50,0,5.68360467481608e-06,0
TSK-704,EMP-7,0,0.2817581229951439,0
TSK-710,EMP-17,1,0.32211182003103744,0
TSK-710,EMP-44,0,2.81646950311796e-06,0
TSK-710,EMP-65,0,3.4217969762892398e-06,0
TSK-710,EMP-31,0,4.126526626345134e-06,0
TSK-710,EMP-24,0,4.4331689868562844e-07,0
TSK-710,EMP-6,0,3.6963726583429954e-06,0
TSK-710,EMP-14,0,3.5223798870703515e-06,0
TSK-710,EMP-15,0,5.218449952063624e-07,0
TSK-710,EMP-34,0,2.753800175954059e-07,0
TSK-710,EMP-49,0,3.4435368934943903e-06,0
TSK-710,EMP-57,0,1.7220994736766312e-07,0
TSK-710,EMP-58,0,1.5429782195921262e-07,0
TSK-710,EMP-22,0,3.318138064605646e-06,0
TSK-710,EMP-55,0,2.8960012000740624e-06,0
TSK-710,EMP-25,0,1.8690883397167842e-07,0
TSK-710,EMP-30,0,2.574154057201122e-07,0
TSK-710,EMP-18,0,4.3209939103827055e-06,0
TSK-710,EMP-16,0,0.3232684631653505,0
TSK-710,EMP-40,0,3.7661853144672683e-07,0
TSK-710,EMP-59,0,3.0942566653799963e-07,0
TSK-710,EMP-5,0,0.11425423753633478,0
TSK-730,EMP-14,1,0.09059829761086098,0
TSK-730,EMP-57,0,1.2892398980584881e-09,0
TSK-730,EMP-11,0,7.365320695234174e-07,0
TSK-730,EMP-58,0,1.1551417775659039e-09,0
TSK-730,EMP-42,0,9.39830299735344e-07,0
TSK-730,EMP-44,0,0.048403528172646676,0
TSK-730,EMP-6,0,1.4082904837106839e-05,0
TSK-730,EMP-32,0,2.138668518083046e-05,0
TSK-730,EMP-12,0,1.0882670694678899e-06,0
TSK-730,EMP-41,0,1.4400300490855988e-05,0
TSK-730,EMP-5,0,0.026808730940677296,0
TSK-730,EMP-51,0,7.560570154166248e-07,0
TSK-730,EMP-4,0,0.07997095409777472,0
TSK-730,EMP-50,0,6.450659228449996e-08,0
TSK-730,EMP-34,0,3.678020481584639e-08,0
TSK-730,EMP-17,0,1.1999407367672824e-06,0
TSK-730,EMP-18,0,9.227837730454188e-07,0
TSK-730,EMP-15,0,6.969848456012097e-08,0
TSK-730,EMP-55,0,0.04970242033354299,0
TSK-730,EMP-59,0,1.2984514356711264e-10,0
TSK-730,EMP-45,0,1.4253178141320101e-05,0
TSK-738,EMP-14,1,0.48327310104995974,0
TSK-738,EMP-10,0,7.174796954221396e-07,0
TSK-738,EMP-30,0,5.160793954990107e-07,0
TSK-738,EMP-52,0,8.31544123655807e-07,0
TSK-738,EMP-57,0,3.4525522237909985e-07,0
TSK-738,EMP-45,0,7.50024995900076e-06,0
TSK-738,EMP-6,0,7.410648829239424e-06,0
TSK-738,EMP-58,0,3.0934409194290094e-07,0
TSK-738,EMP-11,0,6.914427974429601e-06,0
TSK-738,EMP-28,0,7.577872804053349e-07,0
TSK-738,EMP-16,0,1.1324551249872818e-05,0
TSK-738,EMP-62,0,5.606657184174119e-07,0
TSK-738,EMP-63,0,5.868879727846138e-07,0
TSK-738,EMP-46,0,8.439907746488372e-06,0
TSK-738,EMP-18,0,8.6629112713211e-06,0
TSK-738,EMP-21,0,7.800546176042178e-07,0
TSK-738,EMP-48,0,7.721377761756089e-07,0
TSK-738,EMP-1,0,3.2523430131359647e-07,0
TSK-738,EMP-17,0,1.1264779758300498e-05,0
TSK-738,EMP-7,0,6.736988088402094e-06,0
TSK-738,EMP-59,0,6.203521585911849e-07,0
TSK-741,EMP-44,1,0.2280619174657733,0
TSK-741,EMP-49,1,4.271351465372323e-06,0
TSK-741,EMP-27,1,0.30703338333789415,0
TSK-741,EMP-68,0,4.923884518151737e-06,0
TSK-741,EMP-28,0,4.688417376412176e-07,0
TSK-741,EMP-40,0,4.6715669149952616e-07,0
TSK-741,EMP-31,0,5.1185287695529845e-06,0
TSK-741,EMP-7,0,3.735720608226169e-07,0
TSK-741,EMP-11,0,4.2779551997730185e-06,0
TSK-741,EMP-32,0,6.9628920518401795e-06,0
TSK-741,EMP-10,0,4.952900355513925e-06,0
TSK-741,EMP-55,0,0.23300142646906488,0
TSK-741,EMP-22,0,0.4605223109549583,0
TSK-741,EMP-20,0,7.051410556059027e-06,0
TSK-741,EMP-8,0,4.425561026812518e-06,0
TSK-741,EMP-57,0,2.1360880172243097e-07,0
TSK-741,EMP-59,0,3.838108348640705e-07,0
TSK-741,EMP-66,0,5.461249914199348e-07,0
TSK-741,EMP-21,0,5.384865091438158e-06,0
TSK-741,EMP-16,0,7.006509367092571e-06,0
TSK-741,EMP-17,0,6.969528536225856e-06,0
TSK-741,EMP-18,0,5.359745037918982e-06,0
TSK-741,EMP-45,0,4.6404041805819235e-06,0
TSK-759,EMP-11,1,0.7166201149817943,1
TSK-759,EMP-56,0,0.09863542684675913,0
TSK-759,EMP-24,0,2.0306150156598493e-06,0
TSK-759,EMP-63,0,1.340870328897475e-06,0
TSK-759,EMP-42,0,1.8066551291964756e-06,0
TSK-759,EMP-50,0,2.2122568423238875e-06,0
TSK-759,EMP-55,0,1.1888867589655013e-06,0
TSK-759,EMP-12,0,2.091997900438612e-06,0
TSK-759,EMP-18,0,1.7738862679707723e-06,0
TSK-759,EMP-10,0,0.22127123306994553,0
TSK-759,EMP-4,0,1.9758454564231683e-06,0
TSK-759,EMP-44,0,1.1562367937620558e-06,0
TSK-759,EMP-58,0,0.05639825844985857,0
TSK-759,EMP-40,0,1.7251032614276732e-06,0
TSK-759,EMP-41,0,1.5516620546240285e-06,0
TSK-759,EMP-45,0,1.535809116657753e-06,0
TSK-759,EMP-52,0,1.8998387150995026e-06,0
TSK-759,EMP-1,0,7.430671463516156e-07,0
TSK-759,EMP-65,0,1.4047405704680525e-06,0
TSK-759,EMP-20,0,2.333770435649875e-06,0
TSK-759,EMP-16,0,2.318909641810826e-06,0
TSK-772,EMP-17,1,0.6377851707437229,1
TSK-772,EMP-63,0,4.124425212267817e-06,0
TSK-772,EMP-50,0,6.804738082858146e-06,0
TSK-772,EMP-9,0,7.1618963428328685e-06,0
TSK-772,EMP-6,0,4.667606111806495e-06,0
TSK-772,EMP-12,0,6.4348320972087535e-06,0
TSK-772,EMP-62,0,3.94014581559757e-06,0
TSK-772,EMP-56,0,3.980205317073184e-06,0
TSK-772,EMP-15,0,7.352421793066368e-06,0
TSK-772,EMP-25,0,2.633422992652646e-06,0
TSK-772,EMP-24,0,6.246023641870792e-06,0
TSK-772,EMP-65,0,4.320885123994419e-06,0
TSK-772,EMP-30,0,0.234719946977507,0
TSK-772,EMP-29,0,0.4407479701507052,0
TSK-772,EMP-31,0,5.210783788592951e-06,0
TSK-772,EMP-51,0,4.470509148963778e-06,0
TSK-772,EMP-8,0,4.50532623341751e-06,0
TSK-772,EMP-11,0,4.355060007404245e-06,0
TSK-772,EMP-28,0,5.325434989661293e-06,0
TSK-772,EMP-5,0,0.14007002142453467,0
TSK-772,EMP-34,0,3.879919503266989e-06,0
TSK-794,EMP-22,1,0.07501209560309577,0
TSK-794,EMP-34,0,0.029709105102976516,0
TSK-794,EMP-7,0,0.18054656496537597,0
TSK-794,EMP-52,0,0.0371117198645924,0
TSK-794,EMP-9,0,0.07485982412207014,0
TSK-794,EMP-56,0,0.01509287192154015,0
TSK-794,EMP-45,0,0.11574934546146821,0
TSK-794,EMP-11,0,0.3988883582645108,0
TSK-794,EMP-10,0,0.10455882166452114,0
TSK-794,EMP-5,0,0.7514920402077252,1
TSK-794,EMP-57,0,0.009255106291819071,0
TSK-794,EMP-8,0,0.1635354018435968,0
TSK-794,EMP-55,0,0.15957884376297563,0
TSK-794,EMP-20,0,0.0268946725326089,0
TSK-794,EMP-14,0,0.043923566956014196,0
TSK-794,EMP-29,0,0.06299730601987472,0
TSK-794,EMP-40,0,0.033813823922679884,0
TSK-794,EMP-31,0,0.0777352420858987,0
TSK-794,EMP-16,0,0.09541315592107803,0
TSK-794,EMP-63,0,0.0014211633490792965,0
TSK-794,EMP-58,0,0.00830044242646864,0
TSK-798,EMP-10,1,0.22426670306910607,0
TSK-798,EMP-20,0,4.867035042025291e-06,0
TSK-798,EMP-44,0,2.4113135118738438e-06,0
TSK-798,EMP-7,0,0.2254744598992105,0
TSK-798,EMP-22,0,0.23921758015950076,0
TSK-798,EMP-14,0,3.0156772756602885e-06,0
TSK-798,EMP-50,0,4.613621301080797e-06,0
TSK-798,EMP-18,0,3.699409222908404e-06,0
TSK-798,EMP-58,0,1.473942896089605e-06,0
TSK-798,EMP-8,0,0.25267208486206166,0
TSK-798,EMP-56,0,2.6985819451987507e-06,0
TSK-798,EMP-65,0,2.9295634102071727e-06,0
TSK-798,EMP-16,0,4.836043209580067e-06,0
TSK-798,EMP-12,0,4.3628240403878665e-06,0
TSK-798,EMP-67,0,1.8716034138602964e-06,0
TSK-798,EMP-24,0,4.234811419039643e-06,0
TSK-798,EMP-15,0,0.2965507643603047,0
TSK-798,EMP-6,0,3.164640857750352e-06,0
TSK-798,EMP-27,0,3.616230767957489e-06,0
TSK-798,EMP-63,0,2.7963632632907507e-06,0
TSK-798,EMP-49,0,2.948175998264081e-06,0
TSK-809,EMP-21,1,0.12348142562676037,0
TSK-809,EMP-22,0,0.06994877751242293,0
TSK-809,EMP-7,0,0.16966631349991693,0
TSK-809,EMP-12,0,0.09550835037447956,0
TSK-809,EMP-68,0,0.04205087802918991,0
TSK-809,EMP-27,0,0.16404510658460342,0
TSK-809,EMP-15,0,0.030455941326187425,0
TSK-809,EMP-51,0,0.026617081067841178,0
TSK-809,EMP-25,0,0.009315465635218616,0
TSK-809,EMP-67,0,0.009760514722795105,0
TSK-809,EMP-20,0,0.02499152833468146,0
TSK-809,EMP-45,0,0.10825808721818811,0
TSK-809,EMP-44,0,0.014967408769346765,0
TSK-809,EMP-32,0,0.02468554444147861,0
TSK-809,EMP-10,0,0.09771177932594134,0
TSK-809,EMP-6,0,0.03602187877978998,0
TSK-809,EMP-55,0,0.14973128550066886,0
TSK-809,EMP-48,0,0.02699082473634164,0
TSK-809,EMP-9,0,0.06980600868568364,0
TSK-809,EMP-41,0,0.360481795266308,0
TSK-809,EMP-34,0,0.027612454790906422,0
TSK-811,EMP-21,1,0.12346423430934662,0
TSK-811,EMP-46,0,0.05275453795110651,0
TSK-811,EMP-58,0,0.007701450165390603,0
TSK-811,EMP-4,0,0.08354296023518784,0
TSK-811,EMP-67,0,0.00975897957032262,0
TSK-811,EMP-31,0,0.07249183823730775,0
TSK-811,EMP-1,0,9.648982840346004e-08,0
TSK-811,EMP-40,0,0.03143204198366031,0
TSK-811,EMP-65,0,0.016593869385120374,0
TSK-811,EMP-34,0,0.02760819013306702,0
TSK-811,EMP-5,0,0.7371255607103813,1
TSK-811,EMP-25,0,0.00931399982253086,0
TSK-811,EMP-24,0,0.03374317737861157,0
TSK-811,EMP-48,0,0.026986653422801234,0
TSK-811,EMP-42,0,0.05987174115486267,0
TSK-811,EMP-22,0,0.06993844443450062,0
TSK-811,EMP-18,0,0.019107516471094033,0
TSK-811,EMP-28,0,0.044551308855810684,0
TSK-811,EMP-15,0,0.03045125125364617,0
TSK-811,EMP-49,0,0.01991374847956473,0
TSK-811,EMP-12,0,0.09549462922876088,0
TSK-839,EMP-22,1,0.11339357806095053,0
TSK-839,EMP-8,0,0.23567131216639683,0
TSK-839,EMP-58,0,0.0004444747810732092,0
TSK-839,EMP-25,0,0.0005383644515714863,0
TSK-839,EMP-41,0,0.4894181804279144,0
TSK-839,EMP-48,0,0.001586538844313004,0
TSK-839,EMP-30,0,0.0008868560027514865,0
TSK-839,EMP-7,0,0.2578728464661451,0
TSK-839,EMP-31,0,0.11733333361836193,0
TSK-839,EMP-27,0,0.25020988879907363,0
TSK-839,EMP-49,0,0.03340314876171351,0
TSK-839,EMP-11,0,0.5113719824582558,1
TSK-839,EMP-14,0,0.06755979472458491,0
TSK-839,EMP-17,0,0.15326149251821602,0
TSK-839,EMP-63,0,0.0008429221647059922,0
TSK-839,EMP-10,0,0.1555166980349466,0
TSK-839,EMP-24,0,0.056064631467946796,0
TSK-839,EMP-15,0,0.05070934592459446,0
TSK-839,EMP-52,0,0.0573020407882146,0
TSK-839,EMP-57,0,0.0004960473827697717,0
TSK-839,EMP-62,0,0.0008808085335326964,0
TSK-848,EMP-16,1,0.5575195998587991,1
TSK-848,EMP-8,0,5.02220273845844e-06,0
TSK-848,EMP-49,0,4.847203177705239e-06,0
TSK-848,EMP-14,0,4.958184262590016e-06,0
TSK-848,EMP-10,0,5.620636075206504e-06,0
TSK-848,EMP-55,0,4.076480022379559e-06,0
TSK-848,EMP-67,0,3.0771732459411466e-06,0
TSK-848,EMP-9,0,7.983547161653549e-06,0
TSK-848,EMP-20,0,8.002059095619002e-06,0
TSK-848,EMP-18,0,6.082330048925032e-06,0
TSK-848,EMP-21,0,6.11083669324275e-06,0
TSK-848,EMP-25,0,2.9355448019277695e-06,0
TSK-848,EMP-59,0,4.859755695565367e-06,0
TSK-848,EMP-22,0,4.670689088110416e-06,0
TSK-848,EMP-57,0,2.7046882395432047e-06,0
TSK-848,EMP-6,0,5.203100185388187e-06,0
TSK-848,EMP-46,0,5.925756305087577e-06,0
TSK-848,EMP-1,0,2.547847080060516e-06,0
TSK-848,EMP-32,0,7.901606905059545e-06,0
TSK-848,EMP-28,0,5.9363984507401566e-06,0
TSK-848,EMP-17,0,7.909138091983647e-06,0
TSK-849,EMP-5,1,1.4835066616052948e-06,0
TSK-849,EMP-12,1,0.31435247991787013,0
TSK-849,EMP-52,0,4.50095431828203e-06,0
TSK-849,EMP-22,0,3.227189774197245e-06,0
TSK-849,EMP-34,0,2.9883691383147156e-06,0
TSK-849,EMP-46,0,4.09437391553408e-06,0
TSK-849,EMP-51,0,0.22551932215737036,0
TSK-849,EMP-25,0,2.028299231120183e-06,0
TSK-849,EMP-42,0,4.280191354252725e-06,0
TSK-849,EMP-21,0,4.222254595345879e-06,0
TSK-849,EMP-40,0,4.086985263465409e-06,0
TSK-849,EMP-58,0,1.674411249275482e-06,0
TSK-849,EMP-11,0,0.22098234419664445,0
TSK-849,EMP-29,0,5.998804837557862e-06,0
TSK-849,EMP-67,0,2.1261567521850626e-06,0
TSK-849,EMP-31,0,4.013420950930305e-06,0
TSK-849,EMP-4,0,4.681023259087072e-06,0
TSK-849,EMP-8,0,3.4700667881126954e-06,0
TSK-849,EMP-18,0,4.202558023130727e-06,0
TSK-849,EMP-56,0,3.0656107678984624e-06,0
TSK-849,EMP-32,0,0.3766738105481459,0
TSK-849,EMP-16,0,5.4937823377013505e-06,0
TSK-857,EMP-10,1,0.09184390735910918,0
TSK-857,EMP-63,0,0.013566526275699903,0
TSK-857,EMP-62,0,0.014168184279172472,0
TSK-857,EMP-55,0,0.14122845729706882,0
TSK-857,EMP-1,0,9.01236430863258e-08,0
TSK-857,EMP-24,0,0.03158719961217684,0
TSK-857,EMP-50,0,2.6831613326882476e-07,0
TSK-857,EMP-32,0,0.02309087716677331,0
TSK-857,EMP-25,0,0.008704831942039989,0
TSK-857,EMP-58,0,0.007196982447721072,0
TSK-857,EMP-4,0,0.0784634692091772,0
TSK-857,EMP-42,0,0.056143313447221704,0
TSK-857,EMP-48,0,0.025251093671908826,0
TSK-857,EMP-5,0,0.723687396369145,1
TSK-857,EMP-59,0,1.719019434001114e-07,0
TSK-857,EMP-41,0,0.3448651683879587,0
TSK-857,EMP-11,0,0.36496974940168525,0
TSK-857,EMP-20,0,0.02337756851894444,0
TSK-857,EMP-21,0,0.11626542289403936,0
TSK-857,EMP-17,0,0.09041318852487742,0
TSK-857,EMP-6,0,0.033720211932256126,0
TSK-867,EMP-15,1,0.5636214097172414,1
TSK-867,EMP-55,0,3.38804521400085e-06,0
TSK-867,EMP-59,0,4.039042044406024e-06,0
TSK-867,EMP-27,0,4.94148844653484e-06,0
TSK-867,EMP-44,0,3.295000757982446e-06,0
TSK-867,EMP-68,0,4.64405897379292e-06,0
TSK-867,EMP-8,0,0.2785629120523352,0
TSK-867,EMP-5,0,0.1529490827493103,0
TSK-867,EMP-21,0,5.078842043007292e-06,0
TSK-867,EMP-12,0,5.961687755710623e-06,0
TSK-867,EMP-57,0,2.2479207237912427e-06,0
TSK-867,EMP-17,0,6.573449313293422e-06,0
TSK-867,EMP-31,0,4.827641598858676e-06,0
TSK-867,EMP-28,0,4.933862687053264e-06,0
TSK-867,EMP-66,0,5.747149876230509e-06,0
TSK-867,EMP-41,0,4.4218657752734875e-06,0
TSK-867,EMP-32,0,6.56718997871096e-06,0
TSK-867,EMP-49,0,4.028609382338359e-06,0
TSK-867,EMP-46,0,4.925017772358417e-06,0
TSK-867,EMP-1,0,2.1175668296555833e-06,0
TSK-867,EMP-6,0,4.324402901114032e-06,0
TSK-869,EMP-15,1,0.5370412901665029,1
TSK-869,EMP-4,0,0.40111009385532576,0
TSK-869,EMP-57,0,2.018935581862045e-06,0
TSK-869,EMP-10,0,4.1955706349408004e-06,0
TSK-869,EMP-20,0,5.973207299441885e-06,0
TSK-869,EMP-25,0,2.1912603874314062e-06,0
TSK-869,EMP-67,0,2.2969801301605503e-06,0
TSK-869,EMP-49,0,3.618234494075716e-06,0
TSK-869,EMP-32,0,5.89822372923729e-06,0
TSK-869,EMP-18,0,0.31479342424560397,0
TSK-869,EMP-46,0,4.423330515287684e-06,0
TSK-869,EMP-31,0,4.335873529053115e-06,0
TSK-869,EMP-28,0,4.431274446161959e-06,0
TSK-869,EMP-21,0,4.561485538035233e-06,0
TSK-869,EMP-59,0,3.627604435339985e-06,0
TSK-869,EMP-62,0,3.2785797666486798e-06,0
TSK-869,EMP-51,0,3.7198933322707737e-06,0
TSK-869,EMP-7,0,0.2299366532892698,0
TSK-869,EMP-41,0,3.971431925699171e-06,0
TSK-869,EMP-56,0,3.311913141838189e-06,0
TSK-869,EMP-30,0,3.017854978814548e-06,0
TSK-876,EMP-4,1,0.517250694594581,1
TSK-876,EMP-68,0,6.672691461251299e-06,0
TSK-876,EMP-9,0,9.533733350064474e-06,0
TSK-876,EMP-15,0,0.058836911637951746,0
TSK-876,EMP-17,0,9.444876213601216e-06,0
TSK-876,EMP-18,0,0.4236196647820438,0
TSK-876,EMP-66,0,5.825118135485009e-08,0
TSK-876,EMP-49,0,5.788400794416445e-06,0
TSK-876,EMP-28,0,2.3880863872849936e-07,0
TSK-876,EMP-51,0,5.9510328150413975e-06,0
TSK-876,EMP-1,0,2.1462869232014407e-08,0
TSK-876,EMP-56,0,3.7375648159537104e-08,0
TSK-876,EMP-22,0,0.3205076693598085,0
TSK-876,EMP-65,0,5.75185724495011e-06,0
TSK-876,EMP-62,0,3.6999472671758885e-08,0
TSK-876,EMP-58,0,2.0414241879504264e-08,0
TSK-876,EMP-45,0,6.28852857047002e-06,0
TSK-876,EMP-34,0,1.739871048001609e-07,0
TSK-876,EMP-30,0,3.4057128994695155e-08,0
TSK-876,EMP-21,0,7.297396456035302e-06,0
TSK-876,EMP-20,0,9.555839760212925e-06,0
TSK-893,EMP-22,1,0.34109560539602457,0
TSK-893,EMP-51,0,4.9900791710852494e-06,0
TSK-893,EMP-59,0,4.866277682517099e-06,0
TSK-893,EMP-44,0,3.969850008889273e-06,0
TSK-893,EMP-25,0,2.939484428317144e-06,0
TSK-893,EMP-18,0,6.090492769674131e-06,0
TSK-893,EMP-32,0,7.912211145970057e-06,0
TSK-893,EMP-4,0,6.783899717560517e-06,0
TSK-893,EMP-12,0,7.182697365564612e-06,0
TSK-893,EMP-45,0,5.273077484487313e-06,0
TSK-893,EMP-11,0,4.861212403157121e-06,0
TSK-893,EMP-63,0,4.603772967792131e-06,0
TSK-893,EMP-24,0,6.971945478056526e-06,0
TSK-893,EMP-66,0,6.924220418923161e-06,0
TSK-893,EMP-17,0,7.91975243993809e-06,0
TSK-893,EMP-20,0,8.012798145905142e-06,0
TSK-893,EMP-10,0,5.628179188381242e-06,0
TSK-893,EMP-52,0,6.522938150174126e-06,0
TSK-893,EMP-31,0,5.816389262367916e-06,0
TSK-893,EMP-16,0,7.961775188562476e-06,0
TSK-893,EMP-46,0,5.933708899100117e-06,0
TSK-903,EMP-44,1,0.3582224810836827,0
TSK-903,EMP-46,1,9.8653828447661e-06,0
TSK-903,EMP-14,1,0.5222676161801693,1
TSK-903,EMP-10,0,3.1522189415049195e-07,0
TSK-903,EMP-56,0,5.210660943413e-08,0
TSK-903,EMP-28,0,6.971769227234853e-08,0
TSK-903,EMP-21,0,3.427139531578118e-07,0
TSK-903,EMP-18,0,1.0126050614525308e-05,0
TSK-903,EMP-31,0,3.257631828664176e-07,0
TSK-903,EMP-12,0,1.1941940855492146e-05,0
TSK-903,EMP-15,0,9.625409125205704e-08,0
TSK-903,EMP-63,0,2.578469133978158e-07,0
TSK-903,EMP-40,0,3.317343069730246e-07,0
TSK-903,EMP-16,0,1.3237227532478741e-05,0
TSK-903,EMP-29,0,1.4454065187142333e-05,0
TSK-903,EMP-51,0,2.7948315220827726e-07,0
TSK-903,EMP-68,0,9.302592347930605e-06,0
TSK-903,EMP-49,0,8.069779940638205e-06,0
TSK-903,EMP-57,0,3.176404375660326e-08,0
TSK-903,EMP-11,0,8.082256198117208e-06,0
TSK-903,EMP-5,0,0.2321212264006256,0
TSK-903,EMP-50,0,4.2541324662025456e-07,0
TSK-903,EMP-65,0,2.7012905804497234e-07,0
TSK-904,EMP-22,1,0.24400097965508294,0
TSK-904,EMP-68,0,4.5658162495704e-06,0
TSK-904,EMP-15,0,6.697044253839267e-06,0
TSK-904,EMP-17,0,6.462700589150492e-06,0
TSK-904,EMP-29,0,7.094235278317842e-06,0
TSK-904,EMP-28,0,0.2908889501390371,0
TSK-904,EMP-40,0,4.833303623880861e-06,0
TSK-904,EMP-67,0,8.470211084515394e-08,0
TSK-904,EMP-5,0,1.754408462530154e-06,0
TSK-904,EMP-32,0,6.456546710442144e-06,0
TSK-904,EMP-50,0,6.198179475349708e-06,0
TSK-904,EMP-14,0,4.051420355694108e-06,0
TSK-904,EMP-27,0,4.8582346793253865e-06,0
TSK-904,EMP-11,0,0.2864267710718801,0
TSK-904,EMP-49,0,3.960735661223e-06,0
TSK-904,EMP-59,0,1.3376961460395372e-07,0
TSK-904,EMP-63,0,1.2655356282260712e-07,0
TSK-904,EMP-24,0,5.689267263504375e-06,0
TSK-904,EMP-42,0,5.061790615802959e-06,0
TSK-904,EMP-56,0,3.625418111953011e-06,0
TSK-904,EMP-25,0,2.3986848685660325e-06,0
TSK-905,EMP-46,1,7.235431598027854e-06,0
TSK-905,EMP-14,1,0.44499473670878104,0
TSK-905,EMP-8,0,6.13218123920794e-06,0
TSK-905,EMP-50,0,3.1200418160666815e-07,0
TSK-905,EMP-65,0,5.881139585918249e-06,0
TSK-905,EMP-59,0,4.1858465019712696e-08,0
TSK-905,EMP-27,0,0.38039542788627556,0
TSK-905,EMP-56,0,5.4174423198551915e-06,0
TSK-905,EMP-20,0,9.7706219560161e-06,0
TSK-905,EMP-57,0,1.1124904694636389e-07,0
TSK-905,EMP-16,0,9.708405842812252e-06,0
TSK-905,EMP-31,0,7.0923748458381876e-06,0
TSK-905,EMP-68,0,6.822670906794523e-06,0
TSK-905,EMP-29,0,1.0600858532624094e-05,0
TSK-905,EMP-21,0,7.4614170437777934e-06,0
TSK-905,EMP-63,0,1.891086190660375e-07,0
TSK-905,EMP-25,0,1.2074464960497379e-07,0
TSK-905,EMP-11,0,5.927654810883779e-06,0
TSK-905,EMP-4,0,0.41161200920532015,0
TSK-905,EMP-55,0,0.2962363002657029,0
TSK-905,EMP-49,0,5.918504506197419e-06,0
TSK-905,EMP-10,0,6.86287597873851e-06,0
TSK-909,EMP-21,1,0.12361336215140013,0
TSK-909,EMP-45,0,0.10837576917186797,0
TSK-909,EMP-55,0,0.1498864731438948,0
TSK-909,EMP-65,0,0.016616359540982145,0
TSK-909,EMP-6,0,0.03606421207965222,0
TSK-909,EMP-7,0,0.16983803556909674,0
TSK-909,EMP-24,0,0.03378811190518398,0
TSK-909,EMP-4,0,0.08364847027522171,0
TSK-909,EMP-49,0,0.019940646927027857,0
TSK-909,EMP-63,0,0.01453064611127101,0
TSK-909,EMP-66,0,0.02584933532595013,0
TSK-909,EMP-15,0,0.030491940381882857,0
TSK-909,EMP-25,0,0.009326716934497152,0
TSK-909,EMP-14,0,0.04091379899046963,0
TSK-909,EMP-51,0,0.026648667291996365,0
TSK-909,EMP-27,0,0.1642122644943762,0
TSK-909,EMP-52,0,0.03455185047314982,0
TSK-909,EMP-1,0,9.662281360349208e-08,0
TSK-909,EMP-16,0,0.08920436589352067,0
TSK-909,EMP-41,0,0.36076273494401456,0
TSK-909,EMP-9,0,0.0698851670907418,0
TSK-918,EMP-22,1,0.06676813800996152,0
TSK-918,EMP-6,0,0.03432698995761041,0
TSK-918,EMP-42,0,0.05712972792664359,0
TSK-918,EMP-31,0,0.0692144002530309,0
TSK-918,EMP-55,0,0.14348252987798102,0
TSK-918,EMP-1,0,9.180301990687811e-08,0
TSK-918,EMP-58,0,0.007330109019484203,0
TSK-918,EMP-12,0,0.09127955759998962,0
TSK-918,EMP-63,0,0.013815834233357716,0
TSK-918,EMP-52,0,0.03288499385737904,0
TSK-918,EMP-7,0,0.16274484550041285,0
TSK-918,EMP-18,0,0.01819629357360881,0
TSK-918,EMP-49,0,0.018964820366721,0
TSK-918,EMP-41,0,0.34904835766016823,0
TSK-918,EMP-5,0,0.7273639737226497,1
TSK-918,EMP-10,0,0.09339549988085645,0
TSK-918,EMP-29,0,0.05599386155725941,0
TSK-918,EMP-16,0,0.08513344492517322,0
TSK-918,EMP-20,0,0.02380282049716275,0
TSK-918,EMP-57,0,0.008174091211405658,0
TSK-918,EMP-9,0,0.06663139592881984,0
TSK-919,EMP-22,1,0.06069734256183968,0
TSK-919,EMP-63,0,0.012495186108886872,0
TSK-919,EMP-68,0,0.03634503193872608,0
TSK-919,EMP-62,0,0.013049960117380436,0
TSK-919,EMP-16,0,0.07753153852296106,0
TSK-919,EMP-8,0,0.13478918260193276,0
TSK-919,EMP-59,0,1.5815518740591348e-07,0
TSK-919,EMP-58,0,0.006625262874633542,0
TSK-919,EMP-67,0,0.008397709900338625,0
TSK-919,EMP-51,0,0.0229552500210748,0
TSK-919,EMP-1,0,8.291658190060069e-08,0
TSK-919,EMP-25,0,0.008014297555942945,0
TSK-919,EMP-32,0,0.02128363318109107,0
TSK-919,EMP-55,0,0.13141883858924736,0
TSK-919,EMP-34,0,0.02381703636542496,0
TSK-919,EMP-7,0,0.1493440064111796,0
TSK-919,EMP-12,0,0.08317873751219206,0
TSK-919,EMP-17,0,0.08378878322603868,0
TSK-919,EMP-49,0,0.017160547997719468,0
TSK-919,EMP-57,0,0.007388693772172586,0
TSK-919,EMP-6,0,0.03110753699511026,0
TSK-922,EMP-6,1,0.21191948087612497,0
TSK-922,EMP-30,0,1.1044297214611155e-07,0
TSK-922,EMP-57,0,7.388593329113706e-08,0
TSK-922,EMP-16,0,4.859163876172368e-06,0
TSK-922,EMP-14,0,3.0300949707366893e-06,0
TSK-922,EMP-42,0,3.785761251092256e-06,0
TSK-922,EMP-46,0,3.6214086009956504e-06,0
TSK-922,EMP-32,0,4.828914272006884e-06,0
TSK-922,EMP-12,0,4.383682300670078e-06,0
TSK-922,EMP-55,0,2.4912582358319265e-06,0
TSK-922,EMP-34,0,1.1815061277998082e-07,0
TSK-922,EMP-50,0,4.635678594430328e-06,0
TSK-922,EMP-25,0,8.019242770436632e-08,0
TSK-922,EMP-5,0,0.10824111091057169,0
TSK-922,EMP-51,0,3.0454997526714246e-06,0
TSK-922,EMP-20,0,4.890303876921691e-06,0
TSK-922,EMP-1,0,6.960137879192243e-08,0
TSK-922,EMP-65,0,2.9435694034714015e-06,0
TSK-922,EMP-48,0,1.6524048201467822e-07,0
TSK-922,EMP-56,0,1.212045101789327e-07,0
TSK-922,EMP-21,0,0.24001743996439756,0
TSK-927,EMP-8,1,0.4544068955144937,0
TSK-927,EMP-65,0,4.6081172687527035e-06,0
TSK-927,EMP-4,0,6.481563857226331e-06,0
TSK-927,EMP-21,0,5.8463323285893695e-06,0
TSK-927,EMP-58,0,2.3184708526137576e-06,0
TSK-927,EMP-24,0,6.661229099077378e-06,0
TSK-927,EMP-34,0,4.137838446384247e-06,0
TSK-927,EMP-49,0,4.637394274076915e-06,0
TSK-927,EMP-68,0,5.345847275486236e-06,0
TSK-927,EMP-17,0,7.566795782450807e-06,0
TSK-927,EMP-63,0,4.398597682451854e-06,0
TSK-927,EMP-6,0,4.977886524305571e-06,0
TSK-927,EMP-22,0,4.46852047946584e-06,0
TSK-927,EMP-30,0,3.867904578427936e-06,0
TSK-927,EMP-11,0,4.644563927316276e-06,0
TSK-927,EMP-56,0,4.244790764815147e-06,0
TSK-927,EMP-29,0,8.306221687270212e-06,0
TSK-927,EMP-32,0,7.559590575981782e-06,0
TSK-927,EMP-12,0,6.8625885416556755e-06,0
TSK-927,EMP-7,0,4.52537363136839e-06,0
TSK-927,EMP-16,0,0.47944009041764885,0
TSK-961,EMP-7,1,0.15113462090470356,0
TSK-961,EMP-14,0,0.03579596878325874,0
TSK-961,EMP-52,0,0.030204761969964907,0
TSK-961,EMP-40,0,0.027503114464183423,0
TSK-961,EMP-55,0,0.13302814262815232,0
TSK-961,EMP-6,0,0.0315330627995206,0
TSK-961,EMP-59,0,1.6038906230265001e-07,0
TSK-961,EMP-27,0,0.14601941568847715,0
TSK-961,EMP-45,0,0.09566093775400147,0
TSK-961,EMP-66,0,0.02257154263223944,0
TSK-961,EMP-34,0,0.02414531932919281,0
TSK-961,EMP-21,0,0.1093300361355366,0
TSK-961,EMP-67,0,0.008515313971124592,0
TSK-961,EMP-51,0,0.023271937701595236,0
TSK-961,EMP-49,0,0.017398716297180563,0
TSK-961,EMP-41,0,0.3293758676342277,0
TSK-961,EMP-25,0,0.008126576208787192,0
TSK-961,EMP-48,0,0.023599849365251436,0
TSK-961,EMP-46,0,0.046287723521591335,0
TSK-961,EMP-11,0,0.3490585807787501,0
TSK-961,EMP-56,0,0.012231840752766473,0
TSK-969,EMP-21,1,0.34880237508655504,0
TSK-969,EMP-6,0,2.8780034222489325e-06,0
TSK-969,EMP-11,0,0.24535080338259235,0
TSK-969,EMP-44,0,2.1929085724757568e-06,0
TSK-969,EMP-5,0,1.1876126590276039e-06,0
TSK-969,EMP-55,0,2.2548321444048666e-06,0
TSK-969,EMP-52,0,3.6032150589931214e-06,0
TSK-969,EMP-8,0,0.28695553311232175,0
TSK-969,EMP-45,0,2.9128011231004584e-06,0
TSK-969,EMP-14,0,2.7425321838307716e-06,0
TSK-969,EMP-1,0,1.4092951613220713e-06,0
TSK-969,EMP-28,0,0.23298271724037278,0
TSK-969,EMP-30,0,2.236257766609689e-06,0
TSK-969,EMP-63,0,2.543082496529766e-06,0
TSK-969,EMP-9,0,4.415964287207237e-06,0
TSK-969,EMP-57,0,1.496049094098413e-06,0
TSK-969,EMP-68,0,3.090743243482508e-06,0
TSK-969,EMP-59,0,2.6880880396022795e-06,0
TSK-969,EMP-12,0,3.967661559709028e-06,0
TSK-969,EMP-48,0,3.3457984182537476e-06,0
TSK-969,EMP-41,0,2.9428676142878953e-06,0
TSK-976,EMP-4,1,0.34820887724802424,0
TSK-976,EMP-16,1,0.40682462919435625,0
TSK-976,EMP-20,0,0.6286447396487507,1
TSK-976,EMP-28,0,5.535433035903387e-06,0
TSK-976,EMP-67,0,2.571630522441247e-07,0
TSK-976,EMP-50,0,6.339247584060134e-07,0
TSK-976,EMP-46,0,5.525509694556738e-06,0
TSK-976,EMP-66,0,5.778918730263589e-07,0
TSK-976,EMP-51,0,4.646795034167292e-06,0
TSK-976,EMP-56,0,3.70792262755759e-07,0
TSK-976,EMP-22,0,4.355213802272227e-06,0
TSK-976,EMP-21,0,5.698089167703504e-06,0
TSK-976,EMP-62,0,3.670603431466793e-07,0
TSK-976,EMP-11,0,0.2768405974761803,0
TSK-976,EMP-8,0,0.2836829314758886,0
TSK-976,EMP-15,0,7.64234946312608e-06,0
TSK-976,EMP-18,0,0.4071174308490191,0
TSK-976,EMP-45,0,4.910325048289925e-06,0
TSK-976,EMP-12,0,0.3612833553198728,0
TSK-976,EMP-49,0,4.519805543766246e-06,0
TSK-976,EMP-52,0,6.074204188250808e-06,0
TSK-976,EMP-41,0,4.961010261801105e-06,0
TSK-978,EMP-7,1,0.22156025699293241,0
TSK-978,EMP-34,0,1.96504813622536e-06,0
TSK-978,EMP-49,0,2.2022864071983484e-06,0
TSK-978,EMP-11,0,0.21076635263770926,0
TSK-978,EMP-45,0,2.392568478761341e-06,0
TSK-978,EMP-56,0,2.015839612300028e-06,0
TSK-978,EMP-14,0,2.2527098755349136e-06,0
TSK-978,EMP-12,0,3.2590291507853623e-06,0
TSK-978,EMP-62,0,1.995550787849021e-06,0
TSK-978,EMP-5,0,9.755021429090156e-07,0
TSK-978,EMP-24,0,3.1634036321373355e-06,0
TSK-978,EMP-15,0,3.723759601168946e-06,0
TSK-978,EMP-4,0,3.0780806977987004e-06,0
TSK-978,EMP-18,0,2.7634578802435482e-06,0
TSK-978,EMP-8,0,0.2484371812547239,0
TSK-978,EMP-1,0,1.1575916556986072e-06,0
TSK-978,EMP-6,0,2.3639857086142183e-06,0
TSK-978,EMP-17,0,3.593457046472667e-06,0
TSK-978,EMP-68,0,2.5387298283666553e-06,0
TSK-978,EMP-63,0,2.088882268705718e-06,0
TSK-978,EMP-28,0,0.19968035906498482,0
TSK-992,EMP-11,1,3.1805609386827145e-06,0
TSK-992,EMP-8,1,0.2333464697941446,0
TSK-992,EMP-28,0,3.889240312054954e-06,0
TSK-992,EMP-41,0,3.485645599447602e-06,0
TSK-992,EMP-5,0,0.12460078510996062,0
TSK-992,EMP-56,0,2.9067990471143485e-06,0
TSK-992,EMP-42,0,4.058459431030453e-06,0
TSK-992,EMP-1,0,1.669223869597011e-06,0
TSK-992,EMP-25,0,1.923224571492803e-06,0
TSK-992,EMP-44,0,2.597365622503773e-06,0
TSK-992,EMP-62,0,2.8775430074942562e-06,0
TSK-992,EMP-31,0,3.805508804579959e-06,0
TSK-992,EMP-29,0,5.6880420103806695e-06,0
TSK-992,EMP-34,0,2.8335588522462533e-06,0
TSK-992,EMP-66,0,4.530335002147973e-06,0
TSK-992,EMP-20,0,5.24256470348453e-06,0
TSK-992,EMP-67,0,2.0160126605770713e-06,0
TSK-992,EMP-14,0,0.2822756189232896,0
TSK-992,EMP-49,0,3.1756512092168462e-06,0
TSK-992,EMP-50,0,4.969598215828079e-06,0
TSK-992,EMP-17,0,5.1816871597519946e-06,0
TSK-992,EMP-18,0,0.28735241061432737,0
