Task_ID,Employee_ID,relevance,prediction_score,predicted_label
TSK-1007,EMP-11,1,0.47333333333333333,0
TSK-1007,EMP-7,0,0.016666666666666666,0
TSK-1007,EMP-14,0,0.0,0
TSK-1007,EMP-5,0,0.0,0
TSK-1007,EMP-58,0,0.0,0
TSK-1007,EMP-8,0,0.006666666666666667,0
TSK-1007,EMP-63,0,0.0,0
TSK-1007,EMP-31,0,0.0033333333333333335,0
TSK-1007,EMP-65,0,0.0,0
TSK-1007,EMP-55,0,0.0,0
TSK-1007,EMP-42,0,0.0,0
TSK-1007,EMP-57,0,0.0,0
TSK-1007,EMP-56,0,0.0,0
TSK-1007,EMP-40,0,0.0,0
TSK-1007,EMP-17,0,0.0,0
TSK-1007,EMP-15,0,0.0033333333333333335,0
TSK-1007,EMP-12,0,0.0,0
TSK-1007,EMP-28,0,0.0,0
TSK-1007,EMP-25,0,0.0,0
TSK-1007,EMP-59,0,0.0,0
TSK-1007,EMP-32,0,0.0,0
TSK-1009,EMP-9,1,0.6,1
TSK-1009,EMP-42,1,0.7666666666666667,1
TSK-1009,EMP-14,1,0.7133333333333334,1
TSK-1009,EMP-4,1,0.6166666666666667,1
TSK-1009,EMP-52,0,0.0,0
TSK-1009,EMP-31,0,0.03,0
TSK-1009,EMP-46,0,0.0,0
TSK-1009,EMP-51,0,0.0,0
TSK-1009,EMP-1,0,0.0,0
TSK-1009,EMP-15,0,0.0,0
TSK-1009,EMP-58,0,0.0,0
TSK-1009,EMP-45,0,0.0033333333333333335,0
TSK-1009,EMP-21,0,0.04666666666666667,0
TSK-1009,EMP-8,0,0.11666666666666667,0
TSK-1009,EMP-20,0,0.0,0
TSK-1009,EMP-28,0,0.0,0
TSK-1009,EMP-57,0,0.0,0
TSK-1009,EMP-49,0,0.0,0
TSK-1009,EMP-65,0,0.0,0
TSK-1009,EMP-12,0,0.0,0
TSK-1009,EMP-67,0,0.0,0
TSK-1009,EMP-41,0,0.23,0
TSK-1009,EMP-48,0,0.0,0
TSK-1009,EMP-29,0,0.0,0
TSK-1014,EMP-21,1,0.42333333333333334,0
TSK-1014,EMP-50,0,0.0,0
TSK-1014,EMP-25,0,0.0,0
TSK-1014,EMP-40,0,0.0,0
TSK-1014,EMP-16,0,0.0,0
TSK-1014,EMP-63,0,0.0,0
TSK-1014,EMP-17,0,0.0,0
TSK-1014,EMP-28,0,0.21333333333333335,0
TSK-1014,EMP-45,0,0.0,0
TSK-1014,EMP-31,0,0.0,0
TSK-1014,EMP-68,0,0.0,0
TSK-1014,EMP-44,0,0.0,0
TSK-1014,EMP-58,0,0.0,0
TSK-1014,EMP-18,0,0.0,0
TSK-1014,EMP-52,0,0.0,0
TSK-1014,EMP-22,0,0.21666666666666667,0
TSK-1014,EMP-30,0,0.0,0
TSK-1014,EMP-4,0,0.0,0
TSK-1014,EMP-29,0,0.0,0
TSK-1014,EMP-34,0,0.0,0
TSK-1014,EMP-56,0,0.0,0
TSK-1016,EMP-7,1,0.6,1
TSK-1016,EMP-41,0,0.0,0
TSK-1016,EMP-25,0,0.0,0
TSK-1016,EMP-29,0,0.0,0
TSK-1016,EMP-11,0,0.19333333333333333,0
TSK-1016,EMP-57,0,0.0,0
TSK-1016,EMP-15,0,0.006666666666666667,0
TSK-1016,EMP-42,0,0.0,0
TSK-1016,EMP-52,0,0.0,0
TSK-1016,EMP-27,0,0.0,0
TSK-1016,EMP-67,0,0.0,0
TSK-1016,EMP-32,0,0.0,0
TSK-1016,EMP-55,0,0.0,0
TSK-1016,EMP-12,0,0.0033333333333333335,0
TSK-1016,EMP-14,0,0.0,0
TSK-1016,EMP-63,0,0.0,0
TSK-1016,EMP-44,0,0.0,0
TSK-1016,EMP-48,0,0.0,0
TSK-1016,EMP-51,0,0.0,0
TSK-1016,EMP-18,0,0.0,0
TSK-1016,EMP-22,0,0.21,0
TSK-102,EMP-17,1,0.5933333333333334,1
TSK-102,EMP-29,0,0.0,0
TSK-102,EMP-14,0,0.44,0
TSK-102,EMP-58,0,0.0,0
TSK-102,EMP-16,0,0.0033333333333333335,0
TSK-102,EMP-15,0,0.0,0
TSK-102,EMP-20,0,0.006666666666666667,0
TSK-102,EMP-6,0,0.0,0
TSK-102,EMP-25,0,0.0,0
TSK-102,EMP-7,0,0.0,0
TSK-102,EMP-41,0,0.0033333333333333335,0
TSK-102,EMP-46,0,0.0,0
TSK-102,EMP-11,0,0.0033333333333333335,0
TSK-102,EMP-68,0,0.0,0
TSK-102,EMP-31,0,0.0,0
TSK-102,EMP-48,0,0.0,0
TSK-102,EMP-55,0,0.09333333333333334,0
TSK-102,EMP-1,0,0.0,0
TSK-102,EMP-56,0,0.0,0
TSK-102,EMP-27,0,0.006666666666666667,0
TSK-102,EMP-32,0,0.0033333333333333335,0
TSK-1025,EMP-4,1,0.5566666666666666,1
TSK-1025,EMP-14,1,0.7366666666666667,1
TSK-1025,EMP-15,0,0.0,0
TSK-1025,EMP-1,0,0.0,0
TSK-1025,EMP-22,0,0.0,0
TSK-1025,EMP-67,0,0.0,0
TSK-1025,EMP-20,0,0.0,0
TSK-1025,EMP-34,0,0.0033333333333333335,0
TSK-1025,EMP-29,0,0.006666666666666667,0
TSK-1025,EMP-16,0,0.016666666666666666,0
TSK-1025,EMP-56,0,0.0,0
TSK-1025,EMP-9,0,0.48,0
TSK-1025,EMP-40,0,0.0,0
TSK-1025,EMP-55,0,0.0033333333333333335,0
TSK-1025,EMP-17,0,0.01,0
TSK-1025,EMP-51,0,0.0,0
TSK-1025,EMP-28,0,0.0,0
TSK-1025,EMP-52,0,0.0033333333333333335,0
TSK-1025,EMP-8,0,0.17333333333333334,0
TSK-1025,EMP-62,0,0.0,0
TSK-1025,EMP-57,0,0.0,0
TSK-1025,EMP-24,0,0.0,0
TSK-1030,EMP-21,1,0.38666666666666666,0
TSK-1030,EMP-20,0,0.0,0
TSK-1030,EMP-52,0,0.0,0
TSK-1030,EMP-5,0,0.0033333333333333335,0
TSK-1030,EMP-6,0,0.0,0
TSK-1030,EMP-16,0,0.0,0
TSK-1030,EMP-45,0,0.0,0
TSK-1030,EMP-18,0,0.0,0
TSK-1030,EMP-49,0,0.0,0
TSK-1030,EMP-50,0,0.0,0
TSK-1030,EMP-51,0,0.0,0
TSK-1030,EMP-58,0,0.0033333333333333335,0
TSK-1030,EMP-40,0,0.0,0
TSK-1030,EMP-27,0,0.0,0
TSK-1030,EMP-30,0,0.0,0
TSK-1030,EMP-24,0,0.0,0
TSK-1030,EMP-42,0,0.0,0
TSK-1030,EMP-8,0,0.16333333333333333,0
TSK-1030,EMP-32,0,0.0,0
TSK-1030,EMP-67,0,0.0,0
TSK-1030,EMP-11,0,0.28,0
TSK-1035,EMP-16,1,0.96,1
TSK-1035,EMP-59,0,0.0,0
TSK-1035,EMP-14,0,0.0,0
TSK-1035,EMP-55,0,0.0,0
TSK-1035,EMP-29,0,0.0,0
TSK-1035,EMP-45,0,0.0,0
TSK-1035,EMP-34,0,0.0,0
TSK-1035,EMP-1,0,0.0,0
TSK-1035,EMP-11,0,0.06333333333333334,0
TSK-1035,EMP-42,0,0.0,0
TSK-1035,EMP-50,0,0.0,0
TSK-1035,EMP-58,0,0.0,0
TSK-1035,EMP-18,0,0.0,0
TSK-1035,EMP-20,0,0.0,0
TSK-1035,EMP-66,0,0.0,0
TSK-1035,EMP-44,0,0.0,0
TSK-1035,EMP-68,0,0.0,0
TSK-1035,EMP-28,0,0.0,0
TSK-1035,EMP-48,0,0.0,0
TSK-1035,EMP-56,0,0.0,0
TSK-1035,EMP-41,0,0.0,0
TSK-104,EMP-17,1,0.9066666666666666,1
TSK-104,EMP-12,0,0.0,0
TSK-104,EMP-27,0,0.0,0
TSK-104,EMP-65,0,0.0033333333333333335,0
TSK-104,EMP-68,0,0.0,0
TSK-104,EMP-16,0,0.0,0
TSK-104,EMP-31,0,0.0,0
TSK-104,EMP-6,0,0.0,0
TSK-104,EMP-21,0,0.0,0
TSK-104,EMP-15,0,0.0,0
TSK-104,EMP-49,0,0.0,0
TSK-104,EMP-40,0,0.0,0
TSK-104,EMP-9,0,0.0,0
TSK-104,EMP-10,0,0.0,0
TSK-104,EMP-44,0,0.0,0
TSK-104,EMP-51,0,0.04666666666666667,0
TSK-104,EMP-24,0,0.0,0
TSK-104,EMP-1,0,0.0,0
TSK-104,EMP-50,0,0.0,0
TSK-104,EMP-45,0,0.0,0
TSK-104,EMP-29,0,0.0,0
TSK-1043,EMP-16,1,0.73,1
TSK-1043,EMP-40,0,0.0,0
TSK-1043,EMP-34,0,0.0,0
TSK-1043,EMP-59,0,0.0,0
TSK-1043,EMP-58,0,0.0,0
TSK-1043,EMP-18,0,0.12,0
TSK-1043,EMP-7,0,0.0,0
TSK-1043,EMP-56,0,0.0,0
TSK-1043,EMP-52,0,0.0,0
TSK-1043,EMP-14,0,0.0,0
TSK-1043,EMP-29,0,0.0,0
TSK-1043,EMP-10,0,0.0,0
TSK-1043,EMP-50,0,0.0,0
TSK-1043,EMP-9,0,0.0,0
TSK-1043,EMP-45,0,0.0,0
TSK-1043,EMP-48,0,0.0,0
TSK-1043,EMP-55,0,0.0,0
TSK-1043,EMP-22,0,0.0,0
TSK-1043,EMP-17,0,0.01,0
TSK-1043,EMP-62,0,0.0,0
TSK-1043,EMP-66,0,0.0,0
TSK-1050,EMP-8,1,0.28,0
TSK-1050,EMP-65,0,0.0,0
TSK-1050,EMP-58,0,0.0,0
TSK-1050,EMP-29,0,0.0,0
TSK-1050,EMP-18,0,0.0,0
TSK-1050,EMP-57,0,0.0,0
TSK-1050,EMP-9,0,0.0,0
TSK-1050,EMP-27,0,0.0,0
TSK-1050,EMP-17,0,0.0,0
TSK-1050,EMP-31,0,0.0,0
TSK-1050,EMP-48,0,0.0,0
TSK-1050,EMP-63,0,0.0,0
TSK-1050,EMP-59,0,0.0,0
TSK-1050,EMP-11,0,0.006666666666666667,0
TSK-1050,EMP-41,0,0.0,0
TSK-1050,EMP-7,0,0.023333333333333334,0
TSK-1050,EMP-42,0,0.0,0
TSK-1050,EMP-22,0,0.37,0
TSK-1050,EMP-62,0,0.0,0
TSK-1050,EMP-24,0,0.0,0
TSK-1050,EMP-68,0,0.0,0
TSK-1055,EMP-8,1,0.6,1
TSK-1055,EMP-46,0,0.0,0
TSK-1055,EMP-31,0,0.0,0
TSK-1055,EMP-52,0,0.0,0
TSK-1055,EMP-63,0,0.0033333333333333335,0
TSK-1055,EMP-21,0,0.0033333333333333335,0
TSK-1055,EMP-51,0,0.0,0
TSK-1055,EMP-65,0,0.0,0
TSK-1055,EMP-6,0,0.0,0
TSK-1055,EMP-16,0,0.8533333333333334,1
TSK-1055,EMP-10,0,0.006666666666666667,0
TSK-1055,EMP-22,0,0.0,0
TSK-1055,EMP-7,0,0.0,0
TSK-1055,EMP-9,0,0.0,0
TSK-1055,EMP-25,0,0.0,0
TSK-1055,EMP-27,0,0.0,0
TSK-1055,EMP-28,0,0.0,0
TSK-1055,EMP-20,0,0.0,0
TSK-1055,EMP-14,0,0.0,0
TSK-1055,EMP-32,0,0.0,0
TSK-1055,EMP-48,0,0.0,0
TSK-107,EMP-17,1,0.8833333333333333,1
TSK-107,EMP-57,0,0.0,0
TSK-107,EMP-65,0,0.0,0
TSK-107,EMP-52,0,0.0,0
TSK-107,EMP-18,0,0.0,0
TSK-107,EMP-51,0,0.11333333333333333,0
TSK-107,EMP-31,0,0.0,0
TSK-107,EMP-68,0,0.0,0
TSK-107,EMP-24,0,0.0,0
TSK-107,EMP-11,0,0.0033333333333333335,0
TSK-107,EMP-9,0,0.0,0
TSK-107,EMP-49,0,0.0,0
TSK-107,EMP-22,0,0.04,0
TSK-107,EMP-46,0,0.0,0
TSK-107,EMP-14,0,0.28,0
TSK-107,EMP-41,0,0.0,0
TSK-107,EMP-4,0,0.31333333333333335,0
TSK-107,EMP-50,0,0.0,0
TSK-107,EMP-5,0,0.3433333333333333,0
TSK-107,EMP-21,0,0.0,0
TSK-107,EMP-27,0,0.0,0
TSK-1073,EMP-27,1,0.88,1
TSK-1073,EMP-17,0,0.0,0
TSK-1073,EMP-32,0,0.0033333333333333335,0
TSK-1073,EMP-44,0,0.0033333333333333335,0
TSK-1073,EMP-9,0,0.006666666666666667,0
TSK-1073,EMP-34,0,0.0,0
TSK-1073,EMP-20,0,0.0,0
TSK-1073,EMP-55,0,0.0,0
TSK-1073,EMP-30,0,0.0,0
TSK-1073,EMP-16,0,0.0033333333333333335,0
TSK-1073,EMP-7,0,0.043333333333333335,0
TSK-1073,EMP-51,0,0.0,0
TSK-1073,EMP-59,0,0.0,0
TSK-1073,EMP-12,0,0.0,0
TSK-1073,EMP-4,0,0.0033333333333333335,0
TSK-1073,EMP-45,0,0.07333333333333333,0
TSK-1073,EMP-62,0,0.0,0
TSK-1073,EMP-48,0,0.0,0
TSK-1073,EMP-63,0,0.006666666666666667,0
TSK-1073,EMP-29,0,0.0033333333333333335,0
TSK-1073,EMP-22,0,0.03333333333333333,0
TSK-1083,EMP-27,1,0.7833333333333333,1
TSK-1083,EMP-11,0,0.10666666666666667,0
TSK-1083,EMP-7,0,0.06,0
TSK-1083,EMP-40,0,0.01,0
TSK-1083,EMP-68,0,0.0,0
TSK-1083,EMP-24,0,0.0,0
TSK-1083,EMP-31,0,0.21333333333333335,0
TSK-1083,EMP-46,0,0.0,0
TSK-1083,EMP-8,0,0.05,0
TSK-1083,EMP-57,0,0.0,0
TSK-1083,EMP-62,0,0.0,0
TSK-1083,EMP-15,0,0.01,0
TSK-1083,EMP-25,0,0.0,0
TSK-1083,EMP-4,0,0.0,0
TSK-1083,EMP-34,0,0.0,0
TSK-1083,EMP-44,0,0.0,0
TSK-1083,EMP-5,0,0.15,0
TSK-1083,EMP-9,0,0.0,0
TSK-1083,EMP-49,0,0.0,0
TSK-1083,EMP-22,0,0.006666666666666667,0
TSK-1083,EMP-45,0,0.07,0
TSK-1090,EMP-16,1,0.0033333333333333335,0
TSK-1090,EMP-40,0,0.0,0
TSK-1090,EMP-24,0,0.0,0
TSK-1090,EMP-34,0,0.0,0
TSK-1090,EMP-65,0,0.0033333333333333335,0
TSK-1090,EMP-10,0,0.006666666666666667,0
TSK-1090,EMP-58,0,0.0,0
TSK-1090,EMP-8,0,0.006666666666666667,0
TSK-1090,EMP-25,0,0.0,0
TSK-1090,EMP-52,0,0.0,0
TSK-1090,EMP-44,0,0.0,0
TSK-1090,EMP-41,0,0.0,0
TSK-1090,EMP-27,0,0.0,0
TSK-1090,EMP-21,0,0.0,0
TSK-1090,EMP-5,0,0.0,0
TSK-1090,EMP-68,0,0.0,0
TSK-1090,EMP-9,0,0.68,1
TSK-1090,EMP-12,0,0.0033333333333333335,0
TSK-1090,EMP-30,0,0.0,0
TSK-1090,EMP-31,0,0.0,0
TSK-1090,EMP-59,0,0.0,0
TSK-1102,EMP-27,1,0.64,1
TSK-1102,EMP-12,0,0.0,0
TSK-1102,EMP-48,0,0.0,0
TSK-1102,EMP-50,0,0.0,0
TSK-1102,EMP-10,0,0.2,0
TSK-1102,EMP-52,0,0.0,0
TSK-1102,EMP-14,0,0.0,0
TSK-1102,EMP-68,0,0.0,0
TSK-1102,EMP-8,0,0.10666666666666667,0
TSK-1102,EMP-11,0,0.12666666666666668,0
TSK-1102,EMP-17,0,0.0033333333333333335,0
TSK-1102,EMP-62,0,0.0,0
TSK-1102,EMP-1,0,0.0,0
TSK-1102,EMP-45,0,0.14666666666666667,0
TSK-1102,EMP-51,0,0.013333333333333334,0
TSK-1102,EMP-65,0,0.0033333333333333335,0
TSK-1102,EMP-55,0,0.0033333333333333335,0
TSK-1102,EMP-57,0,0.0,0
TSK-1102,EMP-34,0,0.0,0
TSK-1102,EMP-58,0,0.0,0
TSK-1102,EMP-6,0,0.006666666666666667,0
TSK-1108,EMP-7,1,0.7266666666666667,1
TSK-1108,EMP-10,0,0.14666666666666667,0
TSK-1108,EMP-52,0,0.0,0
TSK-1108,EMP-68,0,0.0,0
TSK-1108,EMP-45,0,0.0,0
TSK-1108,EMP-14,0,0.0,0
TSK-1108,EMP-44,0,0.0,0
TSK-1108,EMP-58,0,0.0,0
TSK-1108,EMP-17,0,0.0033333333333333335,0
TSK-1108,EMP-34,0,0.0,0
TSK-1108,EMP-41,0,0.0,0
TSK-1108,EMP-56,0,0.0,0
TSK-1108,EMP-49,0,0.0,0
TSK-1108,EMP-20,0,0.0,0
TSK-1108,EMP-50,0,0.0,0
TSK-1108,EMP-66,0,0.0,0
TSK-1108,EMP-25,0,0.0,0
TSK-1108,EMP-46,0,0.0,0
TSK-1108,EMP-62,0,0.0,0
TSK-1108,EMP-42,0,0.0033333333333333335,0
TSK-1108,EMP-32,0,0.0,0
TSK-1122,EMP-49,1,0.7166666666666667,1
TSK-1122,EMP-11,0,0.03666666666666667,0
TSK-1122,EMP-17,0,0.0033333333333333335,0
TSK-1122,EMP-8,0,0.0,0
TSK-1122,EMP-63,0,0.0,0
TSK-1122,EMP-58,0,0.0,0
TSK-1122,EMP-22,0,0.0,0
TSK-1122,EMP-6,0,0.0,0
TSK-1122,EMP-44,0,0.09333333333333334,0
TSK-1122,EMP-9,0,0.0033333333333333335,0
TSK-1122,EMP-28,0,0.0,0
TSK-1122,EMP-18,0,0.0033333333333333335,0
TSK-1122,EMP-25,0,0.0,0
TSK-1122,EMP-29,0,0.0,0
TSK-1122,EMP-20,0,0.0033333333333333335,0
TSK-1122,EMP-62,0,0.0,0
TSK-1122,EMP-41,0,0.0,0
TSK-1122,EMP-1,0,0.0,0
TSK-1122,EMP-45,0,0.0033333333333333335,0
TSK-1122,EMP-4,0,0.0,0
TSK-1122,EMP-7,0,0.0,0
TSK-113,EMP-17,1,0.7966666666666666,1
TSK-113,EMP-5,0,0.23666666666666666,0
TSK-113,EMP-48,0,0.0,0
TSK-113,EMP-42,0,0.0,0
TSK-113,EMP-28,0,0.0,0
TSK-113,EMP-24,0,0.0,0
TSK-113,EMP-1,0,0.0,0
TSK-113,EMP-66,0,0.0,0
TSK-113,EMP-55,0,0.12,0
TSK-113,EMP-11,0,0.01,0
TSK-113,EMP-62,0,0.0,0
TSK-113,EMP-45,0,0.0,0
TSK-113,EMP-15,0,0.0,0
TSK-113,EMP-10,0,0.0,0
TSK-113,EMP-30,0,0.0,0
TSK-113,EMP-52,0,0.0,0
TSK-113,EMP-22,0,0.06666666666666667,0
TSK-113,EMP-46,0,0.0,0
TSK-113,EMP-58,0,0.0,0
TSK-113,EMP-51,0,0.11333333333333333,0
TSK-113,EMP-21,0,0.0,0
TSK-1144,EMP-5,1,0.19,0
TSK-1144,EMP-27,0,0.09666666666666666,0
TSK-1144,EMP-44,0,0.0,0
TSK-1144,EMP-40,0,0.0,0
TSK-1144,EMP-50,0,0.0,0
TSK-1144,EMP-28,0,0.0,0
TSK-1144,EMP-14,0,0.0,0
TSK-1144,EMP-49,0,0.0,0
TSK-1144,EMP-45,0,0.0,0
TSK-1144,EMP-25,0,0.0,0
TSK-1144,EMP-55,0,0.0,0
TSK-1144,EMP-52,0,0.0,0
TSK-1144,EMP-17,0,0.01,0
TSK-1144,EMP-56,0,0.0,0
TSK-1144,EMP-10,0,0.0,0
TSK-1144,EMP-29,0,0.0,0
TSK-1144,EMP-63,0,0.0,0
TSK-1144,EMP-7,0,0.0,0
TSK-1144,EMP-34,0,0.0,0
TSK-1144,EMP-57,0,0.0,0
TSK-1144,EMP-12,0,0.0033333333333333335,0
TSK-1148,EMP-9,1,0.9633333333333334,1
TSK-1148,EMP-15,0,0.0,0
TSK-1148,EMP-49,0,0.0,0
TSK-1148,EMP-62,0,0.0,0
TSK-1148,EMP-32,0,0.0,0
TSK-1148,EMP-10,0,0.0033333333333333335,0
TSK-1148,EMP-52,0,0.0,0
TSK-1148,EMP-6,0,0.0,0
TSK-1148,EMP-11,0,0.0,0
TSK-1148,EMP-31,0,0.0,0
TSK-1148,EMP-58,0,0.0,0
TSK-1148,EMP-50,0,0.0,0
TSK-1148,EMP-63,0,0.0033333333333333335,0
TSK-1148,EMP-57,0,0.0,0
TSK-1148,EMP-41,0,0.0,0
TSK-1148,EMP-45,0,0.0,0
TSK-1148,EMP-34,0,0.0,0
TSK-1148,EMP-65,0,0.0,0
TSK-1148,EMP-42,0,0.71,1
TSK-1148,EMP-46,0,0.0,0
TSK-1148,EMP-28,0,0.0,0
TSK-1159,EMP-9,1,0.8933333333333333,1
TSK-1159,EMP-51,0,0.0,0
TSK-1159,EMP-16,0,0.006666666666666667,0
TSK-1159,EMP-49,0,0.0033333333333333335,0
TSK-1159,EMP-24,0,0.0,0
TSK-1159,EMP-14,0,0.006666666666666667,0
TSK-1159,EMP-34,0,0.0,0
TSK-1159,EMP-41,0,0.0,0
TSK-1159,EMP-10,0,0.0,0
TSK-1159,EMP-55,0,0.0,0
TSK-1159,EMP-50,0,0.0,0
TSK-1159,EMP-12,0,0.0033333333333333335,0
TSK-1159,EMP-17,0,0.0,0
TSK-1159,EMP-45,0,0.0,0
TSK-1159,EMP-7,0,0.0,0
TSK-1159,EMP-28,0,0.0,0
TSK-1159,EMP-65,0,0.0,0
TSK-1159,EMP-1,0,0.0,0
TSK-1159,EMP-15,0,0.0,0
TSK-1159,EMP-48,0,0.0033333333333333335,0
TSK-1159,EMP-62,0,0.0,0
TSK-1177,EMP-28,1,0.01,0
TSK-1177,EMP-12,0,0.0,0
TSK-1177,EMP-30,0,0.0,0
TSK-1177,EMP-51,0,0.0,0
TSK-1177,EMP-17,0,0.0,0
TSK-1177,EMP-68,0,0.0,0
TSK-1177,EMP-32,0,0.0,0
TSK-1177,EMP-48,0,0.0,0
TSK-1177,EMP-15,0,0.02666666666666667,0
TSK-1177,EMP-40,0,0.0,0
TSK-1177,EMP-4,0,0.0,0
TSK-1177,EMP-52,0,0.0,0
TSK-1177,EMP-10,0,0.22333333333333333,0
TSK-1177,EMP-50,0,0.0,0
TSK-1177,EMP-14,0,0.0,0
TSK-1177,EMP-34,0,0.0,0
TSK-1177,EMP-63,0,0.0,0
TSK-1177,EMP-56,0,0.013333333333333334,0
TSK-1177,EMP-27,0,0.0,0
TSK-1177,EMP-65,0,0.0,0
TSK-1177,EMP-11,0,0.7533333333333333,1
TSK-1178,EMP-27,1,0.9233333333333333,1
TSK-1178,EMP-22,0,0.013333333333333334,0
TSK-1178,EMP-30,0,0.0,0
TSK-1178,EMP-57,0,0.0,0
TSK-1178,EMP-24,0,0.0033333333333333335,0
TSK-1178,EMP-68,0,0.0,0
TSK-1178,EMP-48,0,0.0,0
TSK-1178,EMP-50,0,0.0,0
TSK-1178,EMP-65,0,0.0,0
TSK-1178,EMP-49,0,0.0,0
TSK-1178,EMP-10,0,0.0033333333333333335,0
TSK-1178,EMP-66,0,0.0,0
TSK-1178,EMP-11,0,0.0,0
TSK-1178,EMP-8,0,0.016666666666666666,0
TSK-1178,EMP-18,0,0.0033333333333333335,0
TSK-1178,EMP-46,0,0.0033333333333333335,0
TSK-1178,EMP-62,0,0.0,0
TSK-1178,EMP-9,0,0.0,0
TSK-1178,EMP-32,0,0.0,0
TSK-1178,EMP-63,0,0.0033333333333333335,0
TSK-1178,EMP-42,0,0.0,0
TSK-1184,EMP-27,1,0.94,1
TSK-1184,EMP-24,0,0.006666666666666667,0
TSK-1184,EMP-68,0,0.0,0
TSK-1184,EMP-57,0,0.0,0
TSK-1184,EMP-46,0,0.0,0
TSK-1184,EMP-59,0,0.0,0
TSK-1184,EMP-66,0,0.0,0
TSK-1184,EMP-56,0,0.0,0
TSK-1184,EMP-42,0,0.0,0
TSK-1184,EMP-20,0,0.0,0
TSK-1184,EMP-52,0,0.0,0
TSK-1184,EMP-18,0,0.0,0
TSK-1184,EMP-67,0,0.0,0
TSK-1184,EMP-14,0,0.0,0
TSK-1184,EMP-58,0,0.0,0
TSK-1184,EMP-44,0,0.0,0
TSK-1184,EMP-8,0,0.006666666666666667,0
TSK-1184,EMP-21,0,0.05,0
TSK-1184,EMP-51,0,0.0,0
TSK-1184,EMP-12,0,0.0,0
TSK-1184,EMP-25,0,0.0,0
TSK-1190,EMP-28,1,0.22,0
TSK-1190,EMP-21,0,0.3,0
TSK-1190,EMP-62,0,0.0,0
TSK-1190,EMP-9,0,0.0,0
TSK-1190,EMP-12,0,0.0,0
TSK-1190,EMP-51,0,0.0,0
TSK-1190,EMP-7,0,0.51,1
TSK-1190,EMP-56,0,0.0,0
TSK-1190,EMP-65,0,0.0,0
TSK-1190,EMP-30,0,0.0,0
TSK-1190,EMP-46,0,0.0,0
TSK-1190,EMP-58,0,0.0,0
TSK-1190,EMP-44,0,0.0,0
TSK-1190,EMP-63,0,0.0,0
TSK-1190,EMP-24,0,0.0,0
TSK-1190,EMP-57,0,0.0,0
TSK-1190,EMP-29,0,0.0,0
TSK-1190,EMP-15,0,0.0,0
TSK-1190,EMP-66,0,0.0,0
TSK-1190,EMP-22,0,0.27666666666666667,0
TSK-1190,EMP-68,0,0.0,0
TSK-1201,EMP-27,1,0.8633333333333333,1
TSK-1201,EMP-62,0,0.006666666666666667,0
TSK-1201,EMP-32,0,0.006666666666666667,0
TSK-1201,EMP-1,0,0.0,0
TSK-1201,EMP-25,0,0.0,0
TSK-1201,EMP-65,0,0.0,0
TSK-1201,EMP-51,0,0.0033333333333333335,0
TSK-1201,EMP-5,0,0.10666666666666667,0
TSK-1201,EMP-59,0,0.006666666666666667,0
TSK-1201,EMP-21,0,0.006666666666666667,0
TSK-1201,EMP-22,0,0.043333333333333335,0
TSK-1201,EMP-34,0,0.0,0
TSK-1201,EMP-11,0,0.0033333333333333335,0
TSK-1201,EMP-16,0,0.0033333333333333335,0
TSK-1201,EMP-42,0,0.0,0
TSK-1201,EMP-46,0,0.01,0
TSK-1201,EMP-17,0,0.016666666666666666,0
TSK-1201,EMP-18,0,0.013333333333333334,0
TSK-1201,EMP-58,0,0.0,0
TSK-1201,EMP-48,0,0.0,0
TSK-1201,EMP-29,0,0.0,0
TSK-1230,EMP-21,1,0.8,1
TSK-1230,EMP-51,0,0.0,0
TSK-1230,EMP-12,0,0.0,0
TSK-1230,EMP-40,0,0.0,0
TSK-1230,EMP-22,0,0.08,0
TSK-1230,EMP-56,0,0.0,0
TSK-1230,EMP-20,0,0.0,0
TSK-1230,EMP-68,0,0.0,0
TSK-1230,EMP-65,0,0.0,0
TSK-1230,EMP-49,0,0.0,0
TSK-1230,EMP-16,0,0.0,0
TSK-1230,EMP-50,0,0.0,0
TSK-1230,EMP-48,0,0.0,0
TSK-1230,EMP-57,0,0.0,0
TSK-1230,EMP-52,0,0.0,0
TSK-1230,EMP-67,0,0.0,0
TSK-1230,EMP-14,0,0.0,0
TSK-1230,EMP-44,0,0.0,0
TSK-1230,EMP-6,0,0.0,0
TSK-1230,EMP-62,0,0.0,0
TSK-1230,EMP-8,0,0.3,0
TSK-1231,EMP-21,1,0.4266666666666667,0
TSK-1231,EMP-18,0,0.0,0
TSK-1231,EMP-48,0,0.0,0
TSK-1231,EMP-31,0,0.09333333333333334,0
TSK-1231,EMP-28,0,0.016666666666666666,0
TSK-1231,EMP-16,0,0.0,0
TSK-1231,EMP-45,0,0.0,0
TSK-1231,EMP-42,0,0.0,0
TSK-1231,EMP-41,0,0.0,0
TSK-1231,EMP-14,0,0.0,0
TSK-1231,EMP-51,0,0.0,0
TSK-1231,EMP-68,0,0.0,0
TSK-1231,EMP-20,0,0.0,0
TSK-1231,EMP-10,0,0.12,0
TSK-1231,EMP-15,0,0.013333333333333334,0
TSK-1231,EMP-27,0,0.0,0
TSK-1231,EMP-40,0,0.0,0
TSK-1231,EMP-57,0,0.0,0
TSK-1231,EMP-8,0,0.13,0
TSK-1231,EMP-22,0,0.14,0
TSK-1231,EMP-65,0,0.0,0
TSK-1233,EMP-7,1,0.63,1
TSK-1233,EMP-6,0,0.0,0
TSK-1233,EMP-31,0,0.13666666666666666,0
TSK-1233,EMP-58,0,0.0,0
TSK-1233,EMP-62,0,0.0,0
TSK-1233,EMP-41,0,0.0,0
TSK-1233,EMP-11,0,0.2833333333333333,0
TSK-1233,EMP-52,0,0.0,0
TSK-1233,EMP-4,0,0.0,0
TSK-1233,EMP-57,0,0.0,0
TSK-1233,EMP-42,0,0.0,0
TSK-1233,EMP-20,0,0.0,0
TSK-1233,EMP-45,0,0.0,0
TSK-1233,EMP-27,0,0.0,0
TSK-1233,EMP-32,0,0.0,0
TSK-1233,EMP-15,0,0.0,0
TSK-1233,EMP-67,0,0.0,0
TSK-1233,EMP-12,0,0.0,0
TSK-1233,EMP-46,0,0.0,0
TSK-1233,EMP-24,0,0.0,0
TSK-1233,EMP-59,0,0.0,0
TSK-1247,EMP-16,1,0.9733333333333334,1
TSK-1247,EMP-25,0,0.0,0
TSK-1247,EMP-45,0,0.0,0
TSK-1247,EMP-63,0,0.0,0
TSK-1247,EMP-41,0,0.0,0
TSK-1247,EMP-50,0,0.0,0
TSK-1247,EMP-67,0,0.0,0
TSK-1247,EMP-18,0,0.0,0
TSK-1247,EMP-1,0,0.0,0
TSK-1247,EMP-7,0,0.0,0
TSK-1247,EMP-29,0,0.0,0
TSK-1247,EMP-10,0,0.0033333333333333335,0
TSK-1247,EMP-55,0,0.0,0
TSK-1247,EMP-52,0,0.0,0
TSK-1247,EMP-30,0,0.0,0
TSK-1247,EMP-56,0,0.0,0
TSK-1247,EMP-22,0,0.0,0
TSK-1247,EMP-8,0,0.18,0
TSK-1247,EMP-57,0,0.0,0
TSK-1247,EMP-9,0,0.0,0
TSK-1247,EMP-27,0,0.0,0
TSK-1258,EMP-31,1,0.77,1
TSK-1258,EMP-25,0,0.0,0
TSK-1258,EMP-50,0,0.2,0
TSK-1258,EMP-10,0,0.23333333333333334,0
TSK-1258,EMP-45,0,0.0033333333333333335,0
TSK-1258,EMP-11,0,0.02666666666666667,0
TSK-1258,EMP-63,0,0.02,0
TSK-1258,EMP-32,0,0.07,0
TSK-1258,EMP-4,0,0.0,0
TSK-1258,EMP-30,0,0.0,0
TSK-1258,EMP-5,0,0.006666666666666667,0
TSK-1258,EMP-48,0,0.0,0
TSK-1258,EMP-66,0,0.0,0
TSK-1258,EMP-52,0,0.0,0
TSK-1258,EMP-9,0,0.0,0
TSK-1258,EMP-17,0,0.0,0
TSK-1258,EMP-16,0,0.0,0
TSK-1258,EMP-44,0,0.0,0
TSK-1258,EMP-41,0,0.0,0
TSK-1258,EMP-28,0,0.23666666666666666,0
TSK-1258,EMP-42,0,0.0,0
TSK-1269,EMP-28,1,0.16,0
TSK-1269,EMP-40,0,0.0,0
TSK-1269,EMP-8,0,0.15333333333333332,0
TSK-1269,EMP-66,0,0.0,0
TSK-1269,EMP-68,0,0.0,0
TSK-1269,EMP-42,0,0.0,0
TSK-1269,EMP-62,0,0.0,0
TSK-1269,EMP-45,0,0.0,0
TSK-1269,EMP-14,0,0.0,0
TSK-1269,EMP-9,0,0.0,0
TSK-1269,EMP-4,0,0.0,0
TSK-1269,EMP-49,0,0.0,0
TSK-1269,EMP-67,0,0.0,0
TSK-1269,EMP-46,0,0.0,0
TSK-1269,EMP-57,0,0.0,0
TSK-1269,EMP-15,0,0.0,0
TSK-1269,EMP-63,0,0.0,0
TSK-1269,EMP-6,0,0.0,0
TSK-1269,EMP-16,0,0.0,0
TSK-1269,EMP-55,0,0.0,0
TSK-1269,EMP-12,0,0.0,0
TSK-1276,EMP-16,1,0.9966666666666667,1
TSK-1276,EMP-46,0,0.0,0
TSK-1276,EMP-30,0,0.0,0
TSK-1276,EMP-62,0,0.0,0
TSK-1276,EMP-28,0,0.0,0
TSK-1276,EMP-65,0,0.0,0
TSK-1276,EMP-63,0,0.0,0
TSK-1276,EMP-55,0,0.0,0
TSK-1276,EMP-17,0,0.0,0
TSK-1276,EMP-5,0,0.0,0
TSK-1276,EMP-52,0,0.0,0
TSK-1276,EMP-50,0,0.0,0
TSK-1276,EMP-59,0,0.0,0
TSK-1276,EMP-56,0,0.0,0
TSK-1276,EMP-14,0,0.0,0
TSK-1276,EMP-9,0,0.0,0
TSK-1276,EMP-49,0,0.0,0
TSK-1276,EMP-42,0,0.0,0
TSK-1276,EMP-8,0,0.37,0
TSK-1276,EMP-7,0,0.0033333333333333335,0
TSK-1276,EMP-4,0,0.18666666666666668,0
TSK-1295,EMP-29,1,0.7833333333333333,1
TSK-1295,EMP-65,0,0.0,0
TSK-1295,EMP-5,0,0.15333333333333332,0
TSK-1295,EMP-58,0,0.0,0
TSK-1295,EMP-11,0,0.0033333333333333335,0
TSK-1295,EMP-18,0,0.0,0
TSK-1295,EMP-6,0,0.0033333333333333335,0
TSK-1295,EMP-25,0,0.0,0
TSK-1295,EMP-45,0,0.0033333333333333335,0
TSK-1295,EMP-21,0,0.0,0
TSK-1295,EMP-10,0,0.0,0
TSK-1295,EMP-15,0,0.006666666666666667,0
TSK-1295,EMP-24,0,0.0,0
TSK-1295,EMP-32,0,0.0,0
TSK-1295,EMP-16,0,0.16333333333333333,0
TSK-1295,EMP-30,0,0.0,0
TSK-1295,EMP-52,0,0.0,0
TSK-1295,EMP-46,0,0.0,0
TSK-1295,EMP-8,0,0.0033333333333333335,0
TSK-1295,EMP-4,0,0.0,0
TSK-1295,EMP-44,0,0.0,0
TSK-1303,EMP-22,1,0.41,0
TSK-1303,EMP-52,0,0.0,0
TSK-1303,EMP-45,0,0.0033333333333333335,0
TSK-1303,EMP-7,0,0.04,0
TSK-1303,EMP-15,0,0.0033333333333333335,0
TSK-1303,EMP-41,0,0.0033333333333333335,0
TSK-1303,EMP-44,0,0.0,0
TSK-1303,EMP-58,0,0.0,0
TSK-1303,EMP-48,0,0.0,0
TSK-1303,EMP-18,0,0.0,0
TSK-1303,EMP-20,0,0.0,0
TSK-1303,EMP-14,0,0.0,0
TSK-1303,EMP-34,0,0.0,0
TSK-1303,EMP-65,0,0.0,0
TSK-1303,EMP-11,0,0.02666666666666667,0
TSK-1303,EMP-42,0,0.0,0
TSK-1303,EMP-29,0,0.0,0
TSK-1303,EMP-50,0,0.0,0
TSK-1303,EMP-24,0,0.0,0
TSK-1303,EMP-30,0,0.0,0
TSK-1303,EMP-66,0,0.0,0
TSK-1321,EMP-8,1,0.5266666666666666,1
TSK-1321,EMP-32,0,0.0,0
TSK-1321,EMP-14,0,0.0,0
TSK-1321,EMP-12,0,0.0,0
TSK-1321,EMP-44,0,0.0,0
TSK-1321,EMP-25,0,0.0,0
TSK-1321,EMP-22,0,0.0,0
TSK-1321,EMP-16,0,0.8433333333333334,1
TSK-1321,EMP-59,0,0.0,0
TSK-1321,EMP-34,0,0.0,0
TSK-1321,EMP-10,0,0.0,0
TSK-1321,EMP-7,0,0.0,0
TSK-1321,EMP-57,0,0.0,0
TSK-1321,EMP-67,0,0.0,0
TSK-1321,EMP-58,0,0.0,0
TSK-1321,EMP-52,0,0.0,0
TSK-1321,EMP-31,0,0.0,0
TSK-1321,EMP-5,0,0.0,0
TSK-1321,EMP-20,0,0.0,0
TSK-1321,EMP-1,0,0.0,0
TSK-1321,EMP-46,0,0.0,0
TSK-1327,EMP-22,1,0.29333333333333333,0
TSK-1327,EMP-14,0,0.0,0
TSK-1327,EMP-9,0,0.0,0
TSK-1327,EMP-29,0,0.0,0
TSK-1327,EMP-49,0,0.0,0
TSK-1327,EMP-65,0,0.0,0
TSK-1327,EMP-21,0,0.36333333333333334,0
TSK-1327,EMP-45,0,0.0,0
TSK-1327,EMP-52,0,0.0,0
TSK-1327,EMP-32,0,0.0,0
TSK-1327,EMP-10,0,0.23,0
TSK-1327,EMP-51,0,0.0,0
TSK-1327,EMP-66,0,0.0,0
TSK-1327,EMP-1,0,0.0,0
TSK-1327,EMP-56,0,0.0,0
TSK-1327,EMP-44,0,0.0033333333333333335,0
TSK-1327,EMP-12,0,0.0,0
TSK-1327,EMP-46,0,0.0,0
TSK-1327,EMP-40,0,0.0033333333333333335,0
TSK-1327,EMP-17,0,0.0,0
TSK-1327,EMP-62,0,0.0,0
TSK-134,EMP-27,1,0.36333333333333334,0
TSK-134,EMP-52,0,0.0,0
TSK-134,EMP-34,0,0.0,0
TSK-134,EMP-45,0,0.0,0
TSK-134,EMP-51,0,0.0033333333333333335,0
TSK-134,EMP-32,0,0.0,0
TSK-134,EMP-50,0,0.0,0
TSK-134,EMP-58,0,0.0,0
TSK-134,EMP-25,0,0.0,0
TSK-134,EMP-67,0,0.0,0
TSK-134,EMP-46,0,0.0,0
TSK-134,EMP-17,0,0.43,0
TSK-134,EMP-8,0,0.0033333333333333335,0
TSK-134,EMP-10,0,0.0,0
TSK-134,EMP-28,0,0.0,0
TSK-134,EMP-48,0,0.0,0
TSK-134,EMP-11,0,0.0033333333333333335,0
TSK-134,EMP-14,0,0.5866666666666667,1
TSK-134,EMP-6,0,0.0,0
TSK-134,EMP-31,0,0.0,0
TSK-134,EMP-16,0,0.006666666666666667,0
TSK-1345,EMP-24,1,0.22,0
TSK-1345,EMP-28,0,0.016666666666666666,0
TSK-1345,EMP-1,0,0.0,0
TSK-1345,EMP-55,0,0.05,0
TSK-1345,EMP-63,0,0.0,0
TSK-1345,EMP-8,0,0.16333333333333333,0
TSK-1345,EMP-46,0,0.006666666666666667,0
TSK-1345,EMP-6,0,0.043333333333333335,0
TSK-1345,EMP-58,0,0.0,0
TSK-1345,EMP-50,0,0.0,0
TSK-1345,EMP-44,0,0.0,0
TSK-1345,EMP-11,0,0.05333333333333334,0
TSK-1345,EMP-21,0,0.03,0
TSK-1345,EMP-62,0,0.0,0
TSK-1345,EMP-48,0,0.06666666666666667,0
TSK-1345,EMP-5,0,0.5166666666666667,1
TSK-1345,EMP-51,0,0.0,0
TSK-1345,EMP-67,0,0.0,0
TSK-1345,EMP-42,0,0.006666666666666667,0
TSK-1345,EMP-40,0,0.0033333333333333335,0
TSK-1345,EMP-27,0,0.016666666666666666,0
TSK-1350,EMP-11,1,0.75,1
TSK-1350,EMP-45,0,0.23666666666666666,0
TSK-1350,EMP-44,0,0.0,0
TSK-1350,EMP-51,0,0.0033333333333333335,0
TSK-1350,EMP-50,0,0.0,0
TSK-1350,EMP-7,0,0.013333333333333334,0
TSK-1350,EMP-46,0,0.0,0
TSK-1350,EMP-52,0,0.0033333333333333335,0
TSK-1350,EMP-24,0,0.0,0
TSK-1350,EMP-15,0,0.0,0
TSK-1350,EMP-55,0,0.0,0
TSK-1350,EMP-68,0,0.0,0
TSK-1350,EMP-25,0,0.0,0
TSK-1350,EMP-42,0,0.0,0
TSK-1350,EMP-1,0,0.0,0
TSK-1350,EMP-56,0,0.0,0
TSK-1350,EMP-63,0,0.0,0
TSK-1350,EMP-27,0,0.0,0
TSK-1350,EMP-22,0,0.0,0
TSK-1350,EMP-66,0,0.0,0
TSK-1350,EMP-5,0,0.15666666666666668,0
TSK-1354,EMP-4,1,0.81,1
TSK-1354,EMP-57,0,0.0,0
TSK-1354,EMP-5,0,0.016666666666666666,0
TSK-1354,EMP-52,0,0.0,0
TSK-1354,EMP-32,0,0.0033333333333333335,0
TSK-1354,EMP-16,0,0.013333333333333334,0
TSK-1354,EMP-66,0,0.0,0
TSK-1354,EMP-9,0,0.006666666666666667,0
TSK-1354,EMP-55,0,0.0033333333333333335,0
TSK-1354,EMP-41,0,0.01,0
TSK-1354,EMP-51,0,0.0,0
TSK-1354,EMP-12,0,0.0033333333333333335,0
TSK-1354,EMP-59,0,0.0,0
TSK-1354,EMP-17,0,0.04,0
TSK-1354,EMP-49,0,0.0,0
TSK-1354,EMP-8,0,0.006666666666666667,0
TSK-1354,EMP-50,0,0.0,0
TSK-1354,EMP-1,0,0.0,0
TSK-1354,EMP-7,0,0.0033333333333333335,0
TSK-1354,EMP-58,0,0.0,0
TSK-1354,EMP-56,0,0.0,0
TSK-1359,EMP-21,1,0.02,0
TSK-1359,EMP-49,0,0.0,0
TSK-1359,EMP-29,0,0.0,0
TSK-1359,EMP-1,0,0.0,0
TSK-1359,EMP-8,0,0.01,0
TSK-1359,EMP-6,0,0.18,0
TSK-1359,EMP-24,0,0.0,0
TSK-1359,EMP-63,0,0.0,0
TSK-1359,EMP-27,0,0.0,0
TSK-1359,EMP-9,0,0.0,0
TSK-1359,EMP-11,0,0.15333333333333332,0
TSK-1359,EMP-7,0,0.2866666666666667,0
TSK-1359,EMP-51,0,0.0,0
TSK-1359,EMP-42,0,0.0,0
TSK-1359,EMP-20,0,0.0,0
TSK-1359,EMP-59,0,0.0,0
TSK-1359,EMP-57,0,0.0,0
TSK-1359,EMP-52,0,0.0,0
TSK-1359,EMP-32,0,0.0,0
TSK-1359,EMP-46,0,0.0,0
TSK-1359,EMP-25,0,0.0,0
TSK-1361,EMP-16,1,0.49,0
TSK-1361,EMP-62,0,0.0,0
TSK-1361,EMP-7,0,0.0,0
TSK-1361,EMP-32,0,0.006666666666666667,0
TSK-1361,EMP-45,0,0.0033333333333333335,0
TSK-1361,EMP-15,0,0.0,0
TSK-1361,EMP-51,0,0.006666666666666667,0
TSK-1361,EMP-25,0,0.0033333333333333335,0
TSK-1361,EMP-56,0,0.0,0
TSK-1361,EMP-59,0,0.0,0
TSK-1361,EMP-48,0,0.0,0
TSK-1361,EMP-41,0,0.0033333333333333335,0
TSK-1361,EMP-52,0,0.0,0
TSK-1361,EMP-21,0,0.0,0
TSK-1361,EMP-55,0,0.0033333333333333335,0
TSK-1361,EMP-17,0,0.7366666666666667,1
TSK-1361,EMP-6,0,0.0033333333333333335,0
TSK-1361,EMP-44,0,0.0033333333333333335,0
TSK-1361,EMP-29,0,0.006666666666666667,0
TSK-1361,EMP-34,0,0.0033333333333333335,0
TSK-1361,EMP-20,0,0.0033333333333333335,0
TSK-1364,EMP-16,1,0.77,1
TSK-1364,EMP-1,0,0.0,0
TSK-1364,EMP-51,0,0.0,0
TSK-1364,EMP-10,0,0.0033333333333333335,0
TSK-1364,EMP-67,0,0.0,0
TSK-1364,EMP-30,0,0.0,0
TSK-1364,EMP-46,0,0.0,0
TSK-1364,EMP-12,0,0.0,0
TSK-1364,EMP-34,0,0.0,0
TSK-1364,EMP-18,0,0.0,0
TSK-1364,EMP-56,0,0.0,0
TSK-1364,EMP-41,0,0.0,0
TSK-1364,EMP-40,0,0.0,0
TSK-1364,EMP-49,0,0.0,0
TSK-1364,EMP-9,0,0.0,0
TSK-1364,EMP-48,0,0.0,0
TSK-1364,EMP-31,0,0.0,0
TSK-1364,EMP-8,0,0.8366666666666667,1
TSK-1364,EMP-24,0,0.0,0
TSK-1364,EMP-11,0,0.0,0
TSK-1364,EMP-50,0,0.0,0
TSK-1383,EMP-10,1,0.58,1
TSK-1383,EMP-30,0,0.0,0
TSK-1383,EMP-62,0,0.0,0
TSK-1383,EMP-18,0,0.0,0
TSK-1383,EMP-68,0,0.0,0
TSK-1383,EMP-56,0,0.0,0
TSK-1383,EMP-28,0,0.07666666666666666,0
TSK-1383,EMP-24,0,0.0,0
TSK-1383,EMP-41,0,0.0,0
TSK-1383,EMP-45,0,0.0033333333333333335,0
TSK-1383,EMP-58,0,0.0,0
TSK-1383,EMP-25,0,0.0,0
TSK-1383,EMP-16,0,0.0,0
TSK-1383,EMP-55,0,0.0,0
TSK-1383,EMP-21,0,0.3433333333333333,0
TSK-1383,EMP-9,0,0.0,0
TSK-1383,EMP-42,0,0.0,0
TSK-1383,EMP-66,0,0.0,0
TSK-1383,EMP-29,0,0.0,0
TSK-1383,EMP-52,0,0.0,0
TSK-1383,EMP-7,0,0.14333333333333334,0
TSK-1393,EMP-17,1,0.17333333333333334,0
TSK-1393,EMP-27,1,0.26666666666666666,0
TSK-1393,EMP-31,1,0.14666666666666667,0
TSK-1393,EMP-29,1,0.04666666666666667,0
TSK-1393,EMP-5,1,0.9033333333333333,1
TSK-1393,EMP-57,0,0.0,0
TSK-1393,EMP-21,0,0.04,0
TSK-1393,EMP-24,0,0.03333333333333333,0
TSK-1393,EMP-14,0,0.013333333333333334,0
TSK-1393,EMP-63,0,0.03666666666666667,0
TSK-1393,EMP-68,0,0.013333333333333334,0
TSK-1393,EMP-62,0,0.01,0
TSK-1393,EMP-50,0,0.0,0
TSK-1393,EMP-67,0,0.0033333333333333335,0
TSK-1393,EMP-42,0,0.12,0
TSK-1393,EMP-6,0,0.02666666666666667,0
TSK-1393,EMP-32,0,0.0033333333333333335,0
TSK-1393,EMP-8,0,0.30666666666666664,0
TSK-1393,EMP-66,0,0.0,0
TSK-1393,EMP-55,0,0.03666666666666667,0
TSK-1393,EMP-52,0,0.15333333333333332,0
TSK-1393,EMP-15,0,0.0,0
TSK-1393,EMP-18,0,0.0,0
TSK-1393,EMP-56,0,0.0,0
TSK-1393,EMP-59,0,0.0,0
TSK-1399,EMP-4,1,0.5233333333333333,1
TSK-1399,EMP-40,0,0.0,0
TSK-1399,EMP-21,0,0.0,0
TSK-1399,EMP-50,0,0.0033333333333333335,0
TSK-1399,EMP-67,0,0.0,0
TSK-1399,EMP-56,0,0.0,0
TSK-1399,EMP-11,0,0.013333333333333334,0
TSK-1399,EMP-22,0,0.0,0
TSK-1399,EMP-25,0,0.0,0
TSK-1399,EMP-68,0,0.0,0
TSK-1399,EMP-20,0,0.0,0
TSK-1399,EMP-52,0,0.0,0
TSK-1399,EMP-1,0,0.0,0
TSK-1399,EMP-18,0,0.0033333333333333335,0
TSK-1399,EMP-29,0,0.0,0
TSK-1399,EMP-57,0,0.0,0
TSK-1399,EMP-44,0,0.0,0
TSK-1399,EMP-8,0,0.02,0
TSK-1399,EMP-41,0,0.0,0
TSK-1399,EMP-6,0,0.0033333333333333335,0
TSK-1399,EMP-49,0,0.0,0
TSK-1404,EMP-16,1,0.9833333333333333,1
TSK-1404,EMP-49,0,0.0,0
TSK-1404,EMP-14,0,0.0,0
TSK-1404,EMP-20,0,0.0,0
TSK-1404,EMP-34,0,0.0,0
TSK-1404,EMP-31,0,0.0,0
TSK-1404,EMP-11,0,0.0,0
TSK-1404,EMP-59,0,0.0,0
TSK-1404,EMP-51,0,0.0,0
TSK-1404,EMP-55,0,0.0,0
TSK-1404,EMP-22,0,0.0,0
TSK-1404,EMP-27,0,0.0,0
TSK-1404,EMP-6,0,0.0,0
TSK-1404,EMP-66,0,0.0,0
TSK-1404,EMP-56,0,0.0,0
TSK-1404,EMP-30,0,0.0,0
TSK-1404,EMP-65,0,0.0,0
TSK-1404,EMP-57,0,0.0,0
TSK-1404,EMP-41,0,0.0,0
TSK-1404,EMP-17,0,0.0,0
TSK-1404,EMP-50,0,0.0,0
TSK-1414,EMP-17,1,0.2966666666666667,0
TSK-1414,EMP-10,0,0.03666666666666667,0
TSK-1414,EMP-25,0,0.0,0
TSK-1414,EMP-63,0,0.20333333333333334,0
TSK-1414,EMP-16,0,0.016666666666666666,0
TSK-1414,EMP-56,0,0.0,0
TSK-1414,EMP-11,0,0.18,0
TSK-1414,EMP-48,0,0.0,0
TSK-1414,EMP-65,0,0.0,0
TSK-1414,EMP-32,0,0.08666666666666667,0
TSK-1414,EMP-44,0,0.0,0
TSK-1414,EMP-30,0,0.0033333333333333335,0
TSK-1414,EMP-4,0,0.01,0
TSK-1414,EMP-12,0,0.0033333333333333335,0
TSK-1414,EMP-24,0,0.0,0
TSK-1414,EMP-5,0,0.48333333333333334,0
TSK-1414,EMP-50,0,0.0,0
TSK-1414,EMP-40,0,0.15666666666666668,0
TSK-1414,EMP-15,0,0.0,0
TSK-1414,EMP-62,0,0.0,0
TSK-1414,EMP-66,0,0.0,0
TSK-1415,EMP-17,1,0.7933333333333333,1
TSK-1415,EMP-29,0,0.0,0
TSK-1415,EMP-32,0,0.11666666666666667,0
TSK-1415,EMP-21,0,0.02,0
TSK-1415,EMP-48,0,0.0,0
TSK-1415,EMP-16,0,0.0033333333333333335,0
TSK-1415,EMP-8,0,0.12,0
TSK-1415,EMP-46,0,0.0,0
TSK-1415,EMP-14,0,0.0,0
TSK-1415,EMP-67,0,0.0,0
TSK-1415,EMP-24,0,0.0,0
TSK-1415,EMP-58,0,0.0,0
TSK-1415,EMP-44,0,0.0,0
TSK-1415,EMP-12,0,0.0,0
TSK-1415,EMP-52,0,0.0,0
TSK-1415,EMP-30,0,0.0,0
TSK-1415,EMP-31,0,0.12666666666666668,0
TSK-1415,EMP-63,0,0.21666666666666667,0
TSK-1415,EMP-65,0,0.0,0
TSK-1415,EMP-57,0,0.0,0
TSK-1415,EMP-59,0,0.0,0
TSK-1420,EMP-17,1,0.88,1
TSK-1420,EMP-20,0,0.0,0
TSK-1420,EMP-24,0,0.0033333333333333335,0
TSK-1420,EMP-30,0,0.0033333333333333335,0
TSK-1420,EMP-59,0,0.0033333333333333335,0
TSK-1420,EMP-66,0,0.0,0
TSK-1420,EMP-9,0,0.0033333333333333335,0
TSK-1420,EMP-46,0,0.0,0
TSK-1420,EMP-56,0,0.0,0
TSK-1420,EMP-34,0,0.0,0
TSK-1420,EMP-40,0,0.03333333333333333,0
TSK-1420,EMP-18,0,0.0,0
TSK-1420,EMP-22,0,0.03666666666666667,0
TSK-1420,EMP-62,0,0.0,0
TSK-1420,EMP-49,0,0.0,0
TSK-1420,EMP-55,0,0.0,0
TSK-1420,EMP-1,0,0.0,0
TSK-1420,EMP-10,0,0.02666666666666667,0
TSK-1420,EMP-41,0,0.3333333333333333,0
TSK-1420,EMP-48,0,0.0,0
TSK-1420,EMP-8,0,0.07,0
TSK-1431,EMP-41,1,0.47333333333333333,0
TSK-1431,EMP-42,1,0.74,1
TSK-1431,EMP-17,1,0.5366666666666666,1
TSK-1431,EMP-51,0,0.0033333333333333335,0
TSK-1431,EMP-48,0,0.0,0
TSK-1431,EMP-62,0,0.006666666666666667,0
TSK-1431,EMP-50,0,0.0033333333333333335,0
TSK-1431,EMP-1,0,0.0,0
TSK-1431,EMP-44,0,0.006666666666666667,0
TSK-1431,EMP-9,0,0.01,0
TSK-1431,EMP-18,0,0.0033333333333333335,0
TSK-1431,EMP-67,0,0.0,0
TSK-1431,EMP-40,0,0.13,0
TSK-1431,EMP-58,0,0.0,0
TSK-1431,EMP-4,0,0.0,0
TSK-1431,EMP-34,0,0.0033333333333333335,0
TSK-1431,EMP-10,0,0.13333333333333333,0
TSK-1431,EMP-46,0,0.0,0
TSK-1431,EMP-5,0,0.31,0
TSK-1431,EMP-7,0,0.10333333333333333,0
TSK-1431,EMP-49,0,0.0033333333333333335,0
TSK-1431,EMP-66,0,0.0,0
TSK-1431,EMP-28,0,0.16333333333333333,0
TSK-1442,EMP-7,1,0.41,0
TSK-1442,EMP-14,0,0.0,0
TSK-1442,EMP-46,0,0.0,0
TSK-1442,EMP-11,0,0.06,0
TSK-1442,EMP-59,0,0.12333333333333334,0
TSK-1442,EMP-65,0,0.0033333333333333335,0
TSK-1442,EMP-67,0,0.006666666666666667,0
TSK-1442,EMP-12,0,0.0,0
TSK-1442,EMP-1,0,0.0,0
TSK-1442,EMP-57,0,0.023333333333333334,0
TSK-1442,EMP-15,0,0.0,0
TSK-1442,EMP-4,0,0.0,0
TSK-1442,EMP-25,0,0.0,0
TSK-1442,EMP-62,0,0.013333333333333334,0
TSK-1442,EMP-51,0,0.0,0
TSK-1442,EMP-42,0,0.0033333333333333335,0
TSK-1442,EMP-20,0,0.0033333333333333335,0
TSK-1442,EMP-31,0,0.42333333333333334,0
TSK-1442,EMP-18,0,0.006666666666666667,0
TSK-1442,EMP-28,0,0.4033333333333333,0
TSK-1442,EMP-32,0,0.10666666666666667,0
TSK-1470,EMP-28,1,0.5766666666666667,1
TSK-1470,EMP-68,0,0.0,0
TSK-1470,EMP-5,0,0.006666666666666667,0
TSK-1470,EMP-27,0,0.023333333333333334,0
TSK-1470,EMP-52,0,0.0,0
TSK-1470,EMP-16,0,0.0,0
TSK-1470,EMP-25,0,0.0,0
TSK-1470,EMP-18,0,0.0,0
TSK-1470,EMP-65,0,0.0,0
TSK-1470,EMP-32,0,0.0,0
TSK-1470,EMP-1,0,0.0,0
TSK-1470,EMP-11,0,0.21666666666666667,0
TSK-1470,EMP-58,0,0.0,0
TSK-1470,EMP-10,0,0.08,0
TSK-1470,EMP-57,0,0.0033333333333333335,0
TSK-1470,EMP-6,0,0.0,0
TSK-1470,EMP-4,0,0.0,0
TSK-1470,EMP-14,0,0.0,0
TSK-1470,EMP-7,0,0.12,0
TSK-1470,EMP-59,0,0.0,0
TSK-1470,EMP-42,0,0.0,0
TSK-1482,EMP-8,1,0.79,1
TSK-1482,EMP-20,0,0.0,0
TSK-1482,EMP-5,0,0.006666666666666667,0
TSK-1482,EMP-28,0,0.0,0
TSK-1482,EMP-65,0,0.0,0
TSK-1482,EMP-59,0,0.0,0
TSK-1482,EMP-7,0,0.2,0
TSK-1482,EMP-42,0,0.0033333333333333335,0
TSK-1482,EMP-40,0,0.0,0
TSK-1482,EMP-55,0,0.0,0
TSK-1482,EMP-18,0,0.0,0
TSK-1482,EMP-1,0,0.0,0
TSK-1482,EMP-63,0,0.0,0
TSK-1482,EMP-46,0,0.0,0
TSK-1482,EMP-32,0,0.0,0
TSK-1482,EMP-49,0,0.0,0
TSK-1482,EMP-41,0,0.0,0
TSK-1482,EMP-56,0,0.0,0
TSK-1482,EMP-66,0,0.0,0
TSK-1482,EMP-50,0,0.0,0
TSK-1482,EMP-24,0,0.0,0
TSK-1484,EMP-8,1,0.71,1
TSK-1484,EMP-56,0,0.0,0
TSK-1484,EMP-14,0,0.0,0
TSK-1484,EMP-41,0,0.0,0
TSK-1484,EMP-24,0,0.0,0
TSK-1484,EMP-65,0,0.0,0
TSK-1484,EMP-52,0,0.0,0
TSK-1484,EMP-18,0,0.0,0
TSK-1484,EMP-4,0,0.01,0
TSK-1484,EMP-27,0,0.0033333333333333335,0
TSK-1484,EMP-55,0,0.0,0
TSK-1484,EMP-20,0,0.0,0
TSK-1484,EMP-7,0,0.23333333333333334,0
TSK-1484,EMP-58,0,0.0,0
TSK-1484,EMP-62,0,0.0,0
TSK-1484,EMP-6,0,0.0033333333333333335,0
TSK-1484,EMP-51,0,0.0,0
TSK-1484,EMP-46,0,0.0,0
TSK-1484,EMP-15,0,0.0,0
TSK-1484,EMP-67,0,0.0,0
TSK-1484,EMP-31,0,0.0033333333333333335,0
TSK-1492,EMP-5,1,0.7266666666666667,1
TSK-1492,EMP-55,1,0.016666666666666666,0
TSK-1492,EMP-25,0,0.0,0
TSK-1492,EMP-9,0,0.006666666666666667,0
TSK-1492,EMP-44,0,0.0033333333333333335,0
TSK-1492,EMP-22,0,0.13333333333333333,0
TSK-1492,EMP-28,0,0.07666666666666666,0
TSK-1492,EMP-24,0,0.0,0
TSK-1492,EMP-52,0,0.0,0
TSK-1492,EMP-15,0,0.023333333333333334,0
TSK-1492,EMP-63,0,0.0,0
TSK-1492,EMP-40,0,0.41,0
TSK-1492,EMP-30,0,0.0033333333333333335,0
TSK-1492,EMP-10,0,0.10666666666666667,0
TSK-1492,EMP-1,0,0.0033333333333333335,0
TSK-1492,EMP-8,0,0.09333333333333334,0
TSK-1492,EMP-46,0,0.25333333333333335,0
TSK-1492,EMP-21,0,0.13,0
TSK-1492,EMP-7,0,0.06666666666666667,0
TSK-1492,EMP-49,0,0.01,0
TSK-1492,EMP-45,0,0.14333333333333334,0
TSK-1492,EMP-65,0,0.13333333333333333,0
TSK-1493,EMP-11,1,0.83,1
TSK-1493,EMP-15,0,0.006666666666666667,0
TSK-1493,EMP-29,0,0.0,0
TSK-1493,EMP-56,0,0.0033333333333333335,0
TSK-1493,EMP-9,0,0.0,0
TSK-1493,EMP-67,0,0.0033333333333333335,0
TSK-1493,EMP-63,0,0.0033333333333333335,0
TSK-1493,EMP-51,0,0.0,0
TSK-1493,EMP-59,0,0.0033333333333333335,0
TSK-1493,EMP-27,0,0.006666666666666667,0
TSK-1493,EMP-20,0,0.0,0
TSK-1493,EMP-31,0,0.0033333333333333335,0
TSK-1493,EMP-28,0,0.006666666666666667,0
TSK-1493,EMP-55,0,0.0,0
TSK-1493,EMP-52,0,0.0,0
TSK-1493,EMP-10,0,0.016666666666666666,0
TSK-1493,EMP-42,0,0.0,0
TSK-1493,EMP-49,0,0.0,0
TSK-1493,EMP-6,0,0.03333333333333333,0
TSK-1493,EMP-17,0,0.0,0
TSK-1493,EMP-44,0,0.0,0
TSK-1495,EMP-4,1,0.71,1
TSK-1495,EMP-24,0,0.0,0
TSK-1495,EMP-10,0,0.0033333333333333335,0
TSK-1495,EMP-67,0,0.0,0
TSK-1495,EMP-22,0,0.0,0
TSK-1495,EMP-62,0,0.0,0
TSK-1495,EMP-68,0,0.0,0
TSK-1495,EMP-31,0,0.0033333333333333335,0
TSK-1495,EMP-44,0,0.0,0
TSK-1495,EMP-45,0,0.006666666666666667,0
TSK-1495,EMP-41,0,0.0,0
TSK-1495,EMP-51,0,0.0,0
TSK-1495,EMP-20,0,0.0,0
TSK-1495,EMP-6,0,0.0,0
TSK-1495,EMP-17,0,0.0,0
TSK-1495,EMP-59,0,0.0,0
TSK-1495,EMP-27,0,0.0033333333333333335,0
TSK-1495,EMP-12,0,0.0,0
TSK-1495,EMP-65,0,0.0,0
TSK-1495,EMP-1,0,0.0,0
TSK-1495,EMP-55,0,0.0,0
TSK-1505,EMP-4,1,0.06,0
TSK-1505,EMP-16,1,0.9933333333333333,1
TSK-1505,EMP-42,0,0.0,0
TSK-1505,EMP-8,0,0.1,0
TSK-1505,EMP-41,0,0.0,0
TSK-1505,EMP-20,0,0.0,0
TSK-1505,EMP-44,0,0.0,0
TSK-1505,EMP-59,0,0.0,0
TSK-1505,EMP-7,0,0.0,0
TSK-1505,EMP-51,0,0.0,0
TSK-1505,EMP-34,0,0.0,0
TSK-1505,EMP-27,0,0.0,0
TSK-1505,EMP-68,0,0.0,0
TSK-1505,EMP-24,0,0.0,0
TSK-1505,EMP-14,0,0.0,0
TSK-1505,EMP-6,0,0.0,0
TSK-1505,EMP-65,0,0.0,0
TSK-1505,EMP-56,0,0.0,0
TSK-1505,EMP-50,0,0.0,0
TSK-1505,EMP-18,0,0.0,0
TSK-1505,EMP-12,0,0.0,0
TSK-1505,EMP-11,0,0.02666666666666667,0
TSK-1508,EMP-16,1,0.7766666666666666,1
TSK-1508,EMP-18,0,0.0,0
TSK-1508,EMP-41,0,0.0,0
TSK-1508,EMP-46,0,0.0,0
TSK-1508,EMP-44,0,0.0,0
TSK-1508,EMP-52,0,0.0,0
TSK-1508,EMP-58,0,0.0,0
TSK-1508,EMP-62,0,0.0,0
TSK-1508,EMP-68,0,0.0,0
TSK-1508,EMP-40,0,0.0,0
TSK-1508,EMP-20,0,0.0,0
TSK-1508,EMP-10,0,0.006666666666666667,0
TSK-1508,EMP-22,0,0.0033333333333333335,0
TSK-1508,EMP-6,0,0.08,0
TSK-1508,EMP-48,0,0.0,0
TSK-1508,EMP-24,0,0.0,0
TSK-1508,EMP-67,0,0.0,0
TSK-1508,EMP-59,0,0.0,0
TSK-1508,EMP-21,0,0.05333333333333334,0
TSK-1508,EMP-1,0,0.0,0
TSK-1508,EMP-65,0,0.0033333333333333335,0
TSK-1509,EMP-16,1,0.8933333333333333,1
TSK-1509,EMP-4,0,0.17666666666666667,0
TSK-1509,EMP-62,0,0.0,0
TSK-1509,EMP-58,0,0.0,0
TSK-1509,EMP-31,0,0.03,0
TSK-1509,EMP-21,0,0.0,0
TSK-1509,EMP-6,0,0.0,0
TSK-1509,EMP-28,0,0.0,0
TSK-1509,EMP-41,0,0.0,0
TSK-1509,EMP-57,0,0.0,0
TSK-1509,EMP-51,0,0.0,0
TSK-1509,EMP-30,0,0.0,0
TSK-1509,EMP-59,0,0.0,0
TSK-1509,EMP-32,0,0.0,0
TSK-1509,EMP-34,0,0.0,0
TSK-1509,EMP-12,0,0.0,0
TSK-1509,EMP-50,0,0.0,0
TSK-1509,EMP-63,0,0.0,0
TSK-1509,EMP-67,0,0.0,0
TSK-1509,EMP-55,0,0.0,0
TSK-1509,EMP-29,0,0.0,0
TSK-1528,EMP-27,1,0.7533333333333333,1
TSK-1528,EMP-9,0,0.0,0
TSK-1528,EMP-29,0,0.0,0
TSK-1528,EMP-7,0,0.04666666666666667,0
TSK-1528,EMP-44,0,0.0,0
TSK-1528,EMP-63,0,0.0,0
TSK-1528,EMP-45,0,0.10666666666666667,0
TSK-1528,EMP-5,0,0.21,0
TSK-1528,EMP-16,0,0.0,0
TSK-1528,EMP-1,0,0.006666666666666667,0
TSK-1528,EMP-40,0,0.21,0
TSK-1528,EMP-67,0,0.0,0
TSK-1528,EMP-68,0,0.0,0
TSK-1528,EMP-58,0,0.023333333333333334,0
TSK-1528,EMP-32,0,0.0,0
TSK-1528,EMP-10,0,0.19666666666666666,0
TSK-1528,EMP-31,0,0.18333333333333332,0
TSK-1528,EMP-22,0,0.15666666666666668,0
TSK-1528,EMP-17,0,0.0,0
TSK-1528,EMP-6,0,0.0,0
TSK-1528,EMP-18,0,0.0,0
TSK-1531,EMP-27,1,0.37333333333333335,0
TSK-1531,EMP-8,0,0.02666666666666667,0
TSK-1531,EMP-44,0,0.0,0
TSK-1531,EMP-30,0,0.0,0
TSK-1531,EMP-52,0,0.0,0
TSK-1531,EMP-65,0,0.006666666666666667,0
TSK-1531,EMP-15,0,0.0,0
TSK-1531,EMP-32,0,0.0,0
TSK-1531,EMP-25,0,0.0,0
TSK-1531,EMP-9,0,0.0,0
TSK-1531,EMP-31,0,0.2733333333333333,0
TSK-1531,EMP-10,0,0.15,0
TSK-1531,EMP-42,0,0.0,0
TSK-1531,EMP-55,0,0.0,0
TSK-1531,EMP-28,0,0.06666666666666667,0
TSK-1531,EMP-16,0,0.0,0
TSK-1531,EMP-7,0,0.09333333333333334,0
TSK-1531,EMP-66,0,0.0,0
TSK-1531,EMP-4,0,0.0,0
TSK-1531,EMP-22,0,0.18333333333333332,0
TSK-1531,EMP-67,0,0.0,0
TSK-157,EMP-41,1,0.78,1
TSK-157,EMP-5,0,0.023333333333333334,0
TSK-157,EMP-9,0,0.0,0
TSK-157,EMP-67,0,0.0,0
TSK-157,EMP-15,0,0.0033333333333333335,0
TSK-157,EMP-30,0,0.0,0
TSK-157,EMP-56,0,0.0,0
TSK-157,EMP-52,0,0.0,0
TSK-157,EMP-62,0,0.0,0
TSK-157,EMP-18,0,0.0033333333333333335,0
TSK-157,EMP-10,0,0.0033333333333333335,0
TSK-157,EMP-65,0,0.19666666666666666,0
TSK-157,EMP-59,0,0.0,0
TSK-157,EMP-49,0,0.0033333333333333335,0
TSK-157,EMP-1,0,0.0,0
TSK-157,EMP-25,0,0.0,0
TSK-157,EMP-31,0,0.0,0
TSK-157,EMP-28,0,0.0033333333333333335,0
TSK-157,EMP-27,0,0.0033333333333333335,0
TSK-157,EMP-46,0,0.0,0
TSK-157,EMP-45,0,0.6333333333333333,1
TSK-1572,EMP-28,1,0.38,0
TSK-1572,EMP-22,1,0.12333333333333334,0
TSK-1572,EMP-21,1,0.08666666666666667,0
TSK-1572,EMP-49,0,0.0,0
TSK-1572,EMP-7,0,0.17,0
TSK-1572,EMP-55,0,0.0,0
TSK-1572,EMP-12,0,0.0,0
TSK-1572,EMP-31,0,0.34,0
TSK-1572,EMP-56,0,0.0,0
TSK-1572,EMP-66,0,0.0,0
TSK-1572,EMP-51,0,0.0,0
TSK-1572,EMP-17,0,0.0,0
TSK-1572,EMP-30,0,0.0,0
TSK-1572,EMP-34,0,0.0,0
TSK-1572,EMP-10,0,0.6533333333333333,1
TSK-1572,EMP-29,0,0.0,0
TSK-1572,EMP-25,0,0.0,0
TSK-1572,EMP-40,0,0.09666666666666666,0
TSK-1572,EMP-27,0,0.056666666666666664,0
TSK-1572,EMP-14,0,0.0,0
TSK-1572,EMP-9,0,0.0,0
TSK-1572,EMP-45,0,0.11,0
TSK-1572,EMP-41,0,0.0,0
TSK-1588,EMP-32,1,0.7433333333333333,1
TSK-1588,EMP-52,0,0.0,0
TSK-1588,EMP-31,0,0.0,0
TSK-1588,EMP-40,0,0.0,0
TSK-1588,EMP-41,0,0.0,0
TSK-1588,EMP-62,0,0.0,0
TSK-1588,EMP-25,0,0.0,0
TSK-1588,EMP-5,0,0.03666666666666667,0
TSK-1588,EMP-8,0,0.08333333333333333,0
TSK-1588,EMP-16,0,0.01,0
TSK-1588,EMP-67,0,0.0,0
TSK-1588,EMP-45,0,0.0,0
TSK-1588,EMP-7,0,0.056666666666666664,0
TSK-1588,EMP-6,0,0.0033333333333333335,0
TSK-1588,EMP-11,0,0.12333333333333334,0
TSK-1588,EMP-17,0,0.0033333333333333335,0
TSK-1588,EMP-18,0,0.0,0
TSK-1588,EMP-59,0,0.0,0
TSK-1588,EMP-28,0,0.17333333333333334,0
TSK-1588,EMP-49,0,0.02,0
TSK-1588,EMP-51,0,0.0,0
TSK-159,EMP-41,1,0.5933333333333334,1
TSK-159,EMP-63,0,0.0,0
TSK-159,EMP-8,0,0.006666666666666667,0
TSK-159,EMP-66,0,0.0,0
TSK-159,EMP-56,0,0.0,0
TSK-159,EMP-15,0,0.01,0
TSK-159,EMP-59,0,0.0,0
TSK-159,EMP-25,0,0.0,0
TSK-159,EMP-57,0,0.0,0
TSK-159,EMP-40,0,0.26,0
TSK-159,EMP-6,0,0.0033333333333333335,0
TSK-159,EMP-31,0,0.0,0
TSK-159,EMP-58,0,0.0,0
TSK-159,EMP-12,0,0.5133333333333333,1
TSK-159,EMP-18,0,0.0,0
TSK-159,EMP-42,0,0.01,0
TSK-159,EMP-17,0,0.0,0
TSK-159,EMP-5,0,0.12,0
TSK-159,EMP-65,0,0.07666666666666666,0
TSK-159,EMP-28,0,0.0033333333333333335,0
TSK-159,EMP-45,0,0.46,0
TSK-161,EMP-41,1,0.6566666666666666,1
TSK-161,EMP-46,0,0.006666666666666667,0
TSK-161,EMP-51,0,0.0,0
TSK-161,EMP-50,0,0.0,0
TSK-161,EMP-4,0,0.0,0
TSK-161,EMP-22,0,0.0,0
TSK-161,EMP-58,0,0.0,0
TSK-161,EMP-28,0,0.0,0
TSK-161,EMP-65,0,0.056666666666666664,0
TSK-161,EMP-48,0,0.0,0
TSK-161,EMP-62,0,0.0033333333333333335,0
TSK-161,EMP-14,0,0.0,0
TSK-161,EMP-52,0,0.0,0
TSK-161,EMP-6,0,0.0033333333333333335,0
TSK-161,EMP-24,0,0.0,0
TSK-161,EMP-49,0,0.0033333333333333335,0
TSK-161,EMP-44,0,0.0,0
TSK-161,EMP-1,0,0.0,0
TSK-161,EMP-67,0,0.0,0
TSK-161,EMP-56,0,0.0,0
TSK-161,EMP-68,0,0.0,0
TSK-1611,EMP-5,1,0.43,0
TSK-1611,EMP-20,0,0.0,0
TSK-1611,EMP-21,0,0.07,0
TSK-1611,EMP-40,0,0.05,0
TSK-1611,EMP-1,0,0.0,0
TSK-1611,EMP-51,0,0.0,0
TSK-1611,EMP-56,0,0.0,0
TSK-1611,EMP-48,0,0.09,0
TSK-1611,EMP-9,0,0.11333333333333333,0
TSK-1611,EMP-31,0,0.13333333333333333,0
TSK-1611,EMP-27,0,0.24333333333333335,0
TSK-1611,EMP-6,0,0.03666666666666667,0
TSK-1611,EMP-24,0,0.02,0
TSK-1611,EMP-46,0,0.03333333333333333,0
TSK-1611,EMP-8,0,0.5666666666666667,1
TSK-1611,EMP-4,0,0.13666666666666666,0
TSK-1611,EMP-22,0,0.13,0
TSK-1611,EMP-32,0,0.0033333333333333335,0
TSK-1611,EMP-15,0,0.0,0
TSK-1611,EMP-57,0,0.0,0
TSK-1611,EMP-52,0,0.5333333333333333,1
TSK-1619,EMP-8,1,0.37,0
TSK-1619,EMP-44,0,0.09333333333333334,0
TSK-1619,EMP-55,0,0.43666666666666665,0
TSK-1619,EMP-28,0,0.18333333333333332,0
TSK-1619,EMP-11,0,0.43333333333333335,0
TSK-1619,EMP-68,0,0.14333333333333334,0
TSK-1619,EMP-32,0,0.02666666666666667,0
TSK-1619,EMP-10,0,0.33666666666666667,0
TSK-1619,EMP-12,0,0.38666666666666666,0
TSK-1619,EMP-52,0,0.22,0
TSK-1619,EMP-34,0,0.12,0
TSK-1619,EMP-27,0,0.36,0
TSK-1619,EMP-50,0,0.0033333333333333335,0
TSK-1619,EMP-49,0,0.12,0
TSK-1619,EMP-62,0,0.03666666666666667,0
TSK-1619,EMP-42,0,0.4166666666666667,0
TSK-1619,EMP-51,0,0.18333333333333332,0
TSK-1619,EMP-24,0,0.04,0
TSK-1619,EMP-7,0,0.37,0
TSK-1619,EMP-20,0,0.03666666666666667,0
TSK-1619,EMP-46,0,0.14,0
TSK-1620,EMP-16,1,0.9633333333333334,1
TSK-1620,EMP-46,0,0.0,0
TSK-1620,EMP-45,0,0.0033333333333333335,0
TSK-1620,EMP-20,0,0.0,0
TSK-1620,EMP-24,0,0.0,0
TSK-1620,EMP-41,0,0.0,0
TSK-1620,EMP-1,0,0.0,0
TSK-1620,EMP-10,0,0.11,0
TSK-1620,EMP-32,0,0.0,0
TSK-1620,EMP-4,0,0.06333333333333334,0
TSK-1620,EMP-6,0,0.0,0
TSK-1620,EMP-30,0,0.0,0
TSK-1620,EMP-42,0,0.0,0
TSK-1620,EMP-51,0,0.0,0
TSK-1620,EMP-48,0,0.0,0
TSK-1620,EMP-14,0,0.09333333333333334,0
TSK-1620,EMP-59,0,0.0,0
TSK-1620,EMP-68,0,0.0033333333333333335,0
TSK-1620,EMP-25,0,0.0,0
TSK-1620,EMP-66,0,0.0,0
TSK-1620,EMP-50,0,0.0,0
TSK-1626,EMP-16,1,0.9466666666666667,1
TSK-1626,EMP-63,0,0.0,0
TSK-1626,EMP-65,0,0.0,0
TSK-1626,EMP-25,0,0.0,0
TSK-1626,EMP-62,0,0.0,0
TSK-1626,EMP-41,0,0.0,0
TSK-1626,EMP-67,0,0.0,0
TSK-1626,EMP-5,0,0.006666666666666667,0
TSK-1626,EMP-28,0,0.0,0
TSK-1626,EMP-14,0,0.0,0
TSK-1626,EMP-50,0,0.0,0
TSK-1626,EMP-40,0,0.0,0
TSK-1626,EMP-10,0,0.0,0
TSK-1626,EMP-18,0,0.0,0
TSK-1626,EMP-17,0,0.0,0
TSK-1626,EMP-21,0,0.0,0
TSK-1626,EMP-68,0,0.0,0
TSK-1626,EMP-12,0,0.0,0
TSK-1626,EMP-49,0,0.0,0
TSK-1626,EMP-20,0,0.0,0
TSK-1626,EMP-15,0,0.02666666666666667,0
TSK-1641,EMP-11,1,0.81,1
TSK-1641,EMP-12,0,0.0,0
TSK-1641,EMP-28,0,0.0,0
TSK-1641,EMP-42,0,0.0,0
TSK-1641,EMP-18,0,0.0,0
TSK-1641,EMP-20,0,0.0,0
TSK-1641,EMP-56,0,0.013333333333333334,0
TSK-1641,EMP-45,0,0.0,0
TSK-1641,EMP-24,0,0.0,0
TSK-1641,EMP-57,0,0.0,0
TSK-1641,EMP-4,0,0.0,0
TSK-1641,EMP-44,0,0.0,0
TSK-1641,EMP-7,0,0.18333333333333332,0
TSK-1641,EMP-65,0,0.0,0
TSK-1641,EMP-8,0,0.09,0
TSK-1641,EMP-31,0,0.06666666666666667,0
TSK-1641,EMP-50,0,0.0033333333333333335,0
TSK-1641,EMP-21,0,0.18,0
TSK-1641,EMP-40,0,0.0,0
TSK-1641,EMP-48,0,0.0,0
TSK-1641,EMP-15,0,0.043333333333333335,0
TSK-1642,EMP-21,1,0.14666666666666667,0
TSK-1642,EMP-8,0,0.19666666666666666,0
TSK-1642,EMP-12,0,0.0,0
TSK-1642,EMP-10,0,0.24333333333333335,0
TSK-1642,EMP-65,0,0.0,0
TSK-1642,EMP-44,0,0.0,0
TSK-1642,EMP-6,0,0.0,0
TSK-1642,EMP-25,0,0.0,0
TSK-1642,EMP-24,0,0.0,0
TSK-1642,EMP-52,0,0.0,0
TSK-1642,EMP-34,0,0.0,0
TSK-1642,EMP-11,0,0.043333333333333335,0
TSK-1642,EMP-30,0,0.0,0
TSK-1642,EMP-1,0,0.0,0
TSK-1642,EMP-49,0,0.0,0
TSK-1642,EMP-46,0,0.0,0
TSK-1642,EMP-57,0,0.0,0
TSK-1642,EMP-17,0,0.0,0
TSK-1642,EMP-28,0,0.24,0
TSK-1642,EMP-63,0,0.0,0
TSK-1642,EMP-41,0,0.0033333333333333335,0
TSK-1646,EMP-10,1,0.24333333333333335,0
TSK-1646,EMP-4,0,0.0,0
TSK-1646,EMP-30,0,0.0,0
TSK-1646,EMP-56,0,0.0,0
TSK-1646,EMP-67,0,0.0,0
TSK-1646,EMP-17,0,0.0,0
TSK-1646,EMP-31,0,0.18666666666666668,0
TSK-1646,EMP-12,0,0.0,0
TSK-1646,EMP-18,0,0.0,0
TSK-1646,EMP-1,0,0.0,0
TSK-1646,EMP-66,0,0.0,0
TSK-1646,EMP-21,0,0.58,1
TSK-1646,EMP-65,0,0.0,0
TSK-1646,EMP-49,0,0.0033333333333333335,0
TSK-1646,EMP-20,0,0.0,0
TSK-1646,EMP-57,0,0.0,0
TSK-1646,EMP-46,0,0.0033333333333333335,0
TSK-1646,EMP-15,0,0.043333333333333335,0
TSK-1646,EMP-41,0,0.0,0
TSK-1646,EMP-34,0,0.0,0
TSK-1646,EMP-52,0,0.0,0
TSK-1652,EMP-11,1,0.5233333333333333,1
TSK-1652,EMP-31,1,0.24666666666666667,0
TSK-1652,EMP-22,1,0.23,0
TSK-1652,EMP-7,1,0.18333333333333332,0
TSK-1652,EMP-57,0,0.006666666666666667,0
TSK-1652,EMP-40,0,0.18333333333333332,0
TSK-1652,EMP-50,0,0.0033333333333333335,0
TSK-1652,EMP-65,0,0.043333333333333335,0
TSK-1652,EMP-52,0,0.43666666666666665,0
TSK-1652,EMP-17,0,0.3933333333333333,0
TSK-1652,EMP-4,0,0.5333333333333333,1
TSK-1652,EMP-10,0,0.18333333333333332,0
TSK-1652,EMP-51,0,0.20333333333333334,0
TSK-1652,EMP-44,0,0.08666666666666667,0
TSK-1652,EMP-62,0,0.01,0
TSK-1652,EMP-25,0,0.016666666666666666,0
TSK-1652,EMP-45,0,0.27,0
TSK-1652,EMP-68,0,0.41333333333333333,0
TSK-1652,EMP-56,0,0.016666666666666666,0
TSK-1652,EMP-21,0,0.32,0
TSK-1652,EMP-6,0,0.18333333333333332,0
TSK-1652,EMP-28,0,0.14333333333333334,0
TSK-1652,EMP-20,0,0.07,0
TSK-1652,EMP-63,0,0.1,0
TSK-1655,EMP-22,1,0.2633333333333333,0
TSK-1655,EMP-31,0,0.17333333333333334,0
TSK-1655,EMP-57,0,0.0,0
TSK-1655,EMP-56,0,0.006666666666666667,0
TSK-1655,EMP-42,0,0.0,0
TSK-1655,EMP-1,0,0.0,0
TSK-1655,EMP-50,0,0.0,0
TSK-1655,EMP-66,0,0.0,0
TSK-1655,EMP-28,0,0.21666666666666667,0
TSK-1655,EMP-21,0,0.38666666666666666,0
TSK-1655,EMP-40,0,0.0,0
TSK-1655,EMP-8,0,0.37333333333333335,0
TSK-1655,EMP-58,0,0.0,0
TSK-1655,EMP-12,0,0.0,0
TSK-1655,EMP-59,0,0.0,0
TSK-1655,EMP-7,0,0.2,0
TSK-1655,EMP-20,0,0.0,0
TSK-1655,EMP-30,0,0.0,0
TSK-1655,EMP-15,0,0.03,0
TSK-1655,EMP-16,0,0.0,0
TSK-1655,EMP-4,0,0.0,0
TSK-1656,EMP-22,1,0.49666666666666665,0
TSK-1656,EMP-58,0,0.0,0
TSK-1656,EMP-63,0,0.0,0
TSK-1656,EMP-27,0,0.0,0
TSK-1656,EMP-8,0,0.20333333333333334,0
TSK-1656,EMP-1,0,0.0,0
TSK-1656,EMP-34,0,0.0,0
TSK-1656,EMP-11,0,0.29333333333333333,0
TSK-1656,EMP-67,0,0.0,0
TSK-1656,EMP-57,0,0.0,0
TSK-1656,EMP-46,0,0.0,0
TSK-1656,EMP-59,0,0.0,0
TSK-1656,EMP-25,0,0.0,0
TSK-1656,EMP-31,0,0.3233333333333333,0
TSK-1656,EMP-62,0,0.0,0
TSK-1656,EMP-41,0,0.0,0
TSK-1656,EMP-16,0,0.0,0
TSK-1656,EMP-14,0,0.0,0
TSK-1656,EMP-10,0,0.09,0
TSK-1656,EMP-65,0,0.0,0
TSK-1656,EMP-68,0,0.0,0
TSK-1660,EMP-21,1,0.5833333333333334,1
TSK-1660,EMP-52,0,0.0,0
TSK-1660,EMP-4,0,0.0,0
TSK-1660,EMP-45,0,0.0,0
TSK-1660,EMP-14,0,0.0,0
TSK-1660,EMP-48,0,0.0,0
TSK-1660,EMP-5,0,0.0,0
TSK-1660,EMP-29,0,0.0,0
TSK-1660,EMP-31,0,0.26,0
TSK-1660,EMP-68,0,0.0,0
TSK-1660,EMP-59,0,0.0,0
TSK-1660,EMP-28,0,0.11666666666666667,0
TSK-1660,EMP-66,0,0.0,0
TSK-1660,EMP-1,0,0.0,0
TSK-1660,EMP-40,0,0.0,0
TSK-1660,EMP-25,0,0.0,0
TSK-1660,EMP-62,0,0.0,0
TSK-1660,EMP-16,0,0.0,0
TSK-1660,EMP-7,0,0.19,0
TSK-1660,EMP-22,0,0.28,0
TSK-1660,EMP-12,0,0.0,0
TSK-1699,EMP-45,1,0.06,0
TSK-1699,EMP-20,0,0.0,0
TSK-1699,EMP-52,0,0.0,0
TSK-1699,EMP-46,0,0.39,0
TSK-1699,EMP-4,0,0.0,0
TSK-1699,EMP-5,0,0.44666666666666666,0
TSK-1699,EMP-48,0,0.0,0
TSK-1699,EMP-55,0,0.0,0
TSK-1699,EMP-21,0,0.08,0
TSK-1699,EMP-57,0,0.0,0
TSK-1699,EMP-32,0,0.0033333333333333335,0
TSK-1699,EMP-42,0,0.06,0
TSK-1699,EMP-30,0,0.0,0
TSK-1699,EMP-51,0,0.03,0
TSK-1699,EMP-22,0,0.0,0
TSK-1699,EMP-34,0,0.0,0
TSK-1699,EMP-49,0,0.006666666666666667,0
TSK-1699,EMP-15,0,0.0,0
TSK-1699,EMP-44,0,0.0,0
TSK-1699,EMP-56,0,0.0,0
TSK-1699,EMP-17,0,0.0,0
TSK-1715,EMP-16,1,0.6866666666666666,1
TSK-1715,EMP-52,0,0.0,0
TSK-1715,EMP-5,0,0.02666666666666667,0
TSK-1715,EMP-14,0,0.19666666666666666,0
TSK-1715,EMP-45,0,0.0,0
TSK-1715,EMP-29,0,0.0,0
TSK-1715,EMP-7,0,0.043333333333333335,0
TSK-1715,EMP-67,0,0.0,0
TSK-1715,EMP-66,0,0.0,0
TSK-1715,EMP-51,0,0.0,0
TSK-1715,EMP-30,0,0.0,0
TSK-1715,EMP-11,0,0.0033333333333333335,0
TSK-1715,EMP-44,0,0.0,0
TSK-1715,EMP-9,0,0.0,0
TSK-1715,EMP-34,0,0.0,0
TSK-1715,EMP-49,0,0.0,0
TSK-1715,EMP-24,0,0.0,0
TSK-1715,EMP-32,0,0.0,0
TSK-1715,EMP-42,0,0.0,0
TSK-1715,EMP-46,0,0.0033333333333333335,0
TSK-1715,EMP-20,0,0.0,0
TSK-1718,EMP-11,1,0.8466666666666667,1
TSK-1718,EMP-50,0,0.0,0
TSK-1718,EMP-65,0,0.0,0
TSK-1718,EMP-30,0,0.0,0
TSK-1718,EMP-22,0,0.0,0
TSK-1718,EMP-59,0,0.0,0
TSK-1718,EMP-7,0,0.0,0
TSK-1718,EMP-45,0,0.18666666666666668,0
TSK-1718,EMP-15,0,0.0,0
TSK-1718,EMP-10,0,0.0,0
TSK-1718,EMP-24,0,0.0,0
TSK-1718,EMP-58,0,0.0,0
TSK-1718,EMP-8,0,0.05333333333333334,0
TSK-1718,EMP-41,0,0.043333333333333335,0
TSK-1718,EMP-55,0,0.0,0
TSK-1718,EMP-4,0,0.0,0
TSK-1718,EMP-5,0,0.01,0
TSK-1718,EMP-17,0,0.0,0
TSK-1718,EMP-34,0,0.0,0
TSK-1718,EMP-32,0,0.0,0
TSK-1718,EMP-48,0,0.0,0
TSK-1722,EMP-41,1,0.8033333333333333,1
TSK-1722,EMP-10,1,0.4766666666666667,0
TSK-1722,EMP-7,1,0.48333333333333334,0
TSK-1722,EMP-11,1,0.7266666666666667,1
TSK-1722,EMP-31,1,0.2633333333333333,0
TSK-1722,EMP-8,1,0.23666666666666666,0
TSK-1722,EMP-28,1,0.45,0
TSK-1722,EMP-22,1,0.3233333333333333,0
TSK-1722,EMP-21,1,0.5266666666666666,1
TSK-1722,EMP-55,0,0.4266666666666667,0
TSK-1722,EMP-58,0,0.0,0
TSK-1722,EMP-30,0,0.09,0
TSK-1722,EMP-9,0,0.10666666666666667,0
TSK-1722,EMP-67,0,0.006666666666666667,0
TSK-1722,EMP-40,0,0.12,0
TSK-1722,EMP-29,0,0.06333333333333334,0
TSK-1722,EMP-18,0,0.04,0
TSK-1722,EMP-52,0,0.12,0
TSK-1722,EMP-1,0,0.01,0
TSK-1722,EMP-4,0,0.3,0
TSK-1722,EMP-5,0,0.77,1
TSK-1722,EMP-12,0,0.18,0
TSK-1722,EMP-6,0,0.07,0
TSK-1722,EMP-68,0,0.14,0
TSK-1722,EMP-42,0,0.31333333333333335,0
TSK-1722,EMP-56,0,0.013333333333333334,0
TSK-1722,EMP-25,0,0.0,0
TSK-1722,EMP-27,0,0.42,0
TSK-1722,EMP-14,0,0.05333333333333334,0
TSK-1723,EMP-11,1,0.8666666666666667,1
TSK-1723,EMP-1,0,0.0,0
TSK-1723,EMP-58,0,0.0,0
TSK-1723,EMP-57,0,0.0,0
TSK-1723,EMP-15,0,0.0,0
TSK-1723,EMP-44,0,0.0,0
TSK-1723,EMP-28,0,0.0,0
TSK-1723,EMP-6,0,0.03,0
TSK-1723,EMP-16,0,0.0,0
TSK-1723,EMP-4,0,0.0,0
TSK-1723,EMP-21,0,0.11333333333333333,0
TSK-1723,EMP-52,0,0.0,0
TSK-1723,EMP-7,0,0.0,0
TSK-1723,EMP-68,0,0.0,0
TSK-1723,EMP-14,0,0.0,0
TSK-1723,EMP-30,0,0.0,0
TSK-1723,EMP-27,0,0.0,0
TSK-1723,EMP-17,0,0.0,0
TSK-1723,EMP-50,0,0.0,0
TSK-1723,EMP-20,0,0.0,0
TSK-1723,EMP-55,0,0.0,0
TSK-173,EMP-6,1,0.4866666666666667,0
TSK-173,EMP-11,0,0.17333333333333334,0
TSK-173,EMP-57,0,0.02,0
TSK-173,EMP-67,0,0.0,0
TSK-173,EMP-58,0,0.006666666666666667,0
TSK-173,EMP-62,0,0.013333333333333334,0
TSK-173,EMP-34,0,0.0033333333333333335,0
TSK-173,EMP-17,0,0.01,0
TSK-173,EMP-24,0,0.0,0
TSK-173,EMP-56,0,0.01,0
TSK-173,EMP-59,0,0.006666666666666667,0
TSK-173,EMP-22,0,0.30666666666666664,0
TSK-173,EMP-50,0,0.0033333333333333335,0
TSK-173,EMP-66,0,0.0,0
TSK-173,EMP-27,0,0.043333333333333335,0
TSK-173,EMP-46,0,0.013333333333333334,0
TSK-173,EMP-63,0,0.0033333333333333335,0
TSK-173,EMP-45,0,0.02666666666666667,0
TSK-173,EMP-44,0,0.0033333333333333335,0
TSK-173,EMP-65,0,0.0,0
TSK-173,EMP-14,0,0.0033333333333333335,0
TSK-1734,EMP-5,1,0.9266666666666666,1
TSK-1734,EMP-32,0,0.0,0
TSK-1734,EMP-28,0,0.05,0
TSK-1734,EMP-44,0,0.006666666666666667,0
TSK-1734,EMP-34,0,0.03666666666666667,0
TSK-1734,EMP-30,0,0.0033333333333333335,0
TSK-1734,EMP-16,0,0.02,0
TSK-1734,EMP-59,0,0.0,0
TSK-1734,EMP-62,0,0.01,0
TSK-1734,EMP-4,0,0.016666666666666666,0
TSK-1734,EMP-65,0,0.006666666666666667,0
TSK-1734,EMP-15,0,0.01,0
TSK-1734,EMP-14,0,0.006666666666666667,0
TSK-1734,EMP-17,0,0.07333333333333333,0
TSK-1734,EMP-6,0,0.006666666666666667,0
TSK-1734,EMP-11,0,0.17333333333333334,0
TSK-1734,EMP-27,0,0.26,0
TSK-1734,EMP-48,0,0.0,0
TSK-1734,EMP-29,0,0.0033333333333333335,0
TSK-1734,EMP-31,0,0.09333333333333334,0
TSK-1734,EMP-25,0,0.0,0
TSK-1737,EMP-11,1,0.15666666666666668,0
TSK-1737,EMP-16,1,0.7833333333333333,1
TSK-1737,EMP-10,0,0.0,0
TSK-1737,EMP-14,0,0.0,0
TSK-1737,EMP-7,0,0.0033333333333333335,0
TSK-1737,EMP-55,0,0.0,0
TSK-1737,EMP-30,0,0.0,0
TSK-1737,EMP-56,0,0.0,0
TSK-1737,EMP-57,0,0.0,0
TSK-1737,EMP-34,0,0.0,0
TSK-1737,EMP-62,0,0.0,0
TSK-1737,EMP-51,0,0.0,0
TSK-1737,EMP-66,0,0.0,0
TSK-1737,EMP-48,0,0.0,0
TSK-1737,EMP-41,0,0.0,0
TSK-1737,EMP-31,0,0.0,0
TSK-1737,EMP-1,0,0.0,0
TSK-1737,EMP-22,0,0.0,0
TSK-1737,EMP-27,0,0.006666666666666667,0
TSK-1737,EMP-68,0,0.0,0
TSK-1737,EMP-40,0,0.0,0
TSK-1737,EMP-32,0,0.0,0
TSK-1745,EMP-11,1,0.016666666666666666,0
TSK-1745,EMP-5,0,0.006666666666666667,0
TSK-1745,EMP-31,0,0.17,0
TSK-1745,EMP-27,0,0.0033333333333333335,0
TSK-1745,EMP-63,0,0.0,0
TSK-1745,EMP-4,0,0.12333333333333334,0
TSK-1745,EMP-24,0,0.0,0
TSK-1745,EMP-29,0,0.0033333333333333335,0
TSK-1745,EMP-7,0,0.13,0
TSK-1745,EMP-34,0,0.0,0
TSK-1745,EMP-52,0,0.0,0
TSK-1745,EMP-6,0,0.0,0
TSK-1745,EMP-48,0,0.0,0
TSK-1745,EMP-46,0,0.0,0
TSK-1745,EMP-30,0,0.0,0
TSK-1745,EMP-17,0,0.0033333333333333335,0
TSK-1745,EMP-1,0,0.0,0
TSK-1745,EMP-21,0,0.0033333333333333335,0
TSK-1745,EMP-42,0,0.0033333333333333335,0
TSK-1745,EMP-41,0,0.0033333333333333335,0
TSK-1745,EMP-49,0,0.0,0
TSK-1746,EMP-5,1,0.6333333333333333,1
TSK-1746,EMP-27,1,0.24666666666666667,0
TSK-1746,EMP-14,0,0.013333333333333334,0
TSK-1746,EMP-45,0,0.22333333333333333,0
TSK-1746,EMP-17,0,0.06333333333333334,0
TSK-1746,EMP-32,0,0.0033333333333333335,0
TSK-1746,EMP-30,0,0.0,0
TSK-1746,EMP-28,0,0.07333333333333333,0
TSK-1746,EMP-49,0,0.01,0
TSK-1746,EMP-65,0,0.0033333333333333335,0
TSK-1746,EMP-10,0,0.08666666666666667,0
TSK-1746,EMP-15,0,0.0,0
TSK-1746,EMP-6,0,0.02,0
TSK-1746,EMP-48,0,0.016666666666666666,0
TSK-1746,EMP-4,0,0.03666666666666667,0
TSK-1746,EMP-57,0,0.0,0
TSK-1746,EMP-67,0,0.0,0
TSK-1746,EMP-24,0,0.0033333333333333335,0
TSK-1746,EMP-68,0,0.006666666666666667,0
TSK-1746,EMP-66,0,0.0,0
TSK-1746,EMP-46,0,0.043333333333333335,0
TSK-1746,EMP-42,0,0.06666666666666667,0
TSK-1751,EMP-8,1,0.37666666666666665,0
TSK-1751,EMP-15,0,0.016666666666666666,0
TSK-1751,EMP-55,0,0.05333333333333334,0
TSK-1751,EMP-21,0,0.17,0
TSK-1751,EMP-4,0,0.006666666666666667,0
TSK-1751,EMP-56,0,0.006666666666666667,0
TSK-1751,EMP-31,0,0.09,0
TSK-1751,EMP-32,0,0.016666666666666666,0
TSK-1751,EMP-16,0,0.05,0
TSK-1751,EMP-12,0,0.03,0
TSK-1751,EMP-34,0,0.04,0
TSK-1751,EMP-1,0,0.0,0
TSK-1751,EMP-18,0,0.0,0
TSK-1751,EMP-48,0,0.043333333333333335,0
TSK-1751,EMP-52,0,0.07666666666666666,0
TSK-1751,EMP-17,0,0.013333333333333334,0
TSK-1751,EMP-10,0,0.10333333333333333,0
TSK-1751,EMP-24,0,0.01,0
TSK-1751,EMP-63,0,0.0033333333333333335,0
TSK-1751,EMP-42,0,0.05,0
TSK-1751,EMP-45,0,0.13666666666666666,0
TSK-1779,EMP-41,1,0.5266666666666666,1
TSK-1779,EMP-27,1,0.03666666666666667,0
TSK-1779,EMP-7,0,0.29333333333333333,0
TSK-1779,EMP-44,0,0.0,0
TSK-1779,EMP-66,0,0.0,0
TSK-1779,EMP-30,0,0.0,0
TSK-1779,EMP-6,0,0.0033333333333333335,0
TSK-1779,EMP-8,0,0.07,0
TSK-1779,EMP-45,0,0.5166666666666667,1
TSK-1779,EMP-25,0,0.0,0
TSK-1779,EMP-52,0,0.0,0
TSK-1779,EMP-59,0,0.0,0
TSK-1779,EMP-65,0,0.02666666666666667,0
TSK-1779,EMP-16,0,0.0033333333333333335,0
TSK-1779,EMP-46,0,0.0,0
TSK-1779,EMP-48,0,0.0,0
TSK-1779,EMP-4,0,0.0,0
TSK-1779,EMP-63,0,0.0,0
TSK-1779,EMP-14,0,0.0,0
TSK-1779,EMP-12,0,0.0,0
TSK-1779,EMP-42,0,0.21666666666666667,0
TSK-1779,EMP-24,0,0.0,0
TSK-1788,EMP-41,1,0.6866666666666666,1
TSK-1788,EMP-42,1,0.3566666666666667,0
TSK-1788,EMP-17,1,0.21333333333333335,0
TSK-1788,EMP-65,1,0.01,0
TSK-1788,EMP-51,1,0.3,0
TSK-1788,EMP-45,1,0.2,0
TSK-1788,EMP-27,1,0.52,1
TSK-1788,EMP-5,1,0.7833333333333333,1
TSK-1788,EMP-22,1,0.16,0
TSK-1788,EMP-55,1,0.58,1
TSK-1788,EMP-66,0,0.0033333333333333335,0
TSK-1788,EMP-68,0,0.03333333333333333,0
TSK-1788,EMP-8,0,0.11666666666666667,0
TSK-1788,EMP-15,0,0.0033333333333333335,0
TSK-1788,EMP-12,0,0.31666666666666665,0
TSK-1788,EMP-7,0,0.23333333333333334,0
TSK-1788,EMP-10,0,0.43,0
TSK-1788,EMP-56,0,0.006666666666666667,0
TSK-1788,EMP-18,0,0.006666666666666667,0
TSK-1788,EMP-40,0,0.11666666666666667,0
TSK-1788,EMP-46,0,0.45666666666666667,0
TSK-1788,EMP-29,0,0.04666666666666667,0
TSK-1788,EMP-31,0,0.24666666666666667,0
TSK-1788,EMP-52,0,0.23333333333333334,0
TSK-1788,EMP-62,0,0.03666666666666667,0
TSK-1788,EMP-63,0,0.006666666666666667,0
TSK-1788,EMP-48,0,0.013333333333333334,0
TSK-1788,EMP-59,0,0.0,0
TSK-1788,EMP-30,0,0.05,0
TSK-1788,EMP-4,0,0.21333333333333335,0
TSK-1789,EMP-5,1,0.8133333333333334,1
TSK-1789,EMP-46,1,0.3933333333333333,0
TSK-1789,EMP-27,1,0.5333333333333333,1
TSK-1789,EMP-55,1,0.51,1
TSK-1789,EMP-25,0,0.006666666666666667,0
TSK-1789,EMP-63,0,0.013333333333333334,0
TSK-1789,EMP-20,0,0.10333333333333333,0
TSK-1789,EMP-66,0,0.006666666666666667,0
TSK-1789,EMP-44,0,0.03,0
TSK-1789,EMP-48,0,0.02666666666666667,0
TSK-1789,EMP-45,0,0.32,0
TSK-1789,EMP-11,0,0.8466666666666667,1
TSK-1789,EMP-6,0,0.08,0
TSK-1789,EMP-57,0,0.0,0
TSK-1789,EMP-16,0,0.15333333333333332,0
TSK-1789,EMP-29,0,0.07666666666666666,0
TSK-1789,EMP-52,0,0.15666666666666668,0
TSK-1789,EMP-67,0,0.0,0
TSK-1789,EMP-32,0,0.02,0
TSK-1789,EMP-42,0,0.4166666666666667,0
TSK-1789,EMP-62,0,0.0033333333333333335,0
TSK-1789,EMP-10,0,0.33666666666666667,0
TSK-1789,EMP-22,0,0.20666666666666667,0
TSK-1789,EMP-49,0,0.05333333333333334,0
TSK-1792,EMP-32,1,0.03666666666666667,0
TSK-1792,EMP-7,1,0.21666666666666667,0
TSK-1792,EMP-49,1,0.006666666666666667,0
TSK-1792,EMP-52,0,0.0,0
TSK-1792,EMP-42,0,0.0,0
TSK-1792,EMP-58,0,0.0,0
TSK-1792,EMP-21,0,0.20666666666666667,0
TSK-1792,EMP-29,0,0.0,0
TSK-1792,EMP-1,0,0.0,0
TSK-1792,EMP-27,0,0.0033333333333333335,0
TSK-1792,EMP-66,0,0.0,0
TSK-1792,EMP-14,0,0.0,0
TSK-1792,EMP-16,0,0.0,0
TSK-1792,EMP-5,0,0.0,0
TSK-1792,EMP-59,0,0.006666666666666667,0
TSK-1792,EMP-20,0,0.0,0
TSK-1792,EMP-12,0,0.0,0
TSK-1792,EMP-55,0,0.016666666666666666,0
TSK-1792,EMP-9,0,0.0,0
TSK-1792,EMP-51,0,0.0033333333333333335,0
TSK-1792,EMP-57,0,0.01,0
TSK-1792,EMP-11,0,0.06333333333333334,0
TSK-1792,EMP-18,0,0.0,0
TSK-1793,EMP-7,1,0.75,1
TSK-1793,EMP-68,0,0.0033333333333333335,0
TSK-1793,EMP-18,0,0.0,0
TSK-1793,EMP-67,0,0.0,0
TSK-1793,EMP-52,0,0.0,0
TSK-1793,EMP-62,0,0.0033333333333333335,0
TSK-1793,EMP-11,0,0.23666666666666666,0
TSK-1793,EMP-27,0,0.006666666666666667,0
TSK-1793,EMP-25,0,0.0,0
TSK-1793,EMP-50,0,0.0,0
TSK-1793,EMP-45,0,0.006666666666666667,0
TSK-1793,EMP-9,0,0.0,0
TSK-1793,EMP-14,0,0.0,0
TSK-1793,EMP-31,0,0.18,0
TSK-1793,EMP-12,0,0.0,0
TSK-1793,EMP-34,0,0.0,0
TSK-1793,EMP-6,0,0.0033333333333333335,0
TSK-1793,EMP-28,0,0.25333333333333335,0
TSK-1793,EMP-5,0,0.0,0
TSK-1793,EMP-8,0,0.02,0
TSK-1793,EMP-29,0,0.0,0
TSK-1795,EMP-31,1,0.55,1
TSK-1795,EMP-17,0,0.0,0
TSK-1795,EMP-65,0,0.03333333333333333,0
TSK-1795,EMP-11,0,0.05,0
TSK-1795,EMP-9,0,0.0,0
TSK-1795,EMP-66,0,0.0,0
TSK-1795,EMP-41,0,0.0,0
TSK-1795,EMP-34,0,0.0,0
TSK-1795,EMP-4,0,0.0,0
TSK-1795,EMP-32,0,0.0,0
TSK-1795,EMP-7,0,0.14333333333333334,0
TSK-1795,EMP-44,0,0.0,0
TSK-1795,EMP-51,0,0.0,0
TSK-1795,EMP-67,0,0.0,0
TSK-1795,EMP-15,0,0.0,0
TSK-1795,EMP-48,0,0.0,0
TSK-1795,EMP-5,0,0.01,0
TSK-1795,EMP-20,0,0.0,0
TSK-1795,EMP-68,0,0.0,0
TSK-1795,EMP-57,0,0.07,0
TSK-1795,EMP-21,0,0.26666666666666666,0
TSK-1798,EMP-10,1,0.31666666666666665,0
TSK-1798,EMP-1,0,0.0,0
TSK-1798,EMP-59,0,0.0,0
TSK-1798,EMP-24,0,0.0,0
TSK-1798,EMP-50,0,0.0,0
TSK-1798,EMP-25,0,0.0,0
TSK-1798,EMP-48,0,0.0,0
TSK-1798,EMP-63,0,0.0,0
TSK-1798,EMP-56,0,0.0,0
TSK-1798,EMP-14,0,0.0,0
TSK-1798,EMP-7,0,0.17333333333333334,0
TSK-1798,EMP-12,0,0.0,0
TSK-1798,EMP-51,0,0.0,0
TSK-1798,EMP-29,0,0.0,0
TSK-1798,EMP-46,0,0.0,0
TSK-1798,EMP-67,0,0.0,0
TSK-1798,EMP-68,0,0.0033333333333333335,0
TSK-1798,EMP-27,0,0.09666666666666666,0
TSK-1798,EMP-22,0,0.023333333333333334,0
TSK-1798,EMP-55,0,0.0,0
TSK-1798,EMP-20,0,0.0033333333333333335,0
TSK-180,EMP-11,1,0.04,0
TSK-180,EMP-46,0,0.0,0
TSK-180,EMP-16,0,0.0033333333333333335,0
TSK-180,EMP-56,0,0.0,0
TSK-180,EMP-6,0,0.26666666666666666,0
TSK-180,EMP-63,0,0.0,0
TSK-180,EMP-45,0,0.0033333333333333335,0
TSK-180,EMP-9,0,0.0,0
TSK-180,EMP-50,0,0.0,0
TSK-180,EMP-59,0,0.0,0
TSK-180,EMP-48,0,0.0,0
TSK-180,EMP-52,0,0.0,0
TSK-180,EMP-55,0,0.0,0
TSK-180,EMP-18,0,0.013333333333333334,0
TSK-180,EMP-28,0,0.013333333333333334,0
TSK-180,EMP-62,0,0.0,0
TSK-180,EMP-14,0,0.0,0
TSK-180,EMP-24,0,0.0,0
TSK-180,EMP-58,0,0.0,0
TSK-180,EMP-29,0,0.0,0
TSK-180,EMP-67,0,0.0,0
TSK-1803,EMP-11,1,0.79,1
TSK-1803,EMP-57,0,0.0,0
TSK-1803,EMP-40,0,0.0,0
TSK-1803,EMP-20,0,0.0,0
TSK-1803,EMP-12,0,0.0,0
TSK-1803,EMP-29,0,0.0033333333333333335,0
TSK-1803,EMP-62,0,0.0,0
TSK-1803,EMP-63,0,0.0,0
TSK-1803,EMP-56,0,0.0,0
TSK-1803,EMP-32,0,0.0,0
TSK-1803,EMP-48,0,0.0,0
TSK-1803,EMP-1,0,0.0,0
TSK-1803,EMP-15,0,0.0,0
TSK-1803,EMP-31,0,0.006666666666666667,0
TSK-1803,EMP-65,0,0.0,0
TSK-1803,EMP-59,0,0.0,0
TSK-1803,EMP-46,0,0.0,0
TSK-1803,EMP-30,0,0.0,0
TSK-1803,EMP-44,0,0.0,0
TSK-1803,EMP-34,0,0.0,0
TSK-1803,EMP-17,0,0.0,0
TSK-1810,EMP-11,1,0.37,0
TSK-1810,EMP-57,0,0.0,0
TSK-1810,EMP-9,0,0.0,0
TSK-1810,EMP-48,0,0.0,0
TSK-1810,EMP-15,0,0.0,0
TSK-1810,EMP-41,0,0.22333333333333333,0
TSK-1810,EMP-24,0,0.0,0
TSK-1810,EMP-66,0,0.0,0
TSK-1810,EMP-25,0,0.0,0
TSK-1810,EMP-52,0,0.0,0
TSK-1810,EMP-49,0,0.0,0
TSK-1810,EMP-18,0,0.0,0
TSK-1810,EMP-27,0,0.006666666666666667,0
TSK-1810,EMP-51,0,0.013333333333333334,0
TSK-1810,EMP-44,0,0.0,0
TSK-1810,EMP-65,0,0.0,0
TSK-1810,EMP-5,0,0.13333333333333333,0
TSK-1810,EMP-10,0,0.26666666666666666,0
TSK-1810,EMP-1,0,0.0,0
TSK-1810,EMP-67,0,0.0,0
TSK-1810,EMP-14,0,0.0,0
TSK-1812,EMP-16,1,0.13333333333333333,0
TSK-1812,EMP-6,0,0.03,0
TSK-1812,EMP-40,0,0.03,0
TSK-1812,EMP-14,0,0.03333333333333333,0
TSK-1812,EMP-17,0,0.06666666666666667,0
TSK-1812,EMP-31,0,0.06333333333333334,0
TSK-1812,EMP-62,0,0.10666666666666667,0
TSK-1812,EMP-32,0,0.016666666666666666,0
TSK-1812,EMP-67,0,0.06333333333333334,0
TSK-1812,EMP-41,0,0.16333333333333333,0
TSK-1812,EMP-25,0,0.013333333333333334,0
TSK-1812,EMP-49,0,0.006666666666666667,0
TSK-1812,EMP-58,0,0.013333333333333334,0
TSK-1812,EMP-56,0,0.01,0
TSK-1812,EMP-1,0,0.0,0
TSK-1812,EMP-46,0,0.14333333333333334,0
TSK-1812,EMP-29,0,0.04,0
TSK-1812,EMP-48,0,0.01,0
TSK-1812,EMP-11,0,0.12333333333333334,0
TSK-1812,EMP-45,0,0.09,0
TSK-1812,EMP-66,0,0.0,0
TSK-1817,EMP-11,1,0.49,0
TSK-1817,EMP-58,0,0.016666666666666666,0
TSK-1817,EMP-20,0,0.0,0
TSK-1817,EMP-14,0,0.0,0
TSK-1817,EMP-22,0,0.25333333333333335,0
TSK-1817,EMP-9,0,0.0033333333333333335,0
TSK-1817,EMP-18,0,0.0,0
TSK-1817,EMP-59,0,0.013333333333333334,0
TSK-1817,EMP-42,0,0.006666666666666667,0
TSK-1817,EMP-46,0,0.0,0
TSK-1817,EMP-24,0,0.0,0
TSK-1817,EMP-65,0,0.01,0
TSK-1817,EMP-10,0,0.15333333333333332,0
TSK-1817,EMP-68,0,0.0033333333333333335,0
TSK-1817,EMP-48,0,0.0,0
TSK-1817,EMP-32,0,0.006666666666666667,0
TSK-1817,EMP-34,0,0.0033333333333333335,0
TSK-1817,EMP-40,0,0.0033333333333333335,0
TSK-1817,EMP-62,0,0.006666666666666667,0
TSK-1817,EMP-41,0,0.0033333333333333335,0
TSK-1817,EMP-45,0,0.006666666666666667,0
TSK-1830,EMP-21,1,0.26666666666666666,0
TSK-1830,EMP-17,0,0.0,0
TSK-1830,EMP-32,0,0.0,0
TSK-1830,EMP-8,0,0.02,0
TSK-1830,EMP-51,0,0.0,0
TSK-1830,EMP-24,0,0.0,0
TSK-1830,EMP-41,0,0.0033333333333333335,0
TSK-1830,EMP-15,0,0.0,0
TSK-1830,EMP-58,0,0.01,0
TSK-1830,EMP-20,0,0.0,0
TSK-1830,EMP-40,0,0.023333333333333334,0
TSK-1830,EMP-27,0,0.27,0
TSK-1830,EMP-18,0,0.0,0
TSK-1830,EMP-6,0,0.0,0
TSK-1830,EMP-30,0,0.0,0
TSK-1830,EMP-34,0,0.0,0
TSK-1830,EMP-57,0,0.02666666666666667,0
TSK-1830,EMP-7,0,0.07666666666666666,0
TSK-1830,EMP-12,0,0.0,0
TSK-1830,EMP-16,0,0.0,0
TSK-1830,EMP-29,0,0.0,0
TSK-1833,EMP-7,1,0.02666666666666667,0
TSK-1833,EMP-65,0,0.0,0
TSK-1833,EMP-22,0,0.5933333333333334,1
TSK-1833,EMP-32,0,0.0,0
TSK-1833,EMP-4,0,0.0,0
TSK-1833,EMP-49,0,0.0,0
TSK-1833,EMP-16,0,0.006666666666666667,0
TSK-1833,EMP-12,0,0.0,0
TSK-1833,EMP-29,0,0.0,0
TSK-1833,EMP-63,0,0.0,0
TSK-1833,EMP-50,0,0.0,0
TSK-1833,EMP-17,0,0.0,0
TSK-1833,EMP-30,0,0.0,0
TSK-1833,EMP-55,0,0.0,0
TSK-1833,EMP-18,0,0.0,0
TSK-1833,EMP-48,0,0.0,0
TSK-1833,EMP-14,0,0.0,0
TSK-1833,EMP-56,0,0.0,0
TSK-1833,EMP-31,0,0.01,0
TSK-1833,EMP-52,0,0.0,0
TSK-1833,EMP-5,0,0.0,0
TSK-1837,EMP-5,1,0.71,1
TSK-1837,EMP-30,0,0.0033333333333333335,0
TSK-1837,EMP-56,0,0.0,0
TSK-1837,EMP-45,0,0.10666666666666667,0
TSK-1837,EMP-16,0,0.11,0
TSK-1837,EMP-6,0,0.0033333333333333335,0
TSK-1837,EMP-62,0,0.0,0
TSK-1837,EMP-9,0,0.013333333333333334,0
TSK-1837,EMP-7,0,0.02,0
TSK-1837,EMP-11,0,0.07666666666666666,0
TSK-1837,EMP-40,0,0.006666666666666667,0
TSK-1837,EMP-1,0,0.0,0
TSK-1837,EMP-32,0,0.0033333333333333335,0
TSK-1837,EMP-48,0,0.02666666666666667,0
TSK-1837,EMP-52,0,0.36666666666666664,0
TSK-1837,EMP-10,0,0.023333333333333334,0
TSK-1837,EMP-24,0,0.0033333333333333335,0
TSK-1837,EMP-27,0,0.05333333333333334,0
TSK-1837,EMP-12,0,0.0033333333333333335,0
TSK-1837,EMP-59,0,0.0,0
TSK-1837,EMP-57,0,0.0,0
TSK-1857,EMP-11,1,0.8366666666666667,1
TSK-1857,EMP-4,0,0.0,0
TSK-1857,EMP-46,0,0.0,0
TSK-1857,EMP-8,0,0.07333333333333333,0
TSK-1857,EMP-45,0,0.3233333333333333,0
TSK-1857,EMP-52,0,0.0,0
TSK-1857,EMP-55,0,0.0,0
TSK-1857,EMP-58,0,0.0,0
TSK-1857,EMP-22,0,0.0,0
TSK-1857,EMP-48,0,0.0,0
TSK-1857,EMP-44,0,0.0,0
TSK-1857,EMP-15,0,0.0,0
TSK-1857,EMP-66,0,0.0,0
TSK-1857,EMP-59,0,0.0,0
TSK-1857,EMP-30,0,0.0,0
TSK-1857,EMP-16,0,0.0,0
TSK-1857,EMP-67,0,0.0,0
TSK-1857,EMP-56,0,0.0,0
TSK-1857,EMP-50,0,0.0,0
TSK-1857,EMP-34,0,0.0,0
TSK-1857,EMP-40,0,0.0,0
TSK-1859,EMP-22,1,0.3233333333333333,0
TSK-1859,EMP-21,0,0.17333333333333334,0
TSK-1859,EMP-59,0,0.0,0
TSK-1859,EMP-17,0,0.01,0
TSK-1859,EMP-40,0,0.0,0
TSK-1859,EMP-30,0,0.0,0
TSK-1859,EMP-12,0,0.0,0
TSK-1859,EMP-41,0,0.02666666666666667,0
TSK-1859,EMP-63,0,0.0033333333333333335,0
TSK-1859,EMP-7,0,0.36666666666666664,0
TSK-1859,EMP-27,0,0.006666666666666667,0
TSK-1859,EMP-51,0,0.0,0
TSK-1859,EMP-46,0,0.0,0
TSK-1859,EMP-8,0,0.53,1
TSK-1859,EMP-68,0,0.0,0
TSK-1859,EMP-29,0,0.0,0
TSK-1859,EMP-1,0,0.0,0
TSK-1859,EMP-58,0,0.0,0
TSK-1859,EMP-67,0,0.0,0
TSK-1859,EMP-11,0,0.02,0
TSK-1859,EMP-42,0,0.07666666666666666,0
TSK-1860,EMP-11,1,0.8933333333333333,1
TSK-1860,EMP-41,0,0.02,0
TSK-1860,EMP-12,0,0.0,0
TSK-1860,EMP-56,0,0.0,0
TSK-1860,EMP-67,0,0.0,0
TSK-1860,EMP-62,0,0.0,0
TSK-1860,EMP-18,0,0.0,0
TSK-1860,EMP-10,0,0.0,0
TSK-1860,EMP-58,0,0.0,0
TSK-1860,EMP-24,0,0.0,0
TSK-1860,EMP-20,0,0.0,0
TSK-1860,EMP-65,0,0.0,0
TSK-1860,EMP-8,0,0.03,0
TSK-1860,EMP-5,0,0.013333333333333334,0
TSK-1860,EMP-48,0,0.0,0
TSK-1860,EMP-21,0,0.02,0
TSK-1860,EMP-25,0,0.0,0
TSK-1860,EMP-50,0,0.0,0
TSK-1860,EMP-27,0,0.0,0
TSK-1860,EMP-31,0,0.0033333333333333335,0
TSK-1860,EMP-57,0,0.0,0
TSK-1864,EMP-31,1,0.33666666666666667,0
TSK-1864,EMP-7,0,0.1,0
TSK-1864,EMP-56,0,0.043333333333333335,0
TSK-1864,EMP-34,0,0.0,0
TSK-1864,EMP-14,0,0.0,0
TSK-1864,EMP-18,0,0.0,0
TSK-1864,EMP-41,0,0.013333333333333334,0
TSK-1864,EMP-55,0,0.0,0
TSK-1864,EMP-58,0,0.03666666666666667,0
TSK-1864,EMP-62,0,0.17666666666666667,0
TSK-1864,EMP-63,0,0.0,0
TSK-1864,EMP-59,0,0.0,0
TSK-1864,EMP-6,0,0.0,0
TSK-1864,EMP-10,0,0.24666666666666667,0
TSK-1864,EMP-57,0,0.09,0
TSK-1864,EMP-22,0,0.28,0
TSK-1864,EMP-29,0,0.0,0
TSK-1864,EMP-17,0,0.0033333333333333335,0
TSK-1864,EMP-9,0,0.0,0
TSK-1864,EMP-52,0,0.0,0
TSK-1864,EMP-12,0,0.0,0
TSK-1880,EMP-45,1,0.45666666666666667,0
TSK-1880,EMP-17,1,0.5733333333333334,1
TSK-1880,EMP-59,0,0.0033333333333333335,0
TSK-1880,EMP-6,0,0.0,0
TSK-1880,EMP-32,0,0.01,0
TSK-1880,EMP-68,0,0.0,0
TSK-1880,EMP-41,0,0.013333333333333334,0
TSK-1880,EMP-40,0,0.0033333333333333335,0
TSK-1880,EMP-4,0,0.01,0
TSK-1880,EMP-11,0,0.01,0
TSK-1880,EMP-62,0,0.0033333333333333335,0
TSK-1880,EMP-44,0,0.006666666666666667,0
TSK-1880,EMP-67,0,0.0033333333333333335,0
TSK-1880,EMP-34,0,0.0,0
TSK-1880,EMP-57,0,0.0,0
TSK-1880,EMP-8,0,0.0033333333333333335,0
TSK-1880,EMP-50,0,0.0,0
TSK-1880,EMP-20,0,0.0033333333333333335,0
TSK-1880,EMP-49,0,0.006666666666666667,0
TSK-1880,EMP-28,0,0.0033333333333333335,0
TSK-1880,EMP-46,0,0.006666666666666667,0
TSK-1880,EMP-14,0,0.0033333333333333335,0
TSK-1884,EMP-16,1,0.9,1
TSK-1884,EMP-32,0,0.0033333333333333335,0
TSK-1884,EMP-44,0,0.0,0
TSK-1884,EMP-68,0,0.0,0
TSK-1884,EMP-50,0,0.0,0
TSK-1884,EMP-5,0,0.2633333333333333,0
TSK-1884,EMP-18,0,0.01,0
TSK-1884,EMP-8,0,0.0,0
TSK-1884,EMP-42,0,0.0033333333333333335,0
TSK-1884,EMP-45,0,0.0033333333333333335,0
TSK-1884,EMP-55,0,0.0,0
TSK-1884,EMP-46,0,0.0,0
TSK-1884,EMP-6,0,0.0,0
TSK-1884,EMP-12,0,0.0,0
TSK-1884,EMP-29,0,0.0,0
TSK-1884,EMP-14,0,0.0,0
TSK-1884,EMP-27,0,0.0,0
TSK-1884,EMP-15,0,0.0,0
TSK-1884,EMP-24,0,0.0033333333333333335,0
TSK-1884,EMP-9,0,0.0033333333333333335,0
TSK-1884,EMP-56,0,0.0,0
TSK-1895,EMP-10,1,0.4166666666666667,0
TSK-1895,EMP-20,0,0.0,0
TSK-1895,EMP-41,0,0.0,0
TSK-1895,EMP-29,0,0.0,0
TSK-1895,EMP-7,0,0.10333333333333333,0
TSK-1895,EMP-52,0,0.0,0
TSK-1895,EMP-44,0,0.0,0
TSK-1895,EMP-14,0,0.0,0
TSK-1895,EMP-49,0,0.0,0
TSK-1895,EMP-51,0,0.0,0
TSK-1895,EMP-1,0,0.0,0
TSK-1895,EMP-59,0,0.0,0
TSK-1895,EMP-65,0,0.0,0
TSK-1895,EMP-27,0,0.03,0
TSK-1895,EMP-66,0,0.0,0
TSK-1895,EMP-46,0,0.0,0
TSK-1895,EMP-25,0,0.0,0
TSK-1895,EMP-4,0,0.0,0
TSK-1895,EMP-68,0,0.0,0
TSK-1895,EMP-15,0,0.0,0
TSK-1895,EMP-17,0,0.0,0
TSK-1896,EMP-11,1,0.4066666666666667,0
TSK-1896,EMP-56,0,0.0,0
TSK-1896,EMP-15,0,0.0,0
TSK-1896,EMP-10,0,0.39666666666666667,0
TSK-1896,EMP-8,0,0.0,0
TSK-1896,EMP-31,0,0.03333333333333333,0
TSK-1896,EMP-1,0,0.0,0
TSK-1896,EMP-30,0,0.0,0
TSK-1896,EMP-22,0,0.0033333333333333335,0
TSK-1896,EMP-9,0,0.0,0
TSK-1896,EMP-32,0,0.0,0
TSK-1896,EMP-34,0,0.0,0
TSK-1896,EMP-66,0,0.0,0
TSK-1896,EMP-58,0,0.0,0
TSK-1896,EMP-49,0,0.0,0
TSK-1896,EMP-68,0,0.0,0
TSK-1896,EMP-41,0,0.016666666666666666,0
TSK-1896,EMP-48,0,0.0,0
TSK-1896,EMP-24,0,0.0,0
TSK-1896,EMP-55,0,0.0,0
TSK-1896,EMP-67,0,0.0,0
TSK-1910,EMP-11,1,0.19666666666666666,0
TSK-1910,EMP-51,0,0.0,0
TSK-1910,EMP-55,0,0.02666666666666667,0
TSK-1910,EMP-18,0,0.0033333333333333335,0
TSK-1910,EMP-14,0,0.0,0
TSK-1910,EMP-68,0,0.0,0
TSK-1910,EMP-48,0,0.0,0
TSK-1910,EMP-4,0,0.0,0
TSK-1910,EMP-15,0,0.0,0
TSK-1910,EMP-67,0,0.0033333333333333335,0
TSK-1910,EMP-40,0,0.0033333333333333335,0
TSK-1910,EMP-28,0,0.6533333333333333,1
TSK-1910,EMP-59,0,0.07333333333333333,0
TSK-1910,EMP-56,0,0.11333333333333333,0
TSK-1910,EMP-29,0,0.0,0
TSK-1910,EMP-42,0,0.0033333333333333335,0
TSK-1910,EMP-32,0,0.10666666666666667,0
TSK-1910,EMP-62,0,0.04,0
TSK-1910,EMP-25,0,0.0,0
TSK-1910,EMP-6,0,0.0,0
TSK-1910,EMP-66,0,0.0033333333333333335,0
TSK-1934,EMP-7,1,0.37333333333333335,0
TSK-1934,EMP-32,1,0.36,0
TSK-1934,EMP-30,0,0.0,0
TSK-1934,EMP-45,0,0.0,0
TSK-1934,EMP-27,0,0.0,0
TSK-1934,EMP-40,0,0.0,0
TSK-1934,EMP-22,0,0.05333333333333334,0
TSK-1934,EMP-42,0,0.0,0
TSK-1934,EMP-56,0,0.04666666666666667,0
TSK-1934,EMP-17,0,0.0,0
TSK-1934,EMP-34,0,0.0,0
TSK-1934,EMP-31,0,0.32,0
TSK-1934,EMP-16,0,0.0,0
TSK-1934,EMP-6,0,0.0,0
TSK-1934,EMP-21,0,0.13,0
TSK-1934,EMP-62,0,0.02666666666666667,0
TSK-1934,EMP-65,0,0.0,0
TSK-1934,EMP-50,0,0.10333333333333333,0
TSK-1934,EMP-1,0,0.0,0
TSK-1934,EMP-52,0,0.0,0
TSK-1934,EMP-49,0,0.04,0
TSK-1934,EMP-68,0,0.0,0
TSK-1940,EMP-31,1,0.17666666666666667,0
TSK-1940,EMP-57,0,0.006666666666666667,0
TSK-1940,EMP-10,0,0.33666666666666667,0
TSK-1940,EMP-12,0,0.0,0
TSK-1940,EMP-50,0,0.07666666666666666,0
TSK-1940,EMP-29,0,0.0,0
TSK-1940,EMP-9,0,0.0,0
TSK-1940,EMP-59,0,0.013333333333333334,0
TSK-1940,EMP-40,0,0.0,0
TSK-1940,EMP-58,0,0.0,0
TSK-1940,EMP-24,0,0.0,0
TSK-1940,EMP-63,0,0.0033333333333333335,0
TSK-1940,EMP-6,0,0.0,0
TSK-1940,EMP-25,0,0.0,0
TSK-1940,EMP-41,0,0.0,0
TSK-1940,EMP-46,0,0.0,0
TSK-1940,EMP-56,0,0.01,0
TSK-1940,EMP-5,0,0.0,0
TSK-1940,EMP-14,0,0.0,0
TSK-1940,EMP-16,0,0.0,0
TSK-1940,EMP-28,0,0.44,0
TSK-1941,EMP-31,1,0.21333333333333335,0
TSK-1941,EMP-63,0,0.01,0
TSK-1941,EMP-16,0,0.0033333333333333335,0
TSK-1941,EMP-51,0,0.0,0
TSK-1941,EMP-55,0,0.05333333333333334,0
TSK-1941,EMP-44,0,0.0,0
TSK-1941,EMP-68,0,0.0,0
TSK-1941,EMP-46,0,0.0033333333333333335,0
TSK-1941,EMP-17,0,0.0,0
TSK-1941,EMP-21,0,0.17333333333333334,0
TSK-1941,EMP-32,0,0.32,0
TSK-1941,EMP-4,0,0.0,0
TSK-1941,EMP-24,0,0.0,0
TSK-1941,EMP-6,0,0.0,0
TSK-1941,EMP-25,0,0.0,0
TSK-1941,EMP-67,0,0.0,0
TSK-1941,EMP-30,0,0.0,0
TSK-1941,EMP-58,0,0.0,0
TSK-1941,EMP-5,0,0.03333333333333333,0
TSK-1941,EMP-40,0,0.0,0
TSK-1941,EMP-27,0,0.0033333333333333335,0
TSK-1944,EMP-28,1,0.07,0
TSK-1944,EMP-12,0,0.0,0
TSK-1944,EMP-31,0,0.07,0
TSK-1944,EMP-6,0,0.0,0
TSK-1944,EMP-34,0,0.0,0
TSK-1944,EMP-41,0,0.0,0
TSK-1944,EMP-11,0,0.20333333333333334,0
TSK-1944,EMP-44,0,0.0,0
TSK-1944,EMP-25,0,0.0,0
TSK-1944,EMP-29,0,0.0,0
TSK-1944,EMP-66,0,0.0,0
TSK-1944,EMP-49,0,0.0,0
TSK-1944,EMP-46,0,0.0,0
TSK-1944,EMP-10,0,0.18,0
TSK-1944,EMP-59,0,0.0,0
TSK-1944,EMP-56,0,0.0,0
TSK-1944,EMP-30,0,0.0,0
TSK-1944,EMP-67,0,0.0,0
TSK-1944,EMP-24,0,0.0,0
TSK-1944,EMP-14,0,0.0,0
TSK-1944,EMP-1,0,0.0,0
TSK-1950,EMP-16,1,0.87,1
TSK-1950,EMP-28,0,0.0,0
TSK-1950,EMP-14,0,0.0,0
TSK-1950,EMP-21,0,0.0,0
TSK-1950,EMP-24,0,0.0,0
TSK-1950,EMP-20,0,0.0,0
TSK-1950,EMP-27,0,0.0,0
TSK-1950,EMP-15,0,0.0,0
TSK-1950,EMP-41,0,0.0,0
TSK-1950,EMP-7,0,0.0,0
TSK-1950,EMP-8,0,0.006666666666666667,0
TSK-1950,EMP-48,0,0.0,0
TSK-1950,EMP-45,0,0.0033333333333333335,0
TSK-1950,EMP-46,0,0.0,0
TSK-1950,EMP-11,0,0.0,0
TSK-1950,EMP-67,0,0.0,0
TSK-1950,EMP-40,0,0.0,0
TSK-1950,EMP-5,0,0.023333333333333334,0
TSK-1950,EMP-51,0,0.0,0
TSK-1950,EMP-17,0,0.0,0
TSK-1950,EMP-44,0,0.0,0
TSK-1955,EMP-21,1,0.15666666666666668,0
TSK-1955,EMP-24,0,0.0,0
TSK-1955,EMP-5,0,0.0033333333333333335,0
TSK-1955,EMP-9,0,0.0,0
TSK-1955,EMP-7,0,0.5533333333333333,1
TSK-1955,EMP-42,0,0.02,0
TSK-1955,EMP-34,0,0.0,0
TSK-1955,EMP-49,0,0.0,0
TSK-1955,EMP-55,0,0.0,0
TSK-1955,EMP-56,0,0.0,0
TSK-1955,EMP-22,0,0.5266666666666666,1
TSK-1955,EMP-58,0,0.0,0
TSK-1955,EMP-17,0,0.013333333333333334,0
TSK-1955,EMP-63,0,0.0033333333333333335,0
TSK-1955,EMP-67,0,0.0,0
TSK-1955,EMP-31,0,0.24333333333333335,0
TSK-1955,EMP-46,0,0.0,0
TSK-1955,EMP-28,0,0.20333333333333334,0
TSK-1955,EMP-52,0,0.0,0
TSK-1955,EMP-1,0,0.0,0
TSK-1955,EMP-45,0,0.013333333333333334,0
TSK-1960,EMP-52,1,0.17666666666666667,0
TSK-1960,EMP-65,0,0.013333333333333334,0
TSK-1960,EMP-31,0,0.07333333333333333,0
TSK-1960,EMP-57,0,0.0033333333333333335,0
TSK-1960,EMP-67,0,0.0,0
TSK-1960,EMP-18,0,0.013333333333333334,0
TSK-1960,EMP-1,0,0.0,0
TSK-1960,EMP-17,0,0.03333333333333333,0
TSK-1960,EMP-14,0,0.04666666666666667,0
TSK-1960,EMP-63,0,0.11666666666666667,0
TSK-1960,EMP-21,0,0.04,0
TSK-1960,EMP-40,0,0.06,0
TSK-1960,EMP-50,0,0.0,0
TSK-1960,EMP-22,0,0.07,0
TSK-1960,EMP-49,0,0.01,0
TSK-1960,EMP-10,0,0.05,0
TSK-1960,EMP-55,0,0.06666666666666667,0
TSK-1960,EMP-59,0,0.0,0
TSK-1960,EMP-56,0,0.0,0
TSK-1960,EMP-4,0,0.03333333333333333,0
TSK-1960,EMP-62,0,0.006666666666666667,0
TSK-1963,EMP-11,1,0.63,1
TSK-1963,EMP-34,0,0.0,0
TSK-1963,EMP-50,0,0.0,0
TSK-1963,EMP-58,0,0.0,0
TSK-1963,EMP-17,0,0.0,0
TSK-1963,EMP-22,0,0.013333333333333334,0
TSK-1963,EMP-68,0,0.0,0
TSK-1963,EMP-30,0,0.0,0
TSK-1963,EMP-41,0,0.0033333333333333335,0
TSK-1963,EMP-66,0,0.0,0
TSK-1963,EMP-57,0,0.0,0
TSK-1963,EMP-55,0,0.0,0
TSK-1963,EMP-63,0,0.0,0
TSK-1963,EMP-62,0,0.0,0
TSK-1963,EMP-6,0,0.30333333333333334,0
TSK-1963,EMP-24,0,0.0,0
TSK-1963,EMP-40,0,0.0,0
TSK-1963,EMP-28,0,0.0033333333333333335,0
TSK-1963,EMP-25,0,0.0,0
TSK-1963,EMP-52,0,0.0,0
TSK-1963,EMP-42,0,0.0,0
TSK-1970,EMP-7,1,0.5066666666666667,1
TSK-1970,EMP-40,0,0.0,0
TSK-1970,EMP-14,0,0.0,0
TSK-1970,EMP-41,0,0.0,0
TSK-1970,EMP-34,0,0.0,0
TSK-1970,EMP-49,0,0.0,0
TSK-1970,EMP-12,0,0.0,0
TSK-1970,EMP-56,0,0.0,0
TSK-1970,EMP-62,0,0.0,0
TSK-1970,EMP-6,0,0.0,0
TSK-1970,EMP-5,0,0.0,0
TSK-1970,EMP-32,0,0.0,0
TSK-1970,EMP-30,0,0.0,0
TSK-1970,EMP-25,0,0.0,0
TSK-1970,EMP-63,0,0.0,0
TSK-1970,EMP-15,0,0.0,0
TSK-1970,EMP-68,0,0.0,0
TSK-1970,EMP-8,0,0.01,0
TSK-1970,EMP-67,0,0.0,0
TSK-1970,EMP-45,0,0.0,0
TSK-1970,EMP-31,0,0.07,0
TSK-1974,EMP-10,1,0.2633333333333333,0
TSK-1974,EMP-30,0,0.0033333333333333335,0
TSK-1974,EMP-16,0,0.0033333333333333335,0
TSK-1974,EMP-46,0,0.006666666666666667,0
TSK-1974,EMP-65,0,0.0,0
TSK-1974,EMP-24,0,0.0033333333333333335,0
TSK-1974,EMP-41,0,0.12666666666666668,0
TSK-1974,EMP-22,0,0.33666666666666667,0
TSK-1974,EMP-51,0,0.0,0
TSK-1974,EMP-50,0,0.0,0
TSK-1974,EMP-27,0,0.06666666666666667,0
TSK-1974,EMP-67,0,0.0033333333333333335,0
TSK-1974,EMP-14,0,0.013333333333333334,0
TSK-1974,EMP-42,0,0.19666666666666666,0
TSK-1974,EMP-56,0,0.006666666666666667,0
TSK-1974,EMP-18,0,0.0,0
TSK-1974,EMP-49,0,0.0,0
TSK-1974,EMP-55,0,0.0033333333333333335,0
TSK-1974,EMP-4,0,0.02,0
TSK-1974,EMP-48,0,0.0033333333333333335,0
TSK-1974,EMP-6,0,0.0,0
TSK-198,EMP-11,1,0.17333333333333334,0
TSK-198,EMP-63,0,0.0,0
TSK-198,EMP-45,0,0.09333333333333334,0
TSK-198,EMP-58,0,0.0,0
TSK-198,EMP-52,0,0.06333333333333334,0
TSK-198,EMP-42,0,0.02666666666666667,0
TSK-198,EMP-17,0,0.07666666666666666,0
TSK-198,EMP-9,0,0.04,0
TSK-198,EMP-12,0,0.043333333333333335,0
TSK-198,EMP-49,0,0.0,0
TSK-198,EMP-32,0,0.02666666666666667,0
TSK-198,EMP-51,0,0.01,0
TSK-198,EMP-65,0,0.0,0
TSK-198,EMP-16,0,0.06666666666666667,0
TSK-198,EMP-1,0,0.0,0
TSK-198,EMP-14,0,0.016666666666666666,0
TSK-198,EMP-6,0,0.06333333333333334,0
TSK-198,EMP-59,0,0.0,0
TSK-198,EMP-46,0,0.023333333333333334,0
TSK-198,EMP-22,0,0.08,0
TSK-198,EMP-25,0,0.0,0
TSK-1983,EMP-22,1,0.41333333333333333,0
TSK-1983,EMP-45,0,0.02,0
TSK-1983,EMP-18,0,0.0,0
TSK-1983,EMP-8,0,0.12333333333333334,0
TSK-1983,EMP-67,0,0.0,0
TSK-1983,EMP-49,0,0.0,0
TSK-1983,EMP-58,0,0.013333333333333334,0
TSK-1983,EMP-51,0,0.0,0
TSK-1983,EMP-52,0,0.0,0
TSK-1983,EMP-68,0,0.0,0
TSK-1983,EMP-40,0,0.09333333333333334,0
TSK-1983,EMP-24,0,0.0,0
TSK-1983,EMP-21,0,0.2,0
TSK-1983,EMP-41,0,0.0,0
TSK-1983,EMP-1,0,0.0,0
TSK-1983,EMP-31,0,0.18666666666666668,0
TSK-1983,EMP-17,0,0.0,0
TSK-1983,EMP-25,0,0.0,0
TSK-1983,EMP-20,0,0.0,0
TSK-1983,EMP-66,0,0.0,0
TSK-1983,EMP-62,0,0.09666666666666666,0
TSK-1992,EMP-11,1,0.8033333333333333,1
TSK-1992,EMP-21,0,0.056666666666666664,0
TSK-1992,EMP-5,0,0.09,0
TSK-1992,EMP-7,0,0.0033333333333333335,0
TSK-1992,EMP-63,0,0.0,0
TSK-1992,EMP-22,0,0.0033333333333333335,0
TSK-1992,EMP-44,0,0.0,0
TSK-1992,EMP-32,0,0.0,0
TSK-1992,EMP-62,0,0.0,0
TSK-1992,EMP-29,0,0.0,0
TSK-1992,EMP-12,0,0.0,0
TSK-1992,EMP-67,0,0.0,0
TSK-1992,EMP-31,0,0.0,0
TSK-1992,EMP-42,0,0.0,0
TSK-1992,EMP-50,0,0.0,0
TSK-1992,EMP-45,0,0.47,0
TSK-1992,EMP-40,0,0.0,0
TSK-1992,EMP-56,0,0.0,0
TSK-1992,EMP-58,0,0.0,0
TSK-1992,EMP-51,0,0.0,0
TSK-1992,EMP-9,0,0.0,0
TSK-2005,EMP-21,1,0.14,0
TSK-2005,EMP-15,0,0.0,0
TSK-2005,EMP-31,0,0.22666666666666666,0
TSK-2005,EMP-6,0,0.0,0
TSK-2005,EMP-10,0,0.26,0
TSK-2005,EMP-16,0,0.0,0
TSK-2005,EMP-52,0,0.0033333333333333335,0
TSK-2005,EMP-55,0,0.02666666666666667,0
TSK-2005,EMP-59,0,0.0,0
TSK-2005,EMP-44,0,0.0,0
TSK-2005,EMP-11,0,0.04666666666666667,0
TSK-2005,EMP-68,0,0.0,0
TSK-2005,EMP-41,0,0.19333333333333333,0
TSK-2005,EMP-40,0,0.0,0
TSK-2005,EMP-63,0,0.0,0
TSK-2005,EMP-48,0,0.0,0
TSK-2005,EMP-42,0,0.10666666666666667,0
TSK-2005,EMP-29,0,0.0,0
TSK-2005,EMP-7,0,0.20333333333333334,0
TSK-2005,EMP-67,0,0.0,0
TSK-2005,EMP-45,0,0.14666666666666667,0
TSK-2033,EMP-41,1,0.7466666666666667,1
TSK-2033,EMP-45,0,0.01,0
TSK-2033,EMP-12,0,0.0,0
TSK-2033,EMP-46,0,0.006666666666666667,0
TSK-2033,EMP-28,0,0.09666666666666666,0
TSK-2033,EMP-65,0,0.3233333333333333,0
TSK-2033,EMP-66,0,0.0,0
TSK-2033,EMP-10,0,0.09333333333333334,0
TSK-2033,EMP-8,0,0.13333333333333333,0
TSK-2033,EMP-55,0,0.05,0
TSK-2033,EMP-40,0,0.11,0
TSK-2033,EMP-21,0,0.08333333333333333,0
TSK-2033,EMP-30,0,0.0,0
TSK-2033,EMP-24,0,0.0,0
TSK-2033,EMP-52,0,0.0,0
TSK-2033,EMP-49,0,0.0033333333333333335,0
TSK-2033,EMP-11,0,0.16,0
TSK-2033,EMP-51,0,0.0,0
TSK-2033,EMP-68,0,0.0,0
TSK-2033,EMP-17,0,0.0,0
TSK-2033,EMP-6,0,0.0033333333333333335,0
TSK-2037,EMP-46,1,0.58,1
TSK-2037,EMP-50,0,0.0,0
TSK-2037,EMP-68,0,0.0033333333333333335,0
TSK-2037,EMP-4,0,0.0,0
TSK-2037,EMP-5,0,0.2733333333333333,0
TSK-2037,EMP-29,0,0.0,0
TSK-2037,EMP-63,0,0.04,0
TSK-2037,EMP-14,0,0.0,0
TSK-2037,EMP-58,0,0.0,0
TSK-2037,EMP-15,0,0.0,0
TSK-2037,EMP-11,0,0.18,0
TSK-2037,EMP-18,0,0.0033333333333333335,0
TSK-2037,EMP-41,0,0.14666666666666667,0
TSK-2037,EMP-34,0,0.0,0
TSK-2037,EMP-55,0,0.006666666666666667,0
TSK-2037,EMP-17,0,0.0,0
TSK-2037,EMP-20,0,0.0033333333333333335,0
TSK-2037,EMP-66,0,0.0,0
TSK-2037,EMP-40,0,0.0,0
TSK-2037,EMP-51,0,0.15333333333333332,0
TSK-2037,EMP-21,0,0.10333333333333333,0
TSK-2038,EMP-46,1,0.4766666666666667,0
TSK-2038,EMP-68,0,0.0033333333333333335,0
TSK-2038,EMP-57,0,0.01,0
TSK-2038,EMP-52,0,0.0033333333333333335,0
TSK-2038,EMP-29,0,0.0033333333333333335,0
TSK-2038,EMP-45,0,0.12666666666666668,0
TSK-2038,EMP-67,0,0.0,0
TSK-2038,EMP-51,0,0.35333333333333333,0
TSK-2038,EMP-24,0,0.0,0
TSK-2038,EMP-10,0,0.1,0
TSK-2038,EMP-11,0,0.5,0
TSK-2038,EMP-50,0,0.006666666666666667,0
TSK-2038,EMP-32,0,0.0033333333333333335,0
TSK-2038,EMP-55,0,0.01,0
TSK-2038,EMP-34,0,0.0033333333333333335,0
TSK-2038,EMP-16,0,0.006666666666666667,0
TSK-2038,EMP-66,0,0.0,0
TSK-2038,EMP-62,0,0.01,0
TSK-2038,EMP-20,0,0.013333333333333334,0
TSK-2038,EMP-41,0,0.27,0
TSK-2038,EMP-42,0,0.13333333333333333,0
TSK-2044,EMP-5,1,0.39,0
TSK-2044,EMP-46,1,0.78,1
TSK-2044,EMP-27,1,0.006666666666666667,0
TSK-2044,EMP-25,0,0.0,0
TSK-2044,EMP-59,0,0.03666666666666667,0
TSK-2044,EMP-22,0,0.0,0
TSK-2044,EMP-31,0,0.12666666666666668,0
TSK-2044,EMP-56,0,0.0033333333333333335,0
TSK-2044,EMP-24,0,0.0,0
TSK-2044,EMP-42,0,0.25666666666666665,0
TSK-2044,EMP-34,0,0.0033333333333333335,0
TSK-2044,EMP-1,0,0.0033333333333333335,0
TSK-2044,EMP-21,0,0.13333333333333333,0
TSK-2044,EMP-11,0,0.33,0
TSK-2044,EMP-18,0,0.01,0
TSK-2044,EMP-28,0,0.08,0
TSK-2044,EMP-10,0,0.12,0
TSK-2044,EMP-62,0,0.0033333333333333335,0
TSK-2044,EMP-6,0,0.0,0
TSK-2044,EMP-66,0,0.0,0
TSK-2044,EMP-57,0,0.0033333333333333335,0
TSK-2044,EMP-45,0,0.34,0
TSK-2044,EMP-68,0,0.0033333333333333335,0
TSK-2058,EMP-40,1,0.11333333333333333,0
TSK-2058,EMP-14,0,0.0,0
TSK-2058,EMP-46,0,0.0,0
TSK-2058,EMP-30,0,0.0,0
TSK-2058,EMP-25,0,0.0,0
TSK-2058,EMP-7,0,0.04,0
TSK-2058,EMP-18,0,0.0,0
TSK-2058,EMP-4,0,0.0,0
TSK-2058,EMP-67,0,0.0,0
TSK-2058,EMP-55,0,0.056666666666666664,0
TSK-2058,EMP-22,0,0.03666666666666667,0
TSK-2058,EMP-57,0,0.0,0
TSK-2058,EMP-27,0,0.03666666666666667,0
TSK-2058,EMP-50,0,0.0,0
TSK-2058,EMP-28,0,0.0,0
TSK-2058,EMP-66,0,0.0,0
TSK-2058,EMP-12,0,0.0,0
TSK-2058,EMP-5,0,0.22,0
TSK-2058,EMP-11,0,0.07,0
TSK-2058,EMP-32,0,0.0,0
TSK-2058,EMP-31,0,0.006666666666666667,0
TSK-206,EMP-9,1,0.7866666666666666,1
TSK-206,EMP-50,0,0.0,0
TSK-206,EMP-59,0,0.0,0
TSK-206,EMP-28,0,0.0033333333333333335,0
TSK-206,EMP-30,0,0.0,0
TSK-206,EMP-40,0,0.0,0
TSK-206,EMP-22,0,0.0033333333333333335,0
TSK-206,EMP-24,0,0.0,0
TSK-206,EMP-10,0,0.0033333333333333335,0
TSK-206,EMP-55,0,0.01,0
TSK-206,EMP-65,0,0.0,0
TSK-206,EMP-63,0,0.0,0
TSK-206,EMP-42,0,0.69,1
TSK-206,EMP-58,0,0.0,0
TSK-206,EMP-66,0,0.0033333333333333335,0
TSK-206,EMP-56,0,0.0,0
TSK-206,EMP-21,0,0.0,0
TSK-206,EMP-7,0,0.0,0
TSK-206,EMP-41,0,0.006666666666666667,0
TSK-206,EMP-52,0,0.0,0
TSK-206,EMP-34,0,0.0,0
TSK-2060,EMP-22,1,0.2833333333333333,0
TSK-2060,EMP-25,0,0.0,0
TSK-2060,EMP-6,0,0.02,0
TSK-2060,EMP-8,0,0.016666666666666666,0
TSK-2060,EMP-12,0,0.0,0
TSK-2060,EMP-11,0,0.44,0
TSK-2060,EMP-59,0,0.0,0
TSK-2060,EMP-9,0,0.0,0
TSK-2060,EMP-46,0,0.0,0
TSK-2060,EMP-55,0,0.0,0
TSK-2060,EMP-16,0,0.0,0
TSK-2060,EMP-57,0,0.0,0
TSK-2060,EMP-51,0,0.0,0
TSK-2060,EMP-62,0,0.0,0
TSK-2060,EMP-21,0,0.45666666666666667,0
TSK-2060,EMP-32,0,0.0,0
TSK-2060,EMP-4,0,0.0033333333333333335,0
TSK-2060,EMP-68,0,0.0,0
TSK-2060,EMP-5,0,0.0033333333333333335,0
TSK-2060,EMP-30,0,0.0,0
TSK-2060,EMP-17,0,0.0,0
TSK-2064,EMP-16,1,0.9166666666666666,1
TSK-2064,EMP-57,0,0.0,0
TSK-2064,EMP-65,0,0.0,0
TSK-2064,EMP-4,0,0.02,0
TSK-2064,EMP-17,0,0.0,0
TSK-2064,EMP-28,0,0.0,0
TSK-2064,EMP-8,0,0.0033333333333333335,0
TSK-2064,EMP-58,0,0.0,0
TSK-2064,EMP-34,0,0.0,0
TSK-2064,EMP-12,0,0.0,0
TSK-2064,EMP-14,0,0.03666666666666667,0
TSK-2064,EMP-5,0,0.0,0
TSK-2064,EMP-30,0,0.0,0
TSK-2064,EMP-24,0,0.0,0
TSK-2064,EMP-21,0,0.03,0
TSK-2064,EMP-51,0,0.0,0
TSK-2064,EMP-56,0,0.0,0
TSK-2064,EMP-22,0,0.0,0
TSK-2064,EMP-42,0,0.0,0
TSK-2064,EMP-27,0,0.0,0
TSK-2064,EMP-41,0,0.0,0
TSK-2075,EMP-32,1,0.7366666666666667,1
TSK-2075,EMP-55,1,0.05333333333333334,0
TSK-2075,EMP-24,0,0.0,0
TSK-2075,EMP-66,0,0.0,0
TSK-2075,EMP-57,0,0.02,0
TSK-2075,EMP-50,0,0.16,0
TSK-2075,EMP-59,0,0.04,0
TSK-2075,EMP-41,0,0.0,0
TSK-2075,EMP-34,0,0.0,0
TSK-2075,EMP-18,0,0.0,0
TSK-2075,EMP-20,0,0.0,0
TSK-2075,EMP-6,0,0.0,0
TSK-2075,EMP-8,0,0.06666666666666667,0
TSK-2075,EMP-67,0,0.0,0
TSK-2075,EMP-46,0,0.0,0
TSK-2075,EMP-52,0,0.0,0
TSK-2075,EMP-17,0,0.0,0
TSK-2075,EMP-22,0,0.03,0
TSK-2075,EMP-16,0,0.0033333333333333335,0
TSK-2075,EMP-30,0,0.0,0
TSK-2075,EMP-10,0,0.056666666666666664,0
TSK-2075,EMP-11,0,0.27666666666666667,0
TSK-209,EMP-20,1,0.0033333333333333335,0
TSK-209,EMP-66,0,0.0,0
TSK-209,EMP-10,0,0.01,0
TSK-209,EMP-65,0,0.0,0
TSK-209,EMP-7,0,0.0033333333333333335,0
TSK-209,EMP-55,0,0.0033333333333333335,0
TSK-209,EMP-62,0,0.0,0
TSK-209,EMP-8,0,0.30333333333333334,0
TSK-209,EMP-51,0,0.0033333333333333335,0
TSK-209,EMP-40,0,0.0,0
TSK-209,EMP-14,0,0.0033333333333333335,0
TSK-209,EMP-57,0,0.0,0
TSK-209,EMP-28,0,0.0033333333333333335,0
TSK-209,EMP-68,0,0.0,0
TSK-209,EMP-46,0,0.0033333333333333335,0
TSK-209,EMP-45,0,0.0033333333333333335,0
TSK-209,EMP-6,0,0.0,0
TSK-209,EMP-63,0,0.0,0
TSK-209,EMP-25,0,0.0,0
TSK-209,EMP-12,0,0.006666666666666667,0
TSK-209,EMP-22,0,0.0,0
TSK-2097,EMP-16,1,0.7433333333333333,1
TSK-2097,EMP-34,1,0.0,0
TSK-2097,EMP-56,0,0.0,0
TSK-2097,EMP-21,0,0.0,0
TSK-2097,EMP-59,0,0.0,0
TSK-2097,EMP-22,0,0.08,0
TSK-2097,EMP-18,0,0.0,0
TSK-2097,EMP-48,0,0.0,0
TSK-2097,EMP-44,0,0.0,0
TSK-2097,EMP-24,0,0.0,0
TSK-2097,EMP-65,0,0.006666666666666667,0
TSK-2097,EMP-14,0,0.0,0
TSK-2097,EMP-32,0,0.0033333333333333335,0
TSK-2097,EMP-27,0,0.0,0
TSK-2097,EMP-66,0,0.0,0
TSK-2097,EMP-41,0,0.006666666666666667,0
TSK-2097,EMP-63,0,0.0,0
TSK-2097,EMP-46,0,0.0033333333333333335,0
TSK-2097,EMP-5,0,0.37333333333333335,0
TSK-2097,EMP-6,0,0.0,0
TSK-2097,EMP-40,0,0.0,0
TSK-2097,EMP-8,0,0.0,0
TSK-2100,EMP-16,1,0.91,1
TSK-2100,EMP-45,0,0.0,0
TSK-2100,EMP-24,0,0.0,0
TSK-2100,EMP-27,0,0.0,0
TSK-2100,EMP-62,0,0.0,0
TSK-2100,EMP-22,0,0.0,0
TSK-2100,EMP-40,0,0.0,0
TSK-2100,EMP-59,0,0.0,0
TSK-2100,EMP-30,0,0.0,0
TSK-2100,EMP-44,0,0.0,0
TSK-2100,EMP-15,0,0.0033333333333333335,0
TSK-2100,EMP-6,0,0.07666666666666666,0
TSK-2100,EMP-49,0,0.0,0
TSK-2100,EMP-9,0,0.0,0
TSK-2100,EMP-41,0,0.0,0
TSK-2100,EMP-32,0,0.0033333333333333335,0
TSK-2100,EMP-50,0,0.0,0
TSK-2100,EMP-8,0,0.0033333333333333335,0
TSK-2100,EMP-57,0,0.0,0
TSK-2100,EMP-20,0,0.0,0
TSK-2100,EMP-66,0,0.0,0
TSK-2111,EMP-41,1,0.13666666666666666,0
TSK-2111,EMP-45,1,0.04666666666666667,0
TSK-2111,EMP-28,0,0.01,0
TSK-2111,EMP-5,0,0.6033333333333334,1
TSK-2111,EMP-63,0,0.02666666666666667,0
TSK-2111,EMP-46,0,0.09,0
TSK-2111,EMP-1,0,0.0,0
TSK-2111,EMP-31,0,0.03666666666666667,0
TSK-2111,EMP-20,0,0.006666666666666667,0
TSK-2111,EMP-59,0,0.0,0
TSK-2111,EMP-27,0,0.13666666666666666,0
TSK-2111,EMP-68,0,0.02,0
TSK-2111,EMP-22,0,0.05,0
TSK-2111,EMP-44,0,0.0,0
TSK-2111,EMP-40,0,0.0033333333333333335,0
TSK-2111,EMP-21,0,0.05,0
TSK-2111,EMP-48,0,0.02,0
TSK-2111,EMP-56,0,0.0,0
TSK-2111,EMP-51,0,0.0033333333333333335,0
TSK-2111,EMP-65,0,0.05333333333333334,0
TSK-2111,EMP-49,0,0.0033333333333333335,0
TSK-2111,EMP-8,0,0.39,0
TSK-2135,EMP-21,1,0.3,0
TSK-2135,EMP-34,0,0.0,0
TSK-2135,EMP-16,0,0.0,0
TSK-2135,EMP-28,0,0.0033333333333333335,0
TSK-2135,EMP-18,0,0.0,0
TSK-2135,EMP-42,0,0.0,0
TSK-2135,EMP-55,0,0.0,0
TSK-2135,EMP-29,0,0.0,0
TSK-2135,EMP-59,0,0.006666666666666667,0
TSK-2135,EMP-44,0,0.0,0
TSK-2135,EMP-48,0,0.0,0
TSK-2135,EMP-50,0,0.0,0
TSK-2135,EMP-11,0,0.5433333333333333,1
TSK-2135,EMP-12,0,0.0,0
TSK-2135,EMP-6,0,0.02,0
TSK-2135,EMP-52,0,0.0,0
TSK-2135,EMP-56,0,0.01,0
TSK-2135,EMP-27,0,0.0,0
TSK-2135,EMP-68,0,0.0,0
TSK-2135,EMP-22,0,0.4266666666666667,0
TSK-2135,EMP-25,0,0.0,0
TSK-2160,EMP-16,1,0.12666666666666668,0
TSK-2160,EMP-10,0,0.05,0
TSK-2160,EMP-67,0,0.0033333333333333335,0
TSK-2160,EMP-24,0,0.08,0
TSK-2160,EMP-18,0,0.006666666666666667,0
TSK-2160,EMP-21,0,0.06666666666666667,0
TSK-2160,EMP-49,0,0.016666666666666666,0
TSK-2160,EMP-29,0,0.07,0
TSK-2160,EMP-34,0,0.22666666666666666,0
TSK-2160,EMP-25,0,0.0,0
TSK-2160,EMP-62,0,0.0,0
TSK-2160,EMP-48,0,0.07,0
TSK-2160,EMP-5,0,0.76,1
TSK-2160,EMP-57,0,0.0033333333333333335,0
TSK-2160,EMP-30,0,0.0033333333333333335,0
TSK-2160,EMP-6,0,0.01,0
TSK-2160,EMP-56,0,0.0,0
TSK-2160,EMP-44,0,0.006666666666666667,0
TSK-2160,EMP-12,0,0.0033333333333333335,0
TSK-2160,EMP-17,0,0.03,0
TSK-2160,EMP-27,0,0.35,0
TSK-2162,EMP-31,1,0.29333333333333333,0
TSK-2162,EMP-62,0,0.1,0
TSK-2162,EMP-11,0,0.013333333333333334,0
TSK-2162,EMP-50,0,0.0,0
TSK-2162,EMP-20,0,0.0,0
TSK-2162,EMP-27,0,0.0,0
TSK-2162,EMP-25,0,0.0,0
TSK-2162,EMP-67,0,0.0,0
TSK-2162,EMP-58,0,0.0,0
TSK-2162,EMP-56,0,0.0,0
TSK-2162,EMP-41,0,0.07666666666666666,0
TSK-2162,EMP-34,0,0.0,0
TSK-2162,EMP-48,0,0.0,0
TSK-2162,EMP-28,0,0.5933333333333334,1
TSK-2162,EMP-59,0,0.0,0
TSK-2162,EMP-7,0,0.2966666666666667,0
TSK-2162,EMP-68,0,0.0,0
TSK-2162,EMP-12,0,0.0,0
TSK-2162,EMP-4,0,0.0,0
TSK-2162,EMP-21,0,0.03,0
TSK-2162,EMP-9,0,0.0,0
TSK-2170,EMP-41,1,0.3933333333333333,0
TSK-2170,EMP-65,0,0.47,0
TSK-2170,EMP-22,0,0.0,0
TSK-2170,EMP-1,0,0.0,0
TSK-2170,EMP-58,0,0.0,0
TSK-2170,EMP-17,0,0.0,0
TSK-2170,EMP-52,0,0.0,0
TSK-2170,EMP-7,0,0.0,0
TSK-2170,EMP-56,0,0.0,0
TSK-2170,EMP-24,0,0.0,0
TSK-2170,EMP-14,0,0.0,0
TSK-2170,EMP-29,0,0.0,0
TSK-2170,EMP-31,0,0.043333333333333335,0
TSK-2170,EMP-18,0,0.0,0
TSK-2170,EMP-4,0,0.0,0
TSK-2170,EMP-49,0,0.0,0
TSK-2170,EMP-68,0,0.0,0
TSK-2170,EMP-44,0,0.0,0
TSK-2170,EMP-21,0,0.1,0
TSK-2170,EMP-51,0,0.0,0
TSK-2170,EMP-66,0,0.0,0
TSK-2187,EMP-10,1,0.08333333333333333,0
TSK-2187,EMP-32,0,0.0,0
TSK-2187,EMP-68,0,0.0,0
TSK-2187,EMP-52,0,0.0,0
TSK-2187,EMP-42,0,0.0,0
TSK-2187,EMP-58,0,0.006666666666666667,0
TSK-2187,EMP-21,0,0.13333333333333333,0
TSK-2187,EMP-59,0,0.0,0
TSK-2187,EMP-30,0,0.0,0
TSK-2187,EMP-17,0,0.0,0
TSK-2187,EMP-5,0,0.18666666666666668,0
TSK-2187,EMP-18,0,0.0,0
TSK-2187,EMP-55,0,0.0033333333333333335,0
TSK-2187,EMP-14,0,0.0,0
TSK-2187,EMP-45,0,0.0,0
TSK-2187,EMP-28,0,0.12666666666666668,0
TSK-2187,EMP-63,0,0.0,0
TSK-2187,EMP-12,0,0.0,0
TSK-2187,EMP-31,0,0.03,0
TSK-2187,EMP-56,0,0.0,0
TSK-2187,EMP-49,0,0.0,0
TSK-2190,EMP-21,1,0.39666666666666667,0
TSK-2190,EMP-57,0,0.0,0
TSK-2190,EMP-51,0,0.0,0
TSK-2190,EMP-48,0,0.0,0
TSK-2190,EMP-56,0,0.0,0
TSK-2190,EMP-29,0,0.0,0
TSK-2190,EMP-12,0,0.0,0
TSK-2190,EMP-46,0,0.0,0
TSK-2190,EMP-25,0,0.0,0
TSK-2190,EMP-67,0,0.0,0
TSK-2190,EMP-5,0,0.0,0
TSK-2190,EMP-10,0,0.03333333333333333,0
TSK-2190,EMP-45,0,0.023333333333333334,0
TSK-2190,EMP-50,0,0.0,0
TSK-2190,EMP-41,0,0.01,0
TSK-2190,EMP-24,0,0.0,0
TSK-2190,EMP-20,0,0.0,0
TSK-2190,EMP-8,0,0.17333333333333334,0
TSK-2190,EMP-58,0,0.0,0
TSK-2190,EMP-49,0,0.0,0
TSK-2190,EMP-62,0,0.0,0
TSK-2191,EMP-27,1,0.09666666666666666,0
TSK-2191,EMP-46,0,0.0033333333333333335,0
TSK-2191,EMP-1,0,0.0,0
TSK-2191,EMP-6,0,0.0,0
TSK-2191,EMP-32,0,0.0,0
TSK-2191,EMP-34,0,0.0,0
TSK-2191,EMP-10,0,0.32,0
TSK-2191,EMP-67,0,0.0,0
TSK-2191,EMP-7,0,0.07,0
TSK-2191,EMP-58,0,0.0,0
TSK-2191,EMP-41,0,0.0,0
TSK-2191,EMP-56,0,0.013333333333333334,0
TSK-2191,EMP-59,0,0.0,0
TSK-2191,EMP-31,0,0.11,0
TSK-2191,EMP-62,0,0.04666666666666667,0
TSK-2191,EMP-42,0,0.0,0
TSK-2191,EMP-44,0,0.0,0
TSK-2191,EMP-11,0,0.016666666666666666,0
TSK-2191,EMP-57,0,0.006666666666666667,0
TSK-2191,EMP-29,0,0.0,0
TSK-2191,EMP-14,0,0.0,0
TSK-2192,EMP-21,1,0.19,0
TSK-2192,EMP-57,0,0.0,0
TSK-2192,EMP-58,0,0.0,0
TSK-2192,EMP-49,0,0.0033333333333333335,0
TSK-2192,EMP-8,0,0.13,0
TSK-2192,EMP-62,0,0.0,0
TSK-2192,EMP-27,0,0.1,0
TSK-2192,EMP-55,0,0.006666666666666667,0
TSK-2192,EMP-29,0,0.0,0
TSK-2192,EMP-52,0,0.0,0
TSK-2192,EMP-45,0,0.05333333333333334,0
TSK-2192,EMP-68,0,0.0,0
TSK-2192,EMP-12,0,0.0,0
TSK-2192,EMP-6,0,0.0,0
TSK-2192,EMP-50,0,0.0,0
TSK-2192,EMP-4,0,0.0,0
TSK-2192,EMP-46,0,0.0,0
TSK-2192,EMP-42,0,0.37,0
TSK-2192,EMP-24,0,0.0,0
TSK-2192,EMP-40,0,0.02666666666666667,0
TSK-2192,EMP-17,0,0.08,0
TSK-2198,EMP-21,1,0.5333333333333333,1
TSK-2198,EMP-67,0,0.0,0
TSK-2198,EMP-46,0,0.0,0
TSK-2198,EMP-16,0,0.0033333333333333335,0
TSK-2198,EMP-41,0,0.0,0
TSK-2198,EMP-30,0,0.0,0
TSK-2198,EMP-62,0,0.0,0
TSK-2198,EMP-11,0,0.2966666666666667,0
TSK-2198,EMP-5,0,0.0,0
TSK-2198,EMP-6,0,0.0,0
TSK-2198,EMP-48,0,0.0,0
TSK-2198,EMP-28,0,0.08333333333333333,0
TSK-2198,EMP-12,0,0.0,0
TSK-2198,EMP-14,0,0.0,0
TSK-2198,EMP-22,0,0.25666666666666665,0
TSK-2198,EMP-55,0,0.0,0
TSK-2198,EMP-25,0,0.0,0
TSK-2198,EMP-44,0,0.0,0
TSK-2198,EMP-65,0,0.0,0
TSK-2198,EMP-45,0,0.0,0
TSK-2198,EMP-27,0,0.0,0
TSK-2210,EMP-7,1,0.31666666666666665,0
TSK-2210,EMP-66,0,0.043333333333333335,0
TSK-2210,EMP-15,0,0.01,0
TSK-2210,EMP-25,0,0.03,0
TSK-2210,EMP-50,0,0.0,0
TSK-2210,EMP-62,0,0.03333333333333333,0
TSK-2210,EMP-67,0,0.043333333333333335,0
TSK-2210,EMP-1,0,0.0,0
TSK-2210,EMP-6,0,0.06666666666666667,0
TSK-2210,EMP-29,0,0.013333333333333334,0
TSK-2210,EMP-52,0,0.14666666666666667,0
TSK-2210,EMP-27,0,0.08,0
TSK-2210,EMP-8,0,0.5,0
TSK-2210,EMP-34,0,0.03333333333333333,0
TSK-2210,EMP-28,0,0.056666666666666664,0
TSK-2210,EMP-14,0,0.03,0
TSK-2210,EMP-31,0,0.056666666666666664,0
TSK-2210,EMP-9,0,0.016666666666666666,0
TSK-2210,EMP-48,0,0.06333333333333334,0
TSK-2210,EMP-42,0,0.05333333333333334,0
TSK-2210,EMP-63,0,0.023333333333333334,0
TSK-2233,EMP-11,1,0.8466666666666667,1
TSK-2233,EMP-63,0,0.0,0
TSK-2233,EMP-51,0,0.0,0
TSK-2233,EMP-66,0,0.0,0
TSK-2233,EMP-15,0,0.0,0
TSK-2233,EMP-14,0,0.0,0
TSK-2233,EMP-28,0,0.0,0
TSK-2233,EMP-48,0,0.0,0
TSK-2233,EMP-34,0,0.0,0
TSK-2233,EMP-57,0,0.0,0
TSK-2233,EMP-27,0,0.0,0
TSK-2233,EMP-24,0,0.0,0
TSK-2233,EMP-45,0,0.5666666666666667,1
TSK-2233,EMP-49,0,0.0,0
TSK-2233,EMP-20,0,0.0,0
TSK-2233,EMP-25,0,0.0,0
TSK-2233,EMP-10,0,0.0033333333333333335,0
TSK-2233,EMP-42,0,0.0,0
TSK-2233,EMP-7,0,0.006666666666666667,0
TSK-2233,EMP-17,0,0.0,0
TSK-2233,EMP-62,0,0.0,0
TSK-2234,EMP-11,1,0.88,1
TSK-2234,EMP-32,0,0.0,0
TSK-2234,EMP-68,0,0.0,0
TSK-2234,EMP-15,0,0.0,0
TSK-2234,EMP-4,0,0.0,0
TSK-2234,EMP-18,0,0.0,0
TSK-2234,EMP-6,0,0.016666666666666666,0
TSK-2234,EMP-67,0,0.0,0
TSK-2234,EMP-7,0,0.006666666666666667,0
TSK-2234,EMP-16,0,0.0,0
TSK-2234,EMP-14,0,0.0,0
TSK-2234,EMP-63,0,0.0,0
TSK-2234,EMP-49,0,0.0,0
TSK-2234,EMP-56,0,0.0,0
TSK-2234,EMP-42,0,0.0,0
TSK-2234,EMP-28,0,0.0,0
TSK-2234,EMP-57,0,0.0,0
TSK-2234,EMP-22,0,0.0,0
TSK-2234,EMP-5,0,0.043333333333333335,0
TSK-2234,EMP-48,0,0.0,0
TSK-2234,EMP-31,0,0.006666666666666667,0
TSK-2263,EMP-46,1,0.7533333333333333,1
TSK-2263,EMP-18,0,0.0033333333333333335,0
TSK-2263,EMP-29,0,0.0,0
TSK-2263,EMP-62,0,0.0,0
TSK-2263,EMP-7,0,0.16,0
TSK-2263,EMP-21,0,0.0033333333333333335,0
TSK-2263,EMP-6,0,0.0,0
TSK-2263,EMP-57,0,0.0,0
TSK-2263,EMP-20,0,0.0,0
TSK-2263,EMP-67,0,0.0,0
TSK-2263,EMP-25,0,0.0,0
TSK-2263,EMP-42,0,0.0,0
TSK-2263,EMP-4,0,0.0,0
TSK-2263,EMP-24,0,0.0,0
TSK-2263,EMP-15,0,0.0,0
TSK-2263,EMP-8,0,0.0,0
TSK-2263,EMP-11,0,0.0,0
TSK-2263,EMP-31,0,0.04666666666666667,0
TSK-2263,EMP-48,0,0.0,0
TSK-2263,EMP-1,0,0.0,0
TSK-2263,EMP-9,0,0.0,0
TSK-227,EMP-14,1,0.11,0
TSK-227,EMP-67,0,0.0,0
TSK-227,EMP-24,0,0.0,0
TSK-227,EMP-40,0,0.0,0
TSK-227,EMP-59,0,0.0,0
TSK-227,EMP-45,0,0.0,0
TSK-227,EMP-52,0,0.0033333333333333335,0
TSK-227,EMP-49,0,0.0,0
TSK-227,EMP-50,0,0.0,0
TSK-227,EMP-65,0,0.0033333333333333335,0
TSK-227,EMP-58,0,0.0,0
TSK-227,EMP-20,0,0.0,0
TSK-227,EMP-48,0,0.0,0
TSK-227,EMP-44,0,0.0,0
TSK-227,EMP-29,0,0.0,0
TSK-227,EMP-51,0,0.0,0
TSK-227,EMP-62,0,0.0,0
TSK-227,EMP-30,0,0.0,0
TSK-227,EMP-42,0,0.0,0
TSK-227,EMP-22,0,0.013333333333333334,0
TSK-227,EMP-68,0,0.0,0
TSK-2277,EMP-55,1,0.4766666666666667,0
TSK-2277,EMP-46,0,0.8833333333333333,1
TSK-2277,EMP-8,0,0.006666666666666667,0
TSK-2277,EMP-67,0,0.0,0
TSK-2277,EMP-11,0,0.0033333333333333335,0
TSK-2277,EMP-17,0,0.0,0
TSK-2277,EMP-28,0,0.056666666666666664,0
TSK-2277,EMP-52,0,0.0,0
TSK-2277,EMP-68,0,0.0,0
TSK-2277,EMP-4,0,0.0033333333333333335,0
TSK-2277,EMP-25,0,0.0,0
TSK-2277,EMP-63,0,0.0033333333333333335,0
TSK-2277,EMP-7,0,0.09666666666666666,0
TSK-2277,EMP-32,0,0.0033333333333333335,0
TSK-2277,EMP-18,0,0.0,0
TSK-2277,EMP-50,0,0.006666666666666667,0
TSK-2277,EMP-51,0,0.006666666666666667,0
TSK-2277,EMP-48,0,0.0,0
TSK-2277,EMP-10,0,0.0,0
TSK-2277,EMP-20,0,0.006666666666666667,0
TSK-2277,EMP-45,0,0.006666666666666667,0
TSK-2299,EMP-45,1,0.02666666666666667,0
TSK-2299,EMP-57,0,0.0,0
TSK-2299,EMP-20,0,0.01,0
TSK-2299,EMP-9,0,0.53,1
TSK-2299,EMP-10,0,0.0033333333333333335,0
TSK-2299,EMP-56,0,0.0,0
TSK-2299,EMP-49,0,0.0033333333333333335,0
TSK-2299,EMP-66,0,0.0,0
TSK-2299,EMP-18,0,0.01,0
TSK-2299,EMP-28,0,0.0033333333333333335,0
TSK-2299,EMP-48,0,0.0,0
TSK-2299,EMP-4,0,0.013333333333333334,0
TSK-2299,EMP-1,0,0.0,0
TSK-2299,EMP-51,0,0.006666666666666667,0
TSK-2299,EMP-16,0,0.006666666666666667,0
TSK-2299,EMP-21,0,0.0,0
TSK-2299,EMP-8,0,0.006666666666666667,0
TSK-2299,EMP-52,0,0.0,0
TSK-2299,EMP-44,0,0.0033333333333333335,0
TSK-2299,EMP-29,0,0.0,0
TSK-2299,EMP-15,0,0.0,0
TSK-2302,EMP-27,1,0.32,0
TSK-2302,EMP-41,0,0.5333333333333333,1
TSK-2302,EMP-65,0,0.0,0
TSK-2302,EMP-57,0,0.0,0
TSK-2302,EMP-6,0,0.0,0
TSK-2302,EMP-16,0,0.006666666666666667,0
TSK-2302,EMP-32,0,0.22333333333333333,0
TSK-2302,EMP-4,0,0.006666666666666667,0
TSK-2302,EMP-50,0,0.0,0
TSK-2302,EMP-45,0,0.67,1
TSK-2302,EMP-59,0,0.0,0
TSK-2302,EMP-14,0,0.0,0
TSK-2302,EMP-9,0,0.0033333333333333335,0
TSK-2302,EMP-68,0,0.0,0
TSK-2302,EMP-8,0,0.01,0
TSK-2302,EMP-67,0,0.0,0
TSK-2302,EMP-44,0,0.01,0
TSK-2302,EMP-31,0,0.006666666666666667,0
TSK-2302,EMP-12,0,0.0,0
TSK-2302,EMP-24,0,0.0,0
TSK-2302,EMP-21,0,0.0033333333333333335,0
TSK-2342,EMP-5,1,0.4666666666666667,0
TSK-2342,EMP-15,0,0.04666666666666667,0
TSK-2342,EMP-67,0,0.0033333333333333335,0
TSK-2342,EMP-46,0,0.15,0
TSK-2342,EMP-1,0,0.0,0
TSK-2342,EMP-68,0,0.013333333333333334,0
TSK-2342,EMP-25,0,0.006666666666666667,0
TSK-2342,EMP-9,0,0.03666666666666667,0
TSK-2342,EMP-7,0,0.07,0
TSK-2342,EMP-30,0,0.006666666666666667,0
TSK-2342,EMP-42,0,0.35,0
TSK-2342,EMP-41,0,0.5566666666666666,1
TSK-2342,EMP-62,0,0.06333333333333334,0
TSK-2342,EMP-40,0,0.03666666666666667,0
TSK-2342,EMP-56,0,0.04,0
TSK-2342,EMP-22,0,0.16333333333333333,0
TSK-2342,EMP-29,0,0.04,0
TSK-2342,EMP-11,0,0.5666666666666667,1
TSK-2342,EMP-63,0,0.006666666666666667,0
TSK-2342,EMP-65,0,0.04,0
TSK-2342,EMP-18,0,0.02666666666666667,0
TSK-236,EMP-4,1,0.8766666666666667,1
TSK-236,EMP-14,1,0.9166666666666666,1
TSK-236,EMP-15,0,0.17,0
TSK-236,EMP-67,0,0.0,0
TSK-236,EMP-48,0,0.0,0
TSK-236,EMP-5,0,0.6,1
TSK-236,EMP-21,0,0.0,0
TSK-236,EMP-41,0,0.01,0
TSK-236,EMP-66,0,0.0,0
TSK-236,EMP-68,0,0.0033333333333333335,0
TSK-236,EMP-56,0,0.0,0
TSK-236,EMP-50,0,0.0,0
TSK-236,EMP-12,0,0.25,0
TSK-236,EMP-44,0,0.006666666666666667,0
TSK-236,EMP-11,0,0.3233333333333333,0
TSK-236,EMP-42,0,0.006666666666666667,0
TSK-236,EMP-10,0,0.0,0
TSK-236,EMP-22,0,0.0,0
TSK-236,EMP-65,0,0.0,0
TSK-236,EMP-7,0,0.0,0
TSK-236,EMP-27,0,0.013333333333333334,0
TSK-236,EMP-8,0,0.0,0
TSK-2368,EMP-31,1,0.37,0
TSK-2368,EMP-68,0,0.0,0
TSK-2368,EMP-32,0,0.0033333333333333335,0
TSK-2368,EMP-8,0,0.04666666666666667,0
TSK-2368,EMP-10,0,0.11333333333333333,0
TSK-2368,EMP-52,0,0.0,0
TSK-2368,EMP-11,0,0.023333333333333334,0
TSK-2368,EMP-18,0,0.0,0
TSK-2368,EMP-17,0,0.0,0
TSK-2368,EMP-1,0,0.0,0
TSK-2368,EMP-66,0,0.0,0
TSK-2368,EMP-21,0,0.32666666666666666,0
TSK-2368,EMP-41,0,0.0033333333333333335,0
TSK-2368,EMP-4,0,0.0,0
TSK-2368,EMP-9,0,0.0,0
TSK-2368,EMP-63,0,0.0,0
TSK-2368,EMP-67,0,0.0,0
TSK-2368,EMP-62,0,0.12666666666666668,0
TSK-2368,EMP-56,0,0.023333333333333334,0
TSK-2368,EMP-5,0,0.01,0
TSK-2368,EMP-24,0,0.0,0
TSK-2370,EMP-10,1,0.44333333333333336,0
TSK-2370,EMP-21,0,0.6033333333333334,1
TSK-2370,EMP-25,0,0.0,0
TSK-2370,EMP-22,0,0.006666666666666667,0
TSK-2370,EMP-31,0,0.17666666666666667,0
TSK-2370,EMP-18,0,0.0,0
TSK-2370,EMP-6,0,0.0,0
TSK-2370,EMP-34,0,0.0,0
TSK-2370,EMP-20,0,0.0,0
TSK-2370,EMP-28,0,0.21666666666666667,0
TSK-2370,EMP-17,0,0.0,0
TSK-2370,EMP-24,0,0.0,0
TSK-2370,EMP-1,0,0.0,0
TSK-2370,EMP-51,0,0.05,0
TSK-2370,EMP-57,0,0.0,0
TSK-2370,EMP-15,0,0.0,0
TSK-2370,EMP-14,0,0.0,0
TSK-2370,EMP-42,0,0.023333333333333334,0
TSK-2370,EMP-45,0,0.043333333333333335,0
TSK-2370,EMP-58,0,0.0,0
TSK-2370,EMP-44,0,0.0,0
TSK-2415,EMP-10,1,0.3233333333333333,0
TSK-2415,EMP-20,0,0.0,0
TSK-2415,EMP-8,0,0.03,0
TSK-2415,EMP-12,0,0.0,0
TSK-2415,EMP-51,0,0.0,0
TSK-2415,EMP-66,0,0.0,0
TSK-2415,EMP-50,0,0.006666666666666667,0
TSK-2415,EMP-56,0,0.0033333333333333335,0
TSK-2415,EMP-58,0,0.0,0
TSK-2415,EMP-22,0,0.01,0
TSK-2415,EMP-18,0,0.0,0
TSK-2415,EMP-46,0,0.0033333333333333335,0
TSK-2415,EMP-24,0,0.0033333333333333335,0
TSK-2415,EMP-30,0,0.0,0
TSK-2415,EMP-42,0,0.0,0
TSK-2415,EMP-9,0,0.0,0
TSK-2415,EMP-28,0,0.17666666666666667,0
TSK-2415,EMP-55,0,0.15,0
TSK-2415,EMP-59,0,0.0,0
TSK-2415,EMP-41,0,0.45666666666666667,0
TSK-2415,EMP-14,0,0.0,0
TSK-2417,EMP-21,1,0.26666666666666666,0
TSK-2417,EMP-10,0,0.26666666666666666,0
TSK-2417,EMP-52,0,0.0,0
TSK-2417,EMP-16,0,0.0,0
TSK-2417,EMP-31,0,0.16,0
TSK-2417,EMP-63,0,0.0,0
TSK-2417,EMP-49,0,0.0,0
TSK-2417,EMP-18,0,0.0,0
TSK-2417,EMP-50,0,0.0,0
TSK-2417,EMP-40,0,0.0,0
TSK-2417,EMP-66,0,0.0,0
TSK-2417,EMP-59,0,0.0,0
TSK-2417,EMP-67,0,0.0,0
TSK-2417,EMP-58,0,0.0,0
TSK-2417,EMP-27,0,0.0,0
TSK-2417,EMP-22,0,0.006666666666666667,0
TSK-2417,EMP-29,0,0.0,0
TSK-2417,EMP-56,0,0.0,0
TSK-2417,EMP-14,0,0.0,0
TSK-2417,EMP-4,0,0.0,0
TSK-2417,EMP-11,0,0.02,0
TSK-2423,EMP-45,1,0.5566666666666666,1
TSK-2423,EMP-10,0,0.0,0
TSK-2423,EMP-8,0,0.043333333333333335,0
TSK-2423,EMP-7,0,0.0033333333333333335,0
TSK-2423,EMP-22,0,0.0,0
TSK-2423,EMP-5,0,0.043333333333333335,0
TSK-2423,EMP-1,0,0.0,0
TSK-2423,EMP-55,0,0.0,0
TSK-2423,EMP-25,0,0.0,0
TSK-2423,EMP-48,0,0.0,0
TSK-2423,EMP-67,0,0.0,0
TSK-2423,EMP-27,0,0.0,0
TSK-2423,EMP-51,0,0.0,0
TSK-2423,EMP-52,0,0.0,0
TSK-2423,EMP-24,0,0.0,0
TSK-2423,EMP-40,0,0.0,0
TSK-2423,EMP-31,0,0.0,0
TSK-2423,EMP-44,0,0.0,0
TSK-2423,EMP-49,0,0.0,0
TSK-2423,EMP-9,0,0.0,0
TSK-2423,EMP-62,0,0.0,0
TSK-2437,EMP-46,1,0.57,1
TSK-2437,EMP-27,0,0.0,0
TSK-2437,EMP-16,0,0.013333333333333334,0
TSK-2437,EMP-62,0,0.0,0
TSK-2437,EMP-22,0,0.0033333333333333335,0
TSK-2437,EMP-14,0,0.0,0
TSK-2437,EMP-8,0,0.006666666666666667,0
TSK-2437,EMP-11,0,0.14333333333333334,0
TSK-2437,EMP-34,0,0.0,0
TSK-2437,EMP-50,0,0.0,0
TSK-2437,EMP-9,0,0.0,0
TSK-2437,EMP-4,0,0.0,0
TSK-2437,EMP-68,0,0.0,0
TSK-2437,EMP-1,0,0.0,0
TSK-2437,EMP-10,0,0.22,0
TSK-2437,EMP-42,0,0.0,0
TSK-2437,EMP-48,0,0.0,0
TSK-2437,EMP-55,0,0.2833333333333333,0
TSK-2437,EMP-65,0,0.0033333333333333335,0
TSK-2437,EMP-31,0,0.043333333333333335,0
TSK-2437,EMP-41,0,0.18,0
TSK-2461,EMP-11,1,0.10666666666666667,0
TSK-2461,EMP-14,0,0.0,0
TSK-2461,EMP-21,0,0.05,0
TSK-2461,EMP-57,0,0.0033333333333333335,0
TSK-2461,EMP-66,0,0.0,0
TSK-2461,EMP-65,0,0.0033333333333333335,0
TSK-2461,EMP-55,0,0.0033333333333333335,0
TSK-2461,EMP-32,0,0.10333333333333333,0
TSK-2461,EMP-31,0,0.10333333333333333,0
TSK-2461,EMP-68,0,0.0,0
TSK-2461,EMP-34,0,0.0,0
TSK-2461,EMP-17,0,0.0,0
TSK-2461,EMP-6,0,0.0,0
TSK-2461,EMP-40,0,0.0,0
TSK-2461,EMP-63,0,0.0033333333333333335,0
TSK-2461,EMP-4,0,0.0,0
TSK-2461,EMP-16,0,0.0,0
TSK-2461,EMP-46,0,0.0,0
TSK-2461,EMP-62,0,0.0033333333333333335,0
TSK-2461,EMP-42,0,0.0,0
TSK-2461,EMP-24,0,0.0,0
TSK-2463,EMP-7,1,0.3433333333333333,0
TSK-2463,EMP-8,0,0.03666666666666667,0
TSK-2463,EMP-5,0,0.0,0
TSK-2463,EMP-28,0,0.5233333333333333,1
TSK-2463,EMP-58,0,0.0,0
TSK-2463,EMP-63,0,0.0033333333333333335,0
TSK-2463,EMP-25,0,0.0,0
TSK-2463,EMP-18,0,0.0,0
TSK-2463,EMP-12,0,0.0,0
TSK-2463,EMP-46,0,0.0,0
TSK-2463,EMP-31,0,0.14,0
TSK-2463,EMP-6,0,0.0,0
TSK-2463,EMP-32,0,0.05333333333333334,0
TSK-2463,EMP-4,0,0.0,0
TSK-2463,EMP-45,0,0.0,0
TSK-2463,EMP-9,0,0.0,0
TSK-2463,EMP-27,0,0.0,0
TSK-2463,EMP-34,0,0.0,0
TSK-2463,EMP-52,0,0.0,0
TSK-2463,EMP-57,0,0.0033333333333333335,0
TSK-2463,EMP-15,0,0.0,0
TSK-2477,EMP-42,1,0.69,1
TSK-2477,EMP-59,0,0.0,0
TSK-2477,EMP-7,0,0.06333333333333334,0
TSK-2477,EMP-12,0,0.013333333333333334,0
TSK-2477,EMP-49,0,0.0033333333333333335,0
TSK-2477,EMP-31,0,0.12666666666666668,0
TSK-2477,EMP-62,0,0.0,0
TSK-2477,EMP-28,0,0.0,0
TSK-2477,EMP-21,0,0.14333333333333334,0
TSK-2477,EMP-34,0,0.0,0
TSK-2477,EMP-46,0,0.0033333333333333335,0
TSK-2477,EMP-16,0,0.013333333333333334,0
TSK-2477,EMP-67,0,0.0,0
TSK-2477,EMP-63,0,0.0,0
TSK-2477,EMP-20,0,0.0033333333333333335,0
TSK-2477,EMP-41,0,0.27666666666666667,0
TSK-2477,EMP-27,0,0.43666666666666665,0
TSK-2477,EMP-45,0,0.0033333333333333335,0
TSK-2477,EMP-8,0,0.14,0
TSK-2477,EMP-24,0,0.0,0
TSK-2477,EMP-52,0,0.0,0
TSK-2486,EMP-7,1,0.7766666666666666,1
TSK-2486,EMP-30,0,0.0,0
TSK-2486,EMP-29,0,0.0,0
TSK-2486,EMP-56,0,0.0,0
TSK-2486,EMP-22,0,0.22,0
TSK-2486,EMP-52,0,0.0,0
TSK-2486,EMP-55,0,0.0,0
TSK-2486,EMP-62,0,0.0,0
TSK-2486,EMP-4,0,0.0,0
TSK-2486,EMP-14,0,0.0,0
TSK-2486,EMP-50,0,0.0033333333333333335,0
TSK-2486,EMP-24,0,0.0,0
TSK-2486,EMP-57,0,0.0,0
TSK-2486,EMP-20,0,0.0,0
TSK-2486,EMP-40,0,0.0033333333333333335,0
TSK-2486,EMP-41,0,0.0,0
TSK-2486,EMP-45,0,0.0,0
TSK-2486,EMP-65,0,0.0,0
TSK-2486,EMP-16,0,0.0,0
TSK-2486,EMP-25,0,0.0,0
TSK-2486,EMP-59,0,0.0,0
TSK-2492,EMP-41,1,0.21666666666666667,0
TSK-2492,EMP-11,1,0.57,1
TSK-2492,EMP-5,1,0.49333333333333335,0
TSK-2492,EMP-63,0,0.0033333333333333335,0
TSK-2492,EMP-24,0,0.016666666666666666,0
TSK-2492,EMP-55,0,0.09,0
TSK-2492,EMP-20,0,0.0,0
TSK-2492,EMP-31,0,0.27666666666666667,0
TSK-2492,EMP-50,0,0.0,0
TSK-2492,EMP-22,0,0.14666666666666667,0
TSK-2492,EMP-6,0,0.05,0
TSK-2492,EMP-51,0,0.023333333333333334,0
TSK-2492,EMP-27,0,0.3233333333333333,0
TSK-2492,EMP-21,0,0.14666666666666667,0
TSK-2492,EMP-29,0,0.006666666666666667,0
TSK-2492,EMP-16,0,0.06666666666666667,0
TSK-2492,EMP-68,0,0.013333333333333334,0
TSK-2492,EMP-42,0,0.17333333333333334,0
TSK-2492,EMP-1,0,0.0,0
TSK-2492,EMP-30,0,0.006666666666666667,0
TSK-2492,EMP-25,0,0.006666666666666667,0
TSK-2492,EMP-32,0,0.006666666666666667,0
TSK-2492,EMP-15,0,0.016666666666666666,0
TSK-2500,EMP-41,1,0.23666666666666666,0
TSK-2500,EMP-8,0,0.03333333333333333,0
TSK-2500,EMP-24,0,0.0,0
TSK-2500,EMP-66,0,0.0,0
TSK-2500,EMP-28,0,0.0033333333333333335,0
TSK-2500,EMP-25,0,0.0,0
TSK-2500,EMP-68,0,0.0,0
TSK-2500,EMP-5,0,0.59,1
TSK-2500,EMP-21,0,0.04,0
TSK-2500,EMP-11,0,0.03333333333333333,0
TSK-2500,EMP-31,0,0.02,0
TSK-2500,EMP-18,0,0.0033333333333333335,0
TSK-2500,EMP-57,0,0.0,0
TSK-2500,EMP-67,0,0.0,0
TSK-2500,EMP-14,0,0.0,0
TSK-2500,EMP-44,0,0.0,0
TSK-2500,EMP-62,0,0.0,0
TSK-2500,EMP-58,0,0.0,0
TSK-2500,EMP-49,0,0.0,0
TSK-2500,EMP-52,0,0.0,0
TSK-2500,EMP-63,0,0.0,0
TSK-2507,EMP-31,1,0.39666666666666667,0
TSK-2507,EMP-20,0,0.0,0
TSK-2507,EMP-27,0,0.05333333333333334,0
TSK-2507,EMP-46,0,0.0,0
TSK-2507,EMP-21,0,0.37,0
TSK-2507,EMP-45,0,0.09666666666666666,0
TSK-2507,EMP-68,0,0.0,0
TSK-2507,EMP-58,0,0.0,0
TSK-2507,EMP-51,0,0.0,0
TSK-2507,EMP-62,0,0.0,0
TSK-2507,EMP-5,0,0.023333333333333334,0
TSK-2507,EMP-1,0,0.0,0
TSK-2507,EMP-25,0,0.0,0
TSK-2507,EMP-14,0,0.0,0
TSK-2507,EMP-67,0,0.0,0
TSK-2507,EMP-29,0,0.0,0
TSK-2507,EMP-50,0,0.0,0
TSK-2507,EMP-57,0,0.0,0
TSK-2507,EMP-55,0,0.0,0
TSK-2507,EMP-17,0,0.11,0
TSK-2507,EMP-44,0,0.0,0
TSK-2508,EMP-7,1,0.13,0
TSK-2508,EMP-32,0,0.023333333333333334,0
TSK-2508,EMP-10,0,0.03,0
TSK-2508,EMP-27,0,0.03333333333333333,0
TSK-2508,EMP-28,0,0.28,0
TSK-2508,EMP-1,0,0.0,0
TSK-2508,EMP-58,0,0.0,0
TSK-2508,EMP-17,0,0.056666666666666664,0
TSK-2508,EMP-34,0,0.0,0
TSK-2508,EMP-68,0,0.0,0
TSK-2508,EMP-25,0,0.0,0
TSK-2508,EMP-42,0,0.2833333333333333,0
TSK-2508,EMP-16,0,0.0,0
TSK-2508,EMP-29,0,0.0,0
TSK-2508,EMP-63,0,0.006666666666666667,0
TSK-2508,EMP-22,0,0.14,0
TSK-2508,EMP-62,0,0.0,0
TSK-2508,EMP-46,0,0.0,0
TSK-2508,EMP-15,0,0.0,0
TSK-2508,EMP-41,0,0.02666666666666667,0
TSK-2508,EMP-20,0,0.0,0
TSK-2513,EMP-5,1,0.5533333333333333,1
TSK-2513,EMP-46,1,0.89,1
TSK-2513,EMP-55,1,0.7833333333333333,1
TSK-2513,EMP-65,0,0.0,0
TSK-2513,EMP-22,0,0.0,0
TSK-2513,EMP-56,0,0.0,0
TSK-2513,EMP-11,0,0.30666666666666664,0
TSK-2513,EMP-7,0,0.12666666666666668,0
TSK-2513,EMP-48,0,0.0,0
TSK-2513,EMP-51,0,0.0033333333333333335,0
TSK-2513,EMP-32,0,0.0,0
TSK-2513,EMP-41,0,0.2866666666666667,0
TSK-2513,EMP-40,0,0.0033333333333333335,0
TSK-2513,EMP-24,0,0.0,0
TSK-2513,EMP-44,0,0.01,0
TSK-2513,EMP-25,0,0.0,0
TSK-2513,EMP-21,0,0.0,0
TSK-2513,EMP-66,0,0.0,0
TSK-2513,EMP-4,0,0.0033333333333333335,0
TSK-2513,EMP-67,0,0.0,0
TSK-2513,EMP-34,0,0.0,0
TSK-2513,EMP-1,0,0.0,0
TSK-2513,EMP-14,0,0.0,0
TSK-2516,EMP-8,1,0.9066666666666666,1
TSK-2516,EMP-44,0,0.0,0
TSK-2516,EMP-24,0,0.0,0
TSK-2516,EMP-29,0,0.0,0
TSK-2516,EMP-18,0,0.0,0
TSK-2516,EMP-25,0,0.0,0
TSK-2516,EMP-32,0,0.0,0
TSK-2516,EMP-31,0,0.0,0
TSK-2516,EMP-4,0,0.14,0
TSK-2516,EMP-65,0,0.0,0
TSK-2516,EMP-63,0,0.0,0
TSK-2516,EMP-14,0,0.0,0
TSK-2516,EMP-1,0,0.0,0
TSK-2516,EMP-67,0,0.0,0
TSK-2516,EMP-49,0,0.0,0
TSK-2516,EMP-9,0,0.0,0
TSK-2516,EMP-48,0,0.0,0
TSK-2516,EMP-62,0,0.0,0
TSK-2516,EMP-6,0,0.0,0
TSK-2516,EMP-30,0,0.0,0
TSK-2516,EMP-51,0,0.0,0
TSK-2524,EMP-44,1,0.16333333333333333,0
TSK-2524,EMP-46,1,0.0033333333333333335,0
TSK-2524,EMP-6,0,0.013333333333333334,0
TSK-2524,EMP-28,0,0.0033333333333333335,0
TSK-2524,EMP-30,0,0.0033333333333333335,0
TSK-2524,EMP-21,0,0.0,0
TSK-2524,EMP-9,0,0.0,0
TSK-2524,EMP-20,0,0.0033333333333333335,0
TSK-2524,EMP-17,0,0.0033333333333333335,0
TSK-2524,EMP-10,0,0.0,0
TSK-2524,EMP-41,0,0.01,0
TSK-2524,EMP-24,0,0.0,0
TSK-2524,EMP-59,0,0.0,0
TSK-2524,EMP-68,0,0.0,0
TSK-2524,EMP-31,0,0.0,0
TSK-2524,EMP-32,0,0.01,0
TSK-2524,EMP-12,0,0.0,0
TSK-2524,EMP-56,0,0.0,0
TSK-2524,EMP-67,0,0.0,0
TSK-2524,EMP-63,0,0.0033333333333333335,0
TSK-2524,EMP-15,0,0.0,0
TSK-2524,EMP-66,0,0.0,0
TSK-2528,EMP-16,1,0.8633333333333333,1
TSK-2528,EMP-48,0,0.0,0
TSK-2528,EMP-58,0,0.0,0
TSK-2528,EMP-57,0,0.0,0
TSK-2528,EMP-65,0,0.0,0
TSK-2528,EMP-1,0,0.0,0
TSK-2528,EMP-4,0,0.09,0
TSK-2528,EMP-32,0,0.006666666666666667,0
TSK-2528,EMP-29,0,0.006666666666666667,0
TSK-2528,EMP-15,0,0.0033333333333333335,0
TSK-2528,EMP-67,0,0.0033333333333333335,0
TSK-2528,EMP-5,0,0.0,0
TSK-2528,EMP-42,0,0.0033333333333333335,0
TSK-2528,EMP-28,0,0.0,0
TSK-2528,EMP-6,0,0.043333333333333335,0
TSK-2528,EMP-50,0,0.0,0
TSK-2528,EMP-46,0,0.0,0
TSK-2528,EMP-31,0,0.0,0
TSK-2528,EMP-17,0,0.01,0
TSK-2528,EMP-55,0,0.0,0
TSK-2528,EMP-49,0,0.0033333333333333335,0
TSK-2541,EMP-28,1,0.21,0
TSK-2541,EMP-12,0,0.0,0
TSK-2541,EMP-57,0,0.013333333333333334,0
TSK-2541,EMP-45,0,0.01,0
TSK-2541,EMP-67,0,0.0,0
TSK-2541,EMP-56,0,0.02,0
TSK-2541,EMP-27,0,0.056666666666666664,0
TSK-2541,EMP-25,0,0.0,0
TSK-2541,EMP-46,0,0.006666666666666667,0
TSK-2541,EMP-1,0,0.0,0
TSK-2541,EMP-15,0,0.0,0
TSK-2541,EMP-62,0,0.05333333333333334,0
TSK-2541,EMP-20,0,0.0,0
TSK-2541,EMP-59,0,0.0,0
TSK-2541,EMP-4,0,0.0,0
TSK-2541,EMP-58,0,0.02,0
TSK-2541,EMP-8,0,0.04666666666666667,0
TSK-2541,EMP-40,0,0.0,0
TSK-2541,EMP-44,0,0.0,0
TSK-2541,EMP-14,0,0.0,0
TSK-2541,EMP-30,0,0.0,0
TSK-2545,EMP-28,1,0.36,0
TSK-2545,EMP-7,0,0.09333333333333334,0
TSK-2545,EMP-50,0,0.08,0
TSK-2545,EMP-4,0,0.0,0
TSK-2545,EMP-14,0,0.0,0
TSK-2545,EMP-27,0,0.0,0
TSK-2545,EMP-34,0,0.0,0
TSK-2545,EMP-41,0,0.0,0
TSK-2545,EMP-56,0,0.05,0
TSK-2545,EMP-59,0,0.016666666666666666,0
TSK-2545,EMP-24,0,0.0033333333333333335,0
TSK-2545,EMP-17,0,0.0,0
TSK-2545,EMP-63,0,0.043333333333333335,0
TSK-2545,EMP-65,0,0.0,0
TSK-2545,EMP-12,0,0.0,0
TSK-2545,EMP-68,0,0.0,0
TSK-2545,EMP-18,0,0.0,0
TSK-2545,EMP-29,0,0.0,0
TSK-2545,EMP-16,0,0.0,0
TSK-2545,EMP-15,0,0.0,0
TSK-2545,EMP-31,0,0.3566666666666667,0
TSK-2552,EMP-57,1,0.01,0
TSK-2552,EMP-28,0,0.23333333333333334,0
TSK-2552,EMP-51,0,0.0,0
TSK-2552,EMP-46,0,0.0033333333333333335,0
TSK-2552,EMP-24,0,0.0,0
TSK-2552,EMP-45,0,0.006666666666666667,0
TSK-2552,EMP-8,0,0.016666666666666666,0
TSK-2552,EMP-32,0,0.0,0
TSK-2552,EMP-14,0,0.0,0
TSK-2552,EMP-59,0,0.0,0
TSK-2552,EMP-21,0,0.44,0
TSK-2552,EMP-56,0,0.02,0
TSK-2552,EMP-62,0,0.14666666666666667,0
TSK-2552,EMP-4,0,0.0,0
TSK-2552,EMP-7,0,0.06,0
TSK-2552,EMP-1,0,0.0,0
TSK-2552,EMP-20,0,0.0,0
TSK-2552,EMP-10,0,0.25333333333333335,0
TSK-2552,EMP-5,0,0.01,0
TSK-2552,EMP-44,0,0.0,0
TSK-2552,EMP-11,0,0.03666666666666667,0
TSK-2558,EMP-32,1,0.7266666666666667,1
TSK-2558,EMP-49,1,0.15666666666666668,0
TSK-2558,EMP-9,0,0.0,0
TSK-2558,EMP-59,0,0.04,0
TSK-2558,EMP-56,0,0.05333333333333334,0
TSK-2558,EMP-17,0,0.0,0
TSK-2558,EMP-58,0,0.0,0
TSK-2558,EMP-12,0,0.0,0
TSK-2558,EMP-31,0,0.14666666666666667,0
TSK-2558,EMP-41,0,0.006666666666666667,0
TSK-2558,EMP-11,0,0.31666666666666665,0
TSK-2558,EMP-28,0,0.09,0
TSK-2558,EMP-18,0,0.0,0
TSK-2558,EMP-40,0,0.0,0
TSK-2558,EMP-14,0,0.0,0
TSK-2558,EMP-22,0,0.05,0
TSK-2558,EMP-7,0,0.06,0
TSK-2558,EMP-8,0,0.13666666666666666,0
TSK-2558,EMP-46,0,0.0,0
TSK-2558,EMP-44,0,0.0,0
TSK-2558,EMP-45,0,0.0,0
TSK-2558,EMP-6,0,0.0,0
TSK-2568,EMP-46,1,0.23666666666666666,0
TSK-2568,EMP-65,0,0.0,0
TSK-2568,EMP-25,0,0.0,0
TSK-2568,EMP-45,0,0.12333333333333334,0
TSK-2568,EMP-57,0,0.0,0
TSK-2568,EMP-18,0,0.0033333333333333335,0
TSK-2568,EMP-22,0,0.0033333333333333335,0
TSK-2568,EMP-7,0,0.18333333333333332,0
TSK-2568,EMP-58,0,0.0033333333333333335,0
TSK-2568,EMP-56,0,0.0,0
TSK-2568,EMP-32,0,0.0033333333333333335,0
TSK-2568,EMP-34,0,0.0,0
TSK-2568,EMP-55,0,0.0,0
TSK-2568,EMP-41,0,0.11,0
TSK-2568,EMP-49,0,0.0,0
TSK-2568,EMP-21,0,0.31666666666666665,0
TSK-2568,EMP-29,0,0.0,0
TSK-2568,EMP-9,0,0.0,0
TSK-2568,EMP-5,0,0.15,0
TSK-2568,EMP-1,0,0.0,0
TSK-2568,EMP-12,0,0.0,0
TSK-2575,EMP-42,1,0.6633333333333333,1
TSK-2575,EMP-45,0,0.10333333333333333,0
TSK-2575,EMP-51,0,0.006666666666666667,0
TSK-2575,EMP-15,0,0.0,0
TSK-2575,EMP-63,0,0.06333333333333334,0
TSK-2575,EMP-59,0,0.0,0
TSK-2575,EMP-18,0,0.0033333333333333335,0
TSK-2575,EMP-34,0,0.0,0
TSK-2575,EMP-32,0,0.29333333333333333,0
TSK-2575,EMP-21,0,0.07666666666666666,0
TSK-2575,EMP-22,0,0.11333333333333333,0
TSK-2575,EMP-28,0,0.12666666666666668,0
TSK-2575,EMP-30,0,0.0,0
TSK-2575,EMP-1,0,0.0,0
TSK-2575,EMP-10,0,0.07,0
TSK-2575,EMP-48,0,0.0,0
TSK-2575,EMP-17,0,0.17,0
TSK-2575,EMP-16,0,0.0,0
TSK-2575,EMP-62,0,0.0033333333333333335,0
TSK-2575,EMP-67,0,0.0,0
TSK-2575,EMP-11,0,0.04,0
TSK-2586,EMP-22,1,0.01,0
TSK-2586,EMP-58,0,0.0,0
TSK-2586,EMP-4,0,0.06,0
TSK-2586,EMP-9,0,0.1,0
TSK-2586,EMP-65,0,0.0,0
TSK-2586,EMP-15,0,0.0,0
TSK-2586,EMP-8,0,0.44333333333333336,0
TSK-2586,EMP-5,0,0.06666666666666667,0
TSK-2586,EMP-42,0,0.11333333333333333,0
TSK-2586,EMP-50,0,0.0,0
TSK-2586,EMP-12,0,0.0033333333333333335,0
TSK-2586,EMP-17,0,0.0,0
TSK-2586,EMP-27,0,0.06333333333333334,0
TSK-2586,EMP-28,0,0.0033333333333333335,0
TSK-2586,EMP-44,0,0.0,0
TSK-2586,EMP-59,0,0.0,0
TSK-2586,EMP-1,0,0.0,0
TSK-2586,EMP-57,0,0.0,0
TSK-2586,EMP-41,0,0.06666666666666667,0
TSK-2586,EMP-18,0,0.0,0
TSK-2586,EMP-68,0,0.0,0
TSK-2608,EMP-10,1,0.15666666666666668,0
TSK-2608,EMP-48,0,0.0,0
TSK-2608,EMP-63,0,0.0,0
TSK-2608,EMP-29,0,0.0,0
TSK-2608,EMP-49,0,0.0,0
TSK-2608,EMP-14,0,0.0,0
TSK-2608,EMP-50,0,0.0,0
TSK-2608,EMP-57,0,0.0,0
TSK-2608,EMP-58,0,0.0,0
TSK-2608,EMP-11,0,0.18,0
TSK-2608,EMP-45,0,0.0,0
TSK-2608,EMP-44,0,0.0,0
TSK-2608,EMP-28,0,0.24,0
TSK-2608,EMP-62,0,0.006666666666666667,0
TSK-2608,EMP-32,0,0.0,0
TSK-2608,EMP-1,0,0.0,0
TSK-2608,EMP-46,0,0.0,0
TSK-2608,EMP-7,0,0.44333333333333336,0
TSK-2608,EMP-52,0,0.0,0
TSK-2608,EMP-15,0,0.0,0
TSK-2608,EMP-17,0,0.0,0
TSK-2619,EMP-22,1,0.25666666666666665,0
TSK-2619,EMP-68,0,0.0,0
TSK-2619,EMP-10,0,0.13666666666666666,0
TSK-2619,EMP-55,0,0.0033333333333333335,0
TSK-2619,EMP-52,0,0.0,0
TSK-2619,EMP-51,0,0.0,0
TSK-2619,EMP-42,0,0.043333333333333335,0
TSK-2619,EMP-18,0,0.0,0
TSK-2619,EMP-49,0,0.0,0
TSK-2619,EMP-5,0,0.0033333333333333335,0
TSK-2619,EMP-11,0,0.013333333333333334,0
TSK-2619,EMP-48,0,0.0,0
TSK-2619,EMP-6,0,0.0,0
TSK-2619,EMP-25,0,0.0,0
TSK-2619,EMP-20,0,0.0,0
TSK-2619,EMP-9,0,0.0,0
TSK-2619,EMP-28,0,0.41,0
TSK-2619,EMP-59,0,0.0,0
TSK-2619,EMP-16,0,0.0,0
TSK-2619,EMP-27,0,0.0,0
TSK-2619,EMP-8,0,0.17333333333333334,0
TSK-2624,EMP-11,1,0.7233333333333334,1
TSK-2624,EMP-12,0,0.0,0
TSK-2624,EMP-56,0,0.0033333333333333335,0
TSK-2624,EMP-45,0,0.0,0
TSK-2624,EMP-46,0,0.0,0
TSK-2624,EMP-51,0,0.0,0
TSK-2624,EMP-34,0,0.0,0
TSK-2624,EMP-8,0,0.19333333333333333,0
TSK-2624,EMP-50,0,0.0,0
TSK-2624,EMP-52,0,0.0,0
TSK-2624,EMP-32,0,0.0,0
TSK-2624,EMP-28,0,0.0,0
TSK-2624,EMP-14,0,0.0,0
TSK-2624,EMP-42,0,0.0,0
TSK-2624,EMP-41,0,0.0,0
TSK-2624,EMP-10,0,0.13,0
TSK-2624,EMP-57,0,0.0,0
TSK-2624,EMP-63,0,0.0033333333333333335,0
TSK-2624,EMP-22,0,0.22666666666666666,0
TSK-2624,EMP-65,0,0.0,0
TSK-2624,EMP-68,0,0.0,0
TSK-2632,EMP-11,1,0.016666666666666666,0
TSK-2632,EMP-55,1,0.41,0
TSK-2632,EMP-30,0,0.0,0
TSK-2632,EMP-10,0,0.0033333333333333335,0
TSK-2632,EMP-56,0,0.0,0
TSK-2632,EMP-7,0,0.0,0
TSK-2632,EMP-29,0,0.0,0
TSK-2632,EMP-28,0,0.0,0
TSK-2632,EMP-67,0,0.0,0
TSK-2632,EMP-21,0,0.0,0
TSK-2632,EMP-22,0,0.0033333333333333335,0
TSK-2632,EMP-15,0,0.0,0
TSK-2632,EMP-45,0,0.006666666666666667,0
TSK-2632,EMP-27,0,0.0,0
TSK-2632,EMP-68,0,0.0,0
TSK-2632,EMP-6,0,0.006666666666666667,0
TSK-2632,EMP-41,0,0.0,0
TSK-2632,EMP-63,0,0.0,0
TSK-2632,EMP-58,0,0.0,0
TSK-2632,EMP-18,0,0.06666666666666667,0
TSK-2632,EMP-24,0,0.0,0
TSK-2632,EMP-14,0,0.0,0
TSK-2634,EMP-11,1,0.20333333333333334,0
TSK-2634,EMP-27,0,0.63,1
TSK-2634,EMP-16,0,0.0033333333333333335,0
TSK-2634,EMP-66,0,0.0,0
TSK-2634,EMP-5,0,0.23333333333333334,0
TSK-2634,EMP-50,0,0.0,0
TSK-2634,EMP-55,0,0.006666666666666667,0
TSK-2634,EMP-65,0,0.0,0
TSK-2634,EMP-21,0,0.06666666666666667,0
TSK-2634,EMP-49,0,0.0,0
TSK-2634,EMP-24,0,0.0,0
TSK-2634,EMP-52,0,0.0,0
TSK-2634,EMP-63,0,0.0,0
TSK-2634,EMP-59,0,0.0,0
TSK-2634,EMP-25,0,0.0,0
TSK-2634,EMP-34,0,0.0,0
TSK-2634,EMP-32,0,0.013333333333333334,0
TSK-2634,EMP-7,0,0.06,0
TSK-2634,EMP-31,0,0.12666666666666668,0
TSK-2634,EMP-18,0,0.0,0
TSK-2634,EMP-51,0,0.0033333333333333335,0
TSK-2672,EMP-22,1,0.35333333333333333,0
TSK-2672,EMP-20,0,0.0033333333333333335,0
TSK-2672,EMP-32,0,0.006666666666666667,0
TSK-2672,EMP-65,0,0.0,0
TSK-2672,EMP-17,0,0.0,0
TSK-2672,EMP-15,0,0.0,0
TSK-2672,EMP-9,0,0.0,0
TSK-2672,EMP-48,0,0.0,0
TSK-2672,EMP-46,0,0.7166666666666667,1
TSK-2672,EMP-58,0,0.0033333333333333335,0
TSK-2672,EMP-4,0,0.0033333333333333335,0
TSK-2672,EMP-63,0,0.0,0
TSK-2672,EMP-55,0,0.65,1
TSK-2672,EMP-8,0,0.006666666666666667,0
TSK-2672,EMP-40,0,0.006666666666666667,0
TSK-2672,EMP-44,0,0.01,0
TSK-2672,EMP-5,0,0.19,0
TSK-2672,EMP-6,0,0.0033333333333333335,0
TSK-2672,EMP-28,0,0.41333333333333333,0
TSK-2672,EMP-68,0,0.0,0
TSK-2672,EMP-66,0,0.0,0
TSK-2691,EMP-55,1,0.24,0
TSK-2691,EMP-17,0,0.1,0
TSK-2691,EMP-67,0,0.02666666666666667,0
TSK-2691,EMP-58,0,0.0033333333333333335,0
TSK-2691,EMP-10,0,0.01,0
TSK-2691,EMP-41,0,0.4766666666666667,0
TSK-2691,EMP-5,0,0.54,1
TSK-2691,EMP-51,0,0.13,0
TSK-2691,EMP-9,0,0.07666666666666666,0
TSK-2691,EMP-34,0,0.12666666666666668,0
TSK-2691,EMP-22,0,0.05,0
TSK-2691,EMP-65,0,0.02,0
TSK-2691,EMP-4,0,0.05,0
TSK-2691,EMP-56,0,0.04666666666666667,0
TSK-2691,EMP-46,0,0.2733333333333333,0
TSK-2691,EMP-1,0,0.0,0
TSK-2691,EMP-63,0,0.013333333333333334,0
TSK-2691,EMP-66,0,0.0033333333333333335,0
TSK-2691,EMP-32,0,0.07,0
TSK-2691,EMP-59,0,0.0,0
TSK-2691,EMP-25,0,0.0033333333333333335,0
TSK-2695,EMP-56,1,0.51,1
TSK-2695,EMP-16,0,0.0,0
TSK-2695,EMP-42,0,0.0,0
TSK-2695,EMP-15,0,0.0,0
TSK-2695,EMP-30,0,0.0,0
TSK-2695,EMP-8,0,0.03333333333333333,0
TSK-2695,EMP-58,0,0.006666666666666667,0
TSK-2695,EMP-34,0,0.0,0
TSK-2695,EMP-65,0,0.0,0
TSK-2695,EMP-4,0,0.0,0
TSK-2695,EMP-62,0,0.39666666666666667,0
TSK-2695,EMP-46,0,0.0,0
TSK-2695,EMP-12,0,0.0,0
TSK-2695,EMP-32,0,0.19,0
TSK-2695,EMP-45,0,0.0,0
TSK-2695,EMP-6,0,0.0,0
TSK-2695,EMP-40,0,0.0,0
TSK-2695,EMP-10,0,0.03333333333333333,0
TSK-2695,EMP-63,0,0.016666666666666666,0
TSK-2695,EMP-59,0,0.20333333333333334,0
TSK-2695,EMP-44,0,0.0,0
TSK-2702,EMP-11,1,0.7866666666666666,1
TSK-2702,EMP-5,0,0.043333333333333335,0
TSK-2702,EMP-56,0,0.0,0
TSK-2702,EMP-51,0,0.0,0
TSK-2702,EMP-62,0,0.0033333333333333335,0
TSK-2702,EMP-24,0,0.0,0
TSK-2702,EMP-59,0,0.0,0
TSK-2702,EMP-10,0,0.0,0
TSK-2702,EMP-4,0,0.0,0
TSK-2702,EMP-52,0,0.0,0
TSK-2702,EMP-48,0,0.0,0
TSK-2702,EMP-30,0,0.0,0
TSK-2702,EMP-1,0,0.0,0
TSK-2702,EMP-57,0,0.0,0
TSK-2702,EMP-68,0,0.0,0
TSK-2702,EMP-27,0,0.01,0
TSK-2702,EMP-12,0,0.0,0
TSK-2702,EMP-9,0,0.0,0
TSK-2702,EMP-58,0,0.0,0
TSK-2702,EMP-65,0,0.0,0
TSK-2702,EMP-15,0,0.0,0
TSK-2705,EMP-56,1,0.0,0
TSK-2705,EMP-9,0,0.0,0
TSK-2705,EMP-12,0,0.0,0
TSK-2705,EMP-44,0,0.0,0
TSK-2705,EMP-58,0,0.0,0
TSK-2705,EMP-10,0,0.25666666666666665,0
TSK-2705,EMP-18,0,0.0,0
TSK-2705,EMP-48,0,0.0,0
TSK-2705,EMP-29,0,0.0,0
TSK-2705,EMP-31,0,0.13,0
TSK-2705,EMP-34,0,0.0,0
TSK-2705,EMP-59,0,0.016666666666666666,0
TSK-2705,EMP-50,0,0.0,0
TSK-2705,EMP-66,0,0.0,0
TSK-2705,EMP-1,0,0.0,0
TSK-2705,EMP-30,0,0.0,0
TSK-2705,EMP-7,0,0.19666666666666666,0
TSK-2705,EMP-4,0,0.0,0
TSK-2705,EMP-11,0,0.29333333333333333,0
TSK-2705,EMP-51,0,0.0033333333333333335,0
TSK-2705,EMP-42,0,0.0033333333333333335,0
TSK-2720,EMP-5,1,0.38333333333333336,0
TSK-2720,EMP-6,0,0.04666666666666667,0
TSK-2720,EMP-68,0,0.0,0
TSK-2720,EMP-9,0,0.0,0
TSK-2720,EMP-17,0,0.0,0
TSK-2720,EMP-15,0,0.0,0
TSK-2720,EMP-40,0,0.0,0
TSK-2720,EMP-14,0,0.0,0
TSK-2720,EMP-58,0,0.0,0
TSK-2720,EMP-21,0,0.0033333333333333335,0
TSK-2720,EMP-30,0,0.0,0
TSK-2720,EMP-63,0,0.0,0
TSK-2720,EMP-11,0,0.36,0
TSK-2720,EMP-7,0,0.0,0
TSK-2720,EMP-16,0,0.0,0
TSK-2720,EMP-8,0,0.06333333333333334,0
TSK-2720,EMP-28,0,0.0,0
TSK-2720,EMP-24,0,0.0,0
TSK-2720,EMP-52,0,0.0,0
TSK-2720,EMP-65,0,0.01,0
TSK-2720,EMP-41,0,0.11666666666666667,0
TSK-2721,EMP-32,1,0.41333333333333333,0
TSK-2721,EMP-56,0,0.0,0
TSK-2721,EMP-25,0,0.0,0
TSK-2721,EMP-20,0,0.0,0
TSK-2721,EMP-21,0,0.0,0
TSK-2721,EMP-7,0,0.0,0
TSK-2721,EMP-42,0,0.0,0
TSK-2721,EMP-11,0,0.0,0
TSK-2721,EMP-46,0,0.4533333333333333,0
TSK-2721,EMP-63,0,0.0,0
TSK-2721,EMP-9,0,0.0,0
TSK-2721,EMP-27,0,0.0,0
TSK-2721,EMP-29,0,0.0,0
TSK-2721,EMP-66,0,0.0,0
TSK-2721,EMP-16,0,0.31,0
TSK-2721,EMP-17,0,0.0033333333333333335,0
TSK-2721,EMP-41,0,0.0033333333333333335,0
TSK-2721,EMP-44,0,0.42333333333333334,0
TSK-2721,EMP-4,0,0.0,0
TSK-2721,EMP-48,0,0.0,0
TSK-2721,EMP-8,0,0.0,0
TSK-2725,EMP-5,1,0.34,0
TSK-2725,EMP-27,0,0.0033333333333333335,0
TSK-2725,EMP-14,0,0.0,0
TSK-2725,EMP-18,0,0.0,0
TSK-2725,EMP-32,0,0.0,0
TSK-2725,EMP-65,0,0.01,0
TSK-2725,EMP-51,0,0.0,0
TSK-2725,EMP-55,0,0.0,0
TSK-2725,EMP-41,0,0.10666666666666667,0
TSK-2725,EMP-11,0,0.35,0
TSK-2725,EMP-58,0,0.0,0
TSK-2725,EMP-7,0,0.0,0
TSK-2725,EMP-42,0,0.0,0
TSK-2725,EMP-63,0,0.0,0
TSK-2725,EMP-15,0,0.0,0
TSK-2725,EMP-12,0,0.0,0
TSK-2725,EMP-29,0,0.0,0
TSK-2725,EMP-6,0,0.043333333333333335,0
TSK-2725,EMP-50,0,0.0,0
TSK-2725,EMP-34,0,0.0,0
TSK-2725,EMP-49,0,0.0,0
TSK-2745,EMP-5,1,0.9166666666666666,1
TSK-2745,EMP-27,1,0.43,0
TSK-2745,EMP-55,1,0.24666666666666667,0
TSK-2745,EMP-4,0,0.0033333333333333335,0
TSK-2745,EMP-32,0,0.0,0
TSK-2745,EMP-28,0,0.09333333333333334,0
TSK-2745,EMP-45,0,0.06333333333333334,0
TSK-2745,EMP-24,0,0.006666666666666667,0
TSK-2745,EMP-62,0,0.0,0
TSK-2745,EMP-63,0,0.11333333333333333,0
TSK-2745,EMP-10,0,0.02,0
TSK-2745,EMP-44,0,0.006666666666666667,0
TSK-2745,EMP-58,0,0.0,0
TSK-2745,EMP-68,0,0.03666666666666667,0
TSK-2745,EMP-12,0,0.02,0
TSK-2745,EMP-18,0,0.01,0
TSK-2745,EMP-17,0,0.06,0
TSK-2745,EMP-15,0,0.016666666666666666,0
TSK-2745,EMP-51,0,0.023333333333333334,0
TSK-2745,EMP-57,0,0.0,0
TSK-2745,EMP-67,0,0.0,0
TSK-2745,EMP-66,0,0.0,0
TSK-2745,EMP-34,0,0.05,0
TSK-2758,EMP-45,1,0.6333333333333333,1
TSK-2758,EMP-27,0,0.0,0
TSK-2758,EMP-29,0,0.0,0
TSK-2758,EMP-4,0,0.0,0
TSK-2758,EMP-56,0,0.0,0
TSK-2758,EMP-16,0,0.0,0
TSK-2758,EMP-31,0,0.0,0
TSK-2758,EMP-15,0,0.0,0
TSK-2758,EMP-34,0,0.0,0
TSK-2758,EMP-62,0,0.0,0
TSK-2758,EMP-1,0,0.0,0
TSK-2758,EMP-12,0,0.0,0
TSK-2758,EMP-42,0,0.0,0
TSK-2758,EMP-58,0,0.0,0
TSK-2758,EMP-55,0,0.0,0
TSK-2758,EMP-11,0,0.7833333333333333,1
TSK-2758,EMP-59,0,0.0,0
TSK-2758,EMP-66,0,0.0,0
TSK-2758,EMP-30,0,0.0,0
TSK-2758,EMP-22,0,0.0,0
TSK-2758,EMP-50,0,0.0,0
TSK-2762,EMP-27,1,0.7033333333333334,1
TSK-2762,EMP-62,0,0.0,0
TSK-2762,EMP-52,0,0.0,0
TSK-2762,EMP-58,0,0.0,0
TSK-2762,EMP-28,0,0.03666666666666667,0
TSK-2762,EMP-21,0,0.12,0
TSK-2762,EMP-17,0,0.0,0
TSK-2762,EMP-56,0,0.0,0
TSK-2762,EMP-48,0,0.0,0
TSK-2762,EMP-50,0,0.0,0
TSK-2762,EMP-49,0,0.0,0
TSK-2762,EMP-10,0,0.13333333333333333,0
TSK-2762,EMP-68,0,0.0,0
TSK-2762,EMP-46,0,0.0,0
TSK-2762,EMP-11,0,0.07333333333333333,0
TSK-2762,EMP-8,0,0.043333333333333335,0
TSK-2762,EMP-59,0,0.0,0
TSK-2762,EMP-24,0,0.0,0
TSK-2762,EMP-1,0,0.0,0
TSK-2762,EMP-6,0,0.0033333333333333335,0
TSK-2762,EMP-14,0,0.0,0
TSK-2783,EMP-16,1,0.9266666666666666,1
TSK-2783,EMP-14,0,0.03,0
TSK-2783,EMP-8,0,0.0,0
TSK-2783,EMP-32,0,0.0,0
TSK-2783,EMP-17,0,0.0,0
TSK-2783,EMP-63,0,0.0,0
TSK-2783,EMP-44,0,0.0,0
TSK-2783,EMP-4,0,0.013333333333333334,0
TSK-2783,EMP-34,0,0.0,0
TSK-2783,EMP-45,0,0.0,0
TSK-2783,EMP-40,0,0.0,0
TSK-2783,EMP-1,0,0.0,0
TSK-2783,EMP-5,0,0.0,0
TSK-2783,EMP-12,0,0.0,0
TSK-2783,EMP-6,0,0.10666666666666667,0
TSK-2783,EMP-25,0,0.0,0
TSK-2783,EMP-31,0,0.0,0
TSK-2783,EMP-50,0,0.0,0
TSK-2783,EMP-57,0,0.0,0
TSK-2783,EMP-7,0,0.013333333333333334,0
TSK-2783,EMP-65,0,0.0,0
TSK-2786,EMP-16,1,0.006666666666666667,0
TSK-2786,EMP-42,0,0.0033333333333333335,0
TSK-2786,EMP-50,0,0.03,0
TSK-2786,EMP-52,0,0.0,0
TSK-2786,EMP-24,0,0.0,0
TSK-2786,EMP-55,0,0.18666666666666668,0
TSK-2786,EMP-22,0,0.0033333333333333335,0
TSK-2786,EMP-46,0,0.17666666666666667,0
TSK-2786,EMP-25,0,0.0,0
TSK-2786,EMP-63,0,0.0,0
TSK-2786,EMP-57,0,0.0,0
TSK-2786,EMP-27,0,0.0,0
TSK-2786,EMP-51,0,0.10333333333333333,0
TSK-2786,EMP-56,0,0.0,0
TSK-2786,EMP-40,0,0.0,0
TSK-2786,EMP-34,0,0.0,0
TSK-2786,EMP-45,0,0.0,0
TSK-2786,EMP-5,0,0.1,0
TSK-2786,EMP-32,0,0.62,1
TSK-2786,EMP-31,0,0.0,0
TSK-2786,EMP-28,0,0.0,0
TSK-2788,EMP-22,1,0.8633333333333333,1
TSK-2788,EMP-40,0,0.0,0
TSK-2788,EMP-1,0,0.0,0
TSK-2788,EMP-51,0,0.0,0
TSK-2788,EMP-8,0,0.0,0
TSK-2788,EMP-6,0,0.0,0
TSK-2788,EMP-25,0,0.0,0
TSK-2788,EMP-46,0,0.0,0
TSK-2788,EMP-29,0,0.0,0
TSK-2788,EMP-67,0,0.0,0
TSK-2788,EMP-28,0,0.0,0
TSK-2788,EMP-17,0,0.0,0
TSK-2788,EMP-12,0,0.0,0
TSK-2788,EMP-5,0,0.006666666666666667,0
TSK-2788,EMP-52,0,0.0,0
TSK-2788,EMP-63,0,0.0,0
TSK-2788,EMP-16,0,0.0,0
TSK-2788,EMP-30,0,0.0,0
TSK-2788,EMP-34,0,0.0,0
TSK-2788,EMP-62,0,0.0,0
TSK-2788,EMP-7,0,0.006666666666666667,0
TSK-2794,EMP-31,1,0.3233333333333333,0
TSK-2794,EMP-58,0,0.02,0
TSK-2794,EMP-67,0,0.0,0
TSK-2794,EMP-20,0,0.0,0
TSK-2794,EMP-42,0,0.0,0
TSK-2794,EMP-65,0,0.03333333333333333,0
TSK-2794,EMP-5,0,0.006666666666666667,0
TSK-2794,EMP-8,0,0.06333333333333334,0
TSK-2794,EMP-22,0,0.38666666666666666,0
TSK-2794,EMP-14,0,0.0,0
TSK-2794,EMP-30,0,0.0,0
TSK-2794,EMP-17,0,0.0,0
TSK-2794,EMP-7,0,0.09333333333333334,0
TSK-2794,EMP-10,0,0.4533333333333333,0
TSK-2794,EMP-34,0,0.0,0
TSK-2794,EMP-50,0,0.0,0
TSK-2794,EMP-24,0,0.0,0
TSK-2794,EMP-66,0,0.0,0
TSK-2794,EMP-56,0,0.03333333333333333,0
TSK-2794,EMP-49,0,0.0,0
TSK-2794,EMP-16,0,0.0,0
TSK-2795,EMP-31,1,0.6566666666666666,1
TSK-2795,EMP-52,0,0.0,0
TSK-2795,EMP-50,0,0.0,0
TSK-2795,EMP-51,0,0.0,0
TSK-2795,EMP-62,0,0.0,0
TSK-2795,EMP-34,0,0.0,0
TSK-2795,EMP-4,0,0.0033333333333333335,0
TSK-2795,EMP-9,0,0.0,0
TSK-2795,EMP-59,0,0.0,0
TSK-2795,EMP-49,0,0.0033333333333333335,0
TSK-2795,EMP-29,0,0.0,0
TSK-2795,EMP-40,0,0.043333333333333335,0
TSK-2795,EMP-44,0,0.0,0
TSK-2795,EMP-30,0,0.0,0
TSK-2795,EMP-65,0,0.0,0
TSK-2795,EMP-16,0,0.0,0
TSK-2795,EMP-68,0,0.0,0
TSK-2795,EMP-41,0,0.0,0
TSK-2795,EMP-10,0,0.17666666666666667,0
TSK-2795,EMP-12,0,0.0,0
TSK-2795,EMP-7,0,0.19,0
TSK-2797,EMP-31,1,0.46,0
TSK-2797,EMP-67,0,0.0,0
TSK-2797,EMP-4,0,0.0,0
TSK-2797,EMP-52,0,0.0,0
TSK-2797,EMP-1,0,0.0,0
TSK-2797,EMP-28,0,0.12666666666666668,0
TSK-2797,EMP-65,0,0.0,0
TSK-2797,EMP-22,0,0.07666666666666666,0
TSK-2797,EMP-25,0,0.0,0
TSK-2797,EMP-62,0,0.0,0
TSK-2797,EMP-50,0,0.0033333333333333335,0
TSK-2797,EMP-49,0,0.0,0
TSK-2797,EMP-7,0,0.26,0
TSK-2797,EMP-5,0,0.10333333333333333,0
TSK-2797,EMP-32,0,0.0,0
TSK-2797,EMP-51,0,0.0,0
TSK-2797,EMP-16,0,0.0,0
TSK-2797,EMP-58,0,0.0,0
TSK-2797,EMP-56,0,0.0,0
TSK-2797,EMP-17,0,0.0,0
TSK-2797,EMP-6,0,0.0033333333333333335,0
TSK-2799,EMP-31,1,0.42,0
TSK-2799,EMP-8,0,0.01,0
TSK-2799,EMP-9,0,0.0,0
TSK-2799,EMP-28,0,0.0033333333333333335,0
TSK-2799,EMP-40,0,0.0,0
TSK-2799,EMP-11,0,0.14666666666666667,0
TSK-2799,EMP-15,0,0.0,0
TSK-2799,EMP-55,0,0.25,0
TSK-2799,EMP-22,0,0.006666666666666667,0
TSK-2799,EMP-34,0,0.0,0
TSK-2799,EMP-4,0,0.0033333333333333335,0
TSK-2799,EMP-52,0,0.0,0
TSK-2799,EMP-17,0,0.0033333333333333335,0
TSK-2799,EMP-24,0,0.0,0
TSK-2799,EMP-27,0,0.0,0
TSK-2799,EMP-51,0,0.0,0
TSK-2799,EMP-10,0,0.3233333333333333,0
TSK-2799,EMP-1,0,0.0,0
TSK-2799,EMP-5,0,0.12333333333333334,0
TSK-2799,EMP-7,0,0.26666666666666666,0
TSK-2799,EMP-49,0,0.0,0
TSK-2808,EMP-21,1,0.0033333333333333335,0
TSK-2808,EMP-29,0,0.0,0
TSK-2808,EMP-51,0,0.0,0
TSK-2808,EMP-34,0,0.0,0
TSK-2808,EMP-45,0,0.0,0
TSK-2808,EMP-15,0,0.0,0
TSK-2808,EMP-62,0,0.0,0
TSK-2808,EMP-59,0,0.0,0
TSK-2808,EMP-6,0,0.0,0
TSK-2808,EMP-22,0,0.006666666666666667,0
TSK-2808,EMP-28,0,0.0033333333333333335,0
TSK-2808,EMP-44,0,0.0,0
TSK-2808,EMP-4,0,0.0,0
TSK-2808,EMP-50,0,0.0,0
TSK-2808,EMP-8,0,0.0033333333333333335,0
TSK-2808,EMP-14,0,0.0,0
TSK-2808,EMP-66,0,0.0,0
TSK-2808,EMP-68,0,0.0,0
TSK-2808,EMP-25,0,0.0,0
TSK-2808,EMP-18,0,0.0,0
TSK-2808,EMP-52,0,0.0,0
TSK-2822,EMP-49,1,0.3433333333333333,0
TSK-2822,EMP-44,1,0.37333333333333335,0
TSK-2822,EMP-32,1,0.25666666666666665,0
TSK-2822,EMP-55,0,0.12333333333333334,0
TSK-2822,EMP-1,0,0.0,0
TSK-2822,EMP-16,0,0.0,0
TSK-2822,EMP-30,0,0.0,0
TSK-2822,EMP-68,0,0.0,0
TSK-2822,EMP-52,0,0.0,0
TSK-2822,EMP-42,0,0.013333333333333334,0
TSK-2822,EMP-48,0,0.0,0
TSK-2822,EMP-58,0,0.0,0
TSK-2822,EMP-50,0,0.0,0
TSK-2822,EMP-24,0,0.0,0
TSK-2822,EMP-10,0,0.0033333333333333335,0
TSK-2822,EMP-11,0,0.19666666666666666,0
TSK-2822,EMP-7,0,0.0,0
TSK-2822,EMP-46,0,0.14,0
TSK-2822,EMP-14,0,0.0,0
TSK-2822,EMP-66,0,0.0,0
TSK-2822,EMP-67,0,0.0,0
TSK-2822,EMP-9,0,0.01,0
TSK-2822,EMP-62,0,0.14,0
TSK-2827,EMP-32,1,0.5133333333333333,1
TSK-2827,EMP-15,0,0.0,0
TSK-2827,EMP-42,0,0.0033333333333333335,0
TSK-2827,EMP-50,0,0.01,0
TSK-2827,EMP-56,0,0.0,0
TSK-2827,EMP-10,0,0.07,0
TSK-2827,EMP-30,0,0.0,0
TSK-2827,EMP-67,0,0.0,0
TSK-2827,EMP-22,0,0.0,0
TSK-2827,EMP-68,0,0.20333333333333334,0
TSK-2827,EMP-29,0,0.0,0
TSK-2827,EMP-28,0,0.043333333333333335,0
TSK-2827,EMP-7,0,0.023333333333333334,0
TSK-2827,EMP-55,0,0.013333333333333334,0
TSK-2827,EMP-4,0,0.0,0
TSK-2827,EMP-51,0,0.0,0
TSK-2827,EMP-62,0,0.0,0
TSK-2827,EMP-46,0,0.08333333333333333,0
TSK-2827,EMP-20,0,0.0,0
TSK-2827,EMP-31,0,0.0,0
TSK-2827,EMP-25,0,0.0,0
TSK-2835,EMP-10,1,0.61,1
TSK-2835,EMP-62,0,0.0,0
TSK-2835,EMP-22,0,0.0,0
TSK-2835,EMP-44,0,0.0,0
TSK-2835,EMP-6,0,0.0,0
TSK-2835,EMP-58,0,0.0,0
TSK-2835,EMP-67,0,0.0,0
TSK-2835,EMP-30,0,0.0,0
TSK-2835,EMP-28,0,0.0,0
TSK-2835,EMP-32,0,0.0,0
TSK-2835,EMP-4,0,0.006666666666666667,0
TSK-2835,EMP-55,0,0.24,0
TSK-2835,EMP-56,0,0.0,0
TSK-2835,EMP-46,0,0.27,0
TSK-2835,EMP-45,0,0.0,0
TSK-2835,EMP-57,0,0.0,0
TSK-2835,EMP-12,0,0.0,0
TSK-2835,EMP-5,0,0.056666666666666664,0
TSK-2835,EMP-34,0,0.0,0
TSK-2835,EMP-25,0,0.0,0
TSK-2835,EMP-20,0,0.0,0
TSK-2843,EMP-42,1,0.43666666666666665,0
TSK-2843,EMP-4,0,0.0,0
TSK-2843,EMP-41,0,0.01,0
TSK-2843,EMP-58,0,0.0,0
TSK-2843,EMP-27,0,0.0033333333333333335,0
TSK-2843,EMP-22,0,0.23666666666666666,0
TSK-2843,EMP-48,0,0.0,0
TSK-2843,EMP-29,0,0.0,0
TSK-2843,EMP-18,0,0.0,0
TSK-2843,EMP-7,0,0.10333333333333333,0
TSK-2843,EMP-15,0,0.0,0
TSK-2843,EMP-57,0,0.0,0
TSK-2843,EMP-55,0,0.0033333333333333335,0
TSK-2843,EMP-30,0,0.0,0
TSK-2843,EMP-8,0,0.24333333333333335,0
TSK-2843,EMP-16,0,0.0,0
TSK-2843,EMP-62,0,0.0,0
TSK-2843,EMP-12,0,0.0,0
TSK-2843,EMP-56,0,0.0,0
TSK-2843,EMP-59,0,0.0,0
TSK-2843,EMP-20,0,0.0,0
TSK-2860,EMP-28,1,0.21666666666666667,0
TSK-2860,EMP-45,0,0.05333333333333334,0
TSK-2860,EMP-7,0,0.3566666666666667,0
TSK-2860,EMP-15,0,0.0033333333333333335,0
TSK-2860,EMP-9,0,0.0,0
TSK-2860,EMP-27,0,0.09333333333333334,0
TSK-2860,EMP-17,0,0.12,0
TSK-2860,EMP-21,0,0.33666666666666667,0
TSK-2860,EMP-31,0,0.27666666666666667,0
TSK-2860,EMP-41,0,0.24,0
TSK-2860,EMP-57,0,0.006666666666666667,0
TSK-2860,EMP-58,0,0.0,0
TSK-2860,EMP-68,0,0.0,0
TSK-2860,EMP-65,0,0.0,0
TSK-2860,EMP-49,0,0.0,0
TSK-2860,EMP-30,0,0.0,0
TSK-2860,EMP-55,0,0.0,0
TSK-2860,EMP-24,0,0.0,0
TSK-2860,EMP-22,0,0.42333333333333334,0
TSK-2860,EMP-29,0,0.0033333333333333335,0
TSK-2860,EMP-14,0,0.0,0
TSK-2862,EMP-8,1,0.38333333333333336,0
TSK-2862,EMP-44,0,0.0,0
TSK-2862,EMP-55,0,0.02666666666666667,0
TSK-2862,EMP-34,0,0.0,0
TSK-2862,EMP-22,0,0.10333333333333333,0
TSK-2862,EMP-51,0,0.0,0
TSK-2862,EMP-20,0,0.0,0
TSK-2862,EMP-10,0,0.26666666666666666,0
TSK-2862,EMP-27,0,0.0,0
TSK-2862,EMP-68,0,0.0,0
TSK-2862,EMP-25,0,0.0,0
TSK-2862,EMP-40,0,0.0,0
TSK-2862,EMP-56,0,0.016666666666666666,0
TSK-2862,EMP-32,0,0.043333333333333335,0
TSK-2862,EMP-4,0,0.0,0
TSK-2862,EMP-28,0,0.41333333333333333,0
TSK-2862,EMP-15,0,0.0,0
TSK-2862,EMP-24,0,0.0,0
TSK-2862,EMP-12,0,0.0,0
TSK-2862,EMP-17,0,0.0,0
TSK-2862,EMP-67,0,0.0,0
TSK-2869,EMP-27,1,0.5966666666666667,1
TSK-2869,EMP-67,0,0.0,0
TSK-2869,EMP-31,0,0.15,0
TSK-2869,EMP-66,0,0.0033333333333333335,0
TSK-2869,EMP-40,0,0.08666666666666667,0
TSK-2869,EMP-34,0,0.0,0
TSK-2869,EMP-68,0,0.0,0
TSK-2869,EMP-32,0,0.0033333333333333335,0
TSK-2869,EMP-44,0,0.0,0
TSK-2869,EMP-29,0,0.0,0
TSK-2869,EMP-9,0,0.006666666666666667,0
TSK-2869,EMP-17,0,0.0,0
TSK-2869,EMP-63,0,0.0,0
TSK-2869,EMP-56,0,0.17666666666666667,0
TSK-2869,EMP-15,0,0.0,0
TSK-2869,EMP-12,0,0.0,0
TSK-2869,EMP-50,0,0.0,0
TSK-2869,EMP-42,0,0.01,0
TSK-2869,EMP-62,0,0.14,0
TSK-2869,EMP-4,0,0.006666666666666667,0
TSK-2869,EMP-18,0,0.0,0
TSK-288,EMP-16,1,0.97,1
TSK-288,EMP-46,0,0.0,0
TSK-288,EMP-52,0,0.13,0
TSK-288,EMP-44,0,0.0,0
TSK-288,EMP-18,0,0.0,0
TSK-288,EMP-5,0,0.0,0
TSK-288,EMP-28,0,0.0,0
TSK-288,EMP-56,0,0.0,0
TSK-288,EMP-49,0,0.0,0
TSK-288,EMP-40,0,0.0,0
TSK-288,EMP-34,0,0.0,0
TSK-288,EMP-48,0,0.0,0
TSK-288,EMP-7,0,0.0,0
TSK-288,EMP-20,0,0.0,0
TSK-288,EMP-66,0,0.0,0
TSK-288,EMP-21,0,0.043333333333333335,0
TSK-288,EMP-14,0,0.0,0
TSK-288,EMP-58,0,0.0,0
TSK-288,EMP-8,0,0.0,0
TSK-288,EMP-32,0,0.0,0
TSK-288,EMP-57,0,0.0,0
TSK-2892,EMP-16,1,0.22333333333333333,0
TSK-2892,EMP-28,0,0.013333333333333334,0
TSK-2892,EMP-25,0,0.0,0
TSK-2892,EMP-56,0,0.0,0
TSK-2892,EMP-10,0,0.02666666666666667,0
TSK-2892,EMP-12,0,0.0,0
TSK-2892,EMP-68,0,0.0033333333333333335,0
TSK-2892,EMP-21,0,0.006666666666666667,0
TSK-2892,EMP-1,0,0.0,0
TSK-2892,EMP-34,0,0.056666666666666664,0
TSK-2892,EMP-62,0,0.0,0
TSK-2892,EMP-14,0,0.006666666666666667,0
TSK-2892,EMP-42,0,0.02,0
TSK-2892,EMP-58,0,0.0,0
TSK-2892,EMP-66,0,0.0,0
TSK-2892,EMP-55,0,0.09,0
TSK-2892,EMP-31,0,0.04,0
TSK-2892,EMP-48,0,0.11333333333333333,0
TSK-2892,EMP-18,0,0.0,0
TSK-2892,EMP-65,0,0.0033333333333333335,0
TSK-2892,EMP-6,0,0.03,0
TSK-2897,EMP-5,1,0.20333333333333334,0
TSK-2897,EMP-28,0,0.0,0
TSK-2897,EMP-59,0,0.0,0
TSK-2897,EMP-55,0,0.0,0
TSK-2897,EMP-17,0,0.0,0
TSK-2897,EMP-24,0,0.0,0
TSK-2897,EMP-10,0,0.10333333333333333,0
TSK-2897,EMP-34,0,0.0,0
TSK-2897,EMP-45,0,0.0033333333333333335,0
TSK-2897,EMP-9,0,0.2966666666666667,0
TSK-2897,EMP-42,0,0.4633333333333333,0
TSK-2897,EMP-48,0,0.0,0
TSK-2897,EMP-40,0,0.0,0
TSK-2897,EMP-46,0,0.0,0
TSK-2897,EMP-65,0,0.0,0
TSK-2897,EMP-57,0,0.0,0
TSK-2897,EMP-15,0,0.0,0
TSK-2897,EMP-29,0,0.0,0
TSK-2897,EMP-30,0,0.0,0
TSK-2897,EMP-58,0,0.0,0
TSK-2897,EMP-32,0,0.0033333333333333335,0
TSK-2904,EMP-5,1,0.6566666666666666,1
TSK-2904,EMP-55,1,0.013333333333333334,0
TSK-2904,EMP-20,0,0.0,0
TSK-2904,EMP-41,0,0.27666666666666667,0
TSK-2904,EMP-57,0,0.0,0
TSK-2904,EMP-40,0,0.0,0
TSK-2904,EMP-51,0,0.02666666666666667,0
TSK-2904,EMP-7,0,0.023333333333333334,0
TSK-2904,EMP-44,0,0.0,0
TSK-2904,EMP-52,0,0.0,0
TSK-2904,EMP-11,0,0.26666666666666666,0
TSK-2904,EMP-12,0,0.0,0
TSK-2904,EMP-18,0,0.0,0
TSK-2904,EMP-15,0,0.0,0
TSK-2904,EMP-62,0,0.0,0
TSK-2904,EMP-45,0,0.06333333333333334,0
TSK-2904,EMP-8,0,0.0,0
TSK-2904,EMP-16,0,0.0,0
TSK-2904,EMP-10,0,0.07333333333333333,0
TSK-2904,EMP-22,0,0.0,0
TSK-2904,EMP-48,0,0.0,0
TSK-2904,EMP-58,0,0.0,0
TSK-2907,EMP-5,1,0.28,0
TSK-2907,EMP-41,0,0.27666666666666667,0
TSK-2907,EMP-6,0,0.0,0
TSK-2907,EMP-62,0,0.0,0
TSK-2907,EMP-14,0,0.0,0
TSK-2907,EMP-9,0,0.0,0
TSK-2907,EMP-67,0,0.0,0
TSK-2907,EMP-8,0,0.03666666666666667,0
TSK-2907,EMP-45,0,0.0,0
TSK-2907,EMP-29,0,0.0,0
TSK-2907,EMP-42,0,0.0,0
TSK-2907,EMP-56,0,0.0,0
TSK-2907,EMP-55,0,0.006666666666666667,0
TSK-2907,EMP-66,0,0.0,0
TSK-2907,EMP-12,0,0.0,0
TSK-2907,EMP-46,0,0.0,0
TSK-2907,EMP-28,0,0.0,0
TSK-2907,EMP-59,0,0.0,0
TSK-2907,EMP-17,0,0.0,0
TSK-2907,EMP-7,0,0.02666666666666667,0
TSK-2907,EMP-57,0,0.0,0
TSK-2913,EMP-41,1,0.51,1
TSK-2913,EMP-8,0,0.043333333333333335,0
TSK-2913,EMP-44,0,0.0,0
TSK-2913,EMP-15,0,0.0,0
TSK-2913,EMP-1,0,0.0033333333333333335,0
TSK-2913,EMP-20,0,0.0,0
TSK-2913,EMP-5,0,0.16333333333333333,0
TSK-2913,EMP-16,0,0.0,0
TSK-2913,EMP-56,0,0.0,0
TSK-2913,EMP-55,0,0.13,0
TSK-2913,EMP-11,0,0.10666666666666667,0
TSK-2913,EMP-31,0,0.07,0
TSK-2913,EMP-58,0,0.0033333333333333335,0
TSK-2913,EMP-40,0,0.01,0
TSK-2913,EMP-29,0,0.0,0
TSK-2913,EMP-51,0,0.0033333333333333335,0
TSK-2913,EMP-62,0,0.10333333333333333,0
TSK-2913,EMP-68,0,0.0,0
TSK-2913,EMP-4,0,0.0033333333333333335,0
TSK-2913,EMP-42,0,0.32666666666666666,0
TSK-2913,EMP-28,0,0.03333333333333333,0
TSK-2921,EMP-42,1,0.4633333333333333,0
TSK-2921,EMP-32,1,0.21666666666666667,0
TSK-2921,EMP-5,0,0.3433333333333333,0
TSK-2921,EMP-46,0,0.0033333333333333335,0
TSK-2921,EMP-4,0,0.0,0
TSK-2921,EMP-14,0,0.0,0
TSK-2921,EMP-11,0,0.3,0
TSK-2921,EMP-48,0,0.0,0
TSK-2921,EMP-56,0,0.0,0
TSK-2921,EMP-21,0,0.1,0
TSK-2921,EMP-31,0,0.14,0
TSK-2921,EMP-7,0,0.05333333333333334,0
TSK-2921,EMP-68,0,0.0,0
TSK-2921,EMP-9,0,0.006666666666666667,0
TSK-2921,EMP-45,0,0.06,0
TSK-2921,EMP-44,0,0.0033333333333333335,0
TSK-2921,EMP-51,0,0.0,0
TSK-2921,EMP-16,0,0.0033333333333333335,0
TSK-2921,EMP-18,0,0.0,0
TSK-2921,EMP-58,0,0.0,0
TSK-2921,EMP-41,0,0.2866666666666667,0
TSK-2921,EMP-24,0,0.0,0
TSK-2925,EMP-62,1,0.24333333333333335,0
TSK-2925,EMP-65,0,0.013333333333333334,0
TSK-2925,EMP-44,0,0.0,0
TSK-2925,EMP-58,0,0.043333333333333335,0
TSK-2925,EMP-9,0,0.0,0
TSK-2925,EMP-40,0,0.013333333333333334,0
TSK-2925,EMP-31,0,0.09666666666666666,0
TSK-2925,EMP-51,0,0.0,0
TSK-2925,EMP-24,0,0.0,0
TSK-2925,EMP-68,0,0.0,0
TSK-2925,EMP-5,0,0.01,0
TSK-2925,EMP-4,0,0.0,0
TSK-2925,EMP-32,0,0.0,0
TSK-2925,EMP-67,0,0.0,0
TSK-2925,EMP-21,0,0.36,0
TSK-2925,EMP-59,0,0.0,0
TSK-2925,EMP-1,0,0.0,0
TSK-2925,EMP-25,0,0.0,0
TSK-2925,EMP-46,0,0.0033333333333333335,0
TSK-2925,EMP-55,0,0.0,0
TSK-2925,EMP-50,0,0.0,0
TSK-2959,EMP-58,1,0.01,0
TSK-2959,EMP-68,0,0.0,0
TSK-2959,EMP-48,0,0.0,0
TSK-2959,EMP-29,0,0.0,0
TSK-2959,EMP-18,0,0.0,0
TSK-2959,EMP-12,0,0.0,0
TSK-2959,EMP-5,0,0.0033333333333333335,0
TSK-2959,EMP-27,0,0.0,0
TSK-2959,EMP-4,0,0.0,0
TSK-2959,EMP-49,0,0.04,0
TSK-2959,EMP-20,0,0.0,0
TSK-2959,EMP-65,0,0.0,0
TSK-2959,EMP-50,0,0.08666666666666667,0
TSK-2959,EMP-14,0,0.0,0
TSK-2959,EMP-9,0,0.0,0
TSK-2959,EMP-24,0,0.0033333333333333335,0
TSK-2959,EMP-11,0,0.03,0
TSK-2959,EMP-34,0,0.0,0
TSK-2959,EMP-62,0,0.46,0
TSK-2959,EMP-66,0,0.0,0
TSK-2959,EMP-16,0,0.0,0
TSK-2960,EMP-59,1,0.6133333333333333,1
TSK-2960,EMP-8,0,0.03333333333333333,0
TSK-2960,EMP-51,0,0.0,0
TSK-2960,EMP-50,0,0.09,0
TSK-2960,EMP-22,0,0.07,0
TSK-2960,EMP-25,0,0.0,0
TSK-2960,EMP-11,0,0.17666666666666667,0
TSK-2960,EMP-27,0,0.0,0
TSK-2960,EMP-1,0,0.0,0
TSK-2960,EMP-65,0,0.0,0
TSK-2960,EMP-17,0,0.0,0
TSK-2960,EMP-40,0,0.0,0
TSK-2960,EMP-62,0,0.25333333333333335,0
TSK-2960,EMP-9,0,0.0,0
TSK-2960,EMP-68,0,0.0,0
TSK-2960,EMP-63,0,0.03333333333333333,0
TSK-2960,EMP-48,0,0.01,0
TSK-2960,EMP-6,0,0.01,0
TSK-2960,EMP-67,0,0.0,0
TSK-2960,EMP-21,0,0.06,0
TSK-2960,EMP-12,0,0.0,0
TSK-2962,EMP-56,1,0.43333333333333335,0
TSK-2962,EMP-25,0,0.0,0
TSK-2962,EMP-44,0,0.0,0
TSK-2962,EMP-30,0,0.0,0
TSK-2962,EMP-29,0,0.0,0
TSK-2962,EMP-17,0,0.0,0
TSK-2962,EMP-41,0,0.0,0
TSK-2962,EMP-24,0,0.0,0
TSK-2962,EMP-31,0,0.23666666666666666,0
TSK-2962,EMP-58,0,0.0,0
TSK-2962,EMP-1,0,0.0,0
TSK-2962,EMP-21,0,0.09333333333333334,0
TSK-2962,EMP-50,0,0.09,0
TSK-2962,EMP-63,0,0.013333333333333334,0
TSK-2962,EMP-7,0,0.16666666666666666,0
TSK-2962,EMP-28,0,0.3933333333333333,0
TSK-2962,EMP-55,0,0.10333333333333333,0
TSK-2962,EMP-52,0,0.0,0
TSK-2962,EMP-42,0,0.0,0
TSK-2962,EMP-18,0,0.0,0
TSK-2962,EMP-11,0,0.08666666666666667,0
TSK-2965,EMP-56,1,0.48,0
TSK-2965,EMP-4,0,0.0,0
TSK-2965,EMP-32,0,0.19333333333333333,0
TSK-2965,EMP-40,0,0.0,0
TSK-2965,EMP-68,0,0.0,0
TSK-2965,EMP-45,0,0.0,0
TSK-2965,EMP-16,0,0.0,0
TSK-2965,EMP-55,0,0.03666666666666667,0
TSK-2965,EMP-1,0,0.0,0
TSK-2965,EMP-28,0,0.31333333333333335,0
TSK-2965,EMP-31,0,0.17,0
TSK-2965,EMP-7,0,0.16,0
TSK-2965,EMP-14,0,0.0,0
TSK-2965,EMP-24,0,0.0,0
TSK-2965,EMP-65,0,0.0,0
TSK-2965,EMP-21,0,0.16,0
TSK-2965,EMP-8,0,0.07666666666666666,0
TSK-2965,EMP-41,0,0.0,0
TSK-2965,EMP-48,0,0.0033333333333333335,0
TSK-2965,EMP-66,0,0.0,0
TSK-2965,EMP-5,0,0.006666666666666667,0
TSK-2966,EMP-56,1,0.5933333333333334,1
TSK-2966,EMP-17,0,0.0,0
TSK-2966,EMP-9,0,0.0,0
TSK-2966,EMP-4,0,0.0,0
TSK-2966,EMP-55,0,0.06666666666666667,0
TSK-2966,EMP-16,0,0.0,0
TSK-2966,EMP-21,0,0.08666666666666667,0
TSK-2966,EMP-11,0,0.06333333333333334,0
TSK-2966,EMP-14,0,0.0,0
TSK-2966,EMP-25,0,0.0,0
TSK-2966,EMP-40,0,0.0,0
TSK-2966,EMP-15,0,0.0033333333333333335,0
TSK-2966,EMP-52,0,0.0,0
TSK-2966,EMP-41,0,0.0,0
TSK-2966,EMP-49,0,0.08,0
TSK-2966,EMP-27,0,0.0033333333333333335,0
TSK-2966,EMP-7,0,0.25,0
TSK-2966,EMP-1,0,0.0,0
TSK-2966,EMP-63,0,0.043333333333333335,0
TSK-2966,EMP-42,0,0.0,0
TSK-2966,EMP-29,0,0.0,0
TSK-2969,EMP-8,1,0.6566666666666666,1
TSK-2969,EMP-30,0,0.0,0
TSK-2969,EMP-31,0,0.04,0
TSK-2969,EMP-7,0,0.20333333333333334,0
TSK-2969,EMP-18,0,0.0,0
TSK-2969,EMP-45,0,0.0,0
TSK-2969,EMP-65,0,0.08,0
TSK-2969,EMP-14,0,0.0,0
TSK-2969,EMP-63,0,0.0,0
TSK-2969,EMP-5,0,0.10333333333333333,0
TSK-2969,EMP-62,0,0.0033333333333333335,0
TSK-2969,EMP-55,0,0.03333333333333333,0
TSK-2969,EMP-21,0,0.17666666666666667,0
TSK-2969,EMP-51,0,0.0,0
TSK-2969,EMP-50,0,0.0,0
TSK-2969,EMP-22,0,0.20666666666666667,0
TSK-2969,EMP-48,0,0.0,0
TSK-2969,EMP-59,0,0.0,0
TSK-2969,EMP-17,0,0.0,0
TSK-2969,EMP-44,0,0.0,0
TSK-2969,EMP-9,0,0.0,0
TSK-3025,EMP-7,1,0.38,0
TSK-3025,EMP-10,0,0.24666666666666667,0
TSK-3025,EMP-67,0,0.0,0
TSK-3025,EMP-20,0,0.0,0
TSK-3025,EMP-52,0,0.0,0
TSK-3025,EMP-8,0,0.0033333333333333335,0
TSK-3025,EMP-22,0,0.0033333333333333335,0
TSK-3025,EMP-27,0,0.006666666666666667,0
TSK-3025,EMP-34,0,0.0,0
TSK-3025,EMP-5,0,0.13,0
TSK-3025,EMP-58,0,0.0,0
TSK-3025,EMP-17,0,0.21,0
TSK-3025,EMP-32,0,0.0,0
TSK-3025,EMP-16,0,0.33,0
TSK-3025,EMP-9,0,0.0,0
TSK-3025,EMP-62,0,0.0,0
TSK-3025,EMP-63,0,0.0,0
TSK-3025,EMP-50,0,0.0,0
TSK-3025,EMP-46,0,0.0,0
TSK-3025,EMP-11,0,0.01,0
TSK-3025,EMP-18,0,0.0033333333333333335,0
TSK-3030,EMP-5,1,0.29,0
TSK-3030,EMP-7,0,0.05,0
TSK-3030,EMP-16,0,0.0,0
TSK-3030,EMP-62,0,0.0,0
TSK-3030,EMP-40,0,0.05333333333333334,0
TSK-3030,EMP-31,0,0.016666666666666666,0
TSK-3030,EMP-46,0,0.0,0
TSK-3030,EMP-8,0,0.06333333333333334,0
TSK-3030,EMP-58,0,0.0,0
TSK-3030,EMP-65,0,0.83,1
TSK-3030,EMP-28,0,0.0,0
TSK-3030,EMP-29,0,0.0,0
TSK-3030,EMP-18,0,0.0,0
TSK-3030,EMP-59,0,0.0,0
TSK-3030,EMP-57,0,0.0,0
TSK-3030,EMP-11,0,0.07333333333333333,0
TSK-3030,EMP-10,0,0.016666666666666666,0
TSK-3030,EMP-41,0,0.4033333333333333,0
TSK-3030,EMP-52,0,0.0,0
TSK-3030,EMP-14,0,0.0,0
TSK-3030,EMP-48,0,0.0,0
TSK-3032,EMP-42,1,0.46,0
TSK-3032,EMP-32,1,0.2866666666666667,0
TSK-3032,EMP-34,0,0.0,0
TSK-3032,EMP-41,0,0.056666666666666664,0
TSK-3032,EMP-9,0,0.0,0
TSK-3032,EMP-67,0,0.0,0
TSK-3032,EMP-51,0,0.0,0
TSK-3032,EMP-29,0,0.0,0
TSK-3032,EMP-62,0,0.0,0
TSK-3032,EMP-25,0,0.0,0
TSK-3032,EMP-49,0,0.0,0
TSK-3032,EMP-8,0,0.12,0
TSK-3032,EMP-63,0,0.21666666666666667,0
TSK-3032,EMP-5,0,0.19333333333333333,0
TSK-3032,EMP-6,0,0.0,0
TSK-3032,EMP-22,0,0.04,0
TSK-3032,EMP-50,0,0.0,0
TSK-3032,EMP-11,0,0.04666666666666667,0
TSK-3032,EMP-28,0,0.03666666666666667,0
TSK-3032,EMP-17,0,0.24333333333333335,0
TSK-3032,EMP-15,0,0.0,0
TSK-3032,EMP-31,0,0.16333333333333333,0
TSK-3033,EMP-42,1,0.0,0
TSK-3033,EMP-56,0,0.0,0
TSK-3033,EMP-58,0,0.0,0
TSK-3033,EMP-41,0,0.27,0
TSK-3033,EMP-16,0,0.0,0
TSK-3033,EMP-59,0,0.0,0
TSK-3033,EMP-31,0,0.016666666666666666,0
TSK-3033,EMP-7,0,0.0033333333333333335,0
TSK-3033,EMP-62,0,0.0033333333333333335,0
TSK-3033,EMP-63,0,0.0,0
TSK-3033,EMP-27,0,0.12666666666666668,0
TSK-3033,EMP-15,0,0.0,0
TSK-3033,EMP-9,0,0.0033333333333333335,0
TSK-3033,EMP-48,0,0.0,0
TSK-3033,EMP-65,0,0.44666666666666666,0
TSK-3033,EMP-51,0,0.0033333333333333335,0
TSK-3033,EMP-28,0,0.013333333333333334,0
TSK-3033,EMP-29,0,0.0,0
TSK-3033,EMP-21,0,0.04666666666666667,0
TSK-3033,EMP-17,0,0.0,0
TSK-3033,EMP-10,0,0.043333333333333335,0
TSK-3035,EMP-42,1,0.7433333333333333,1
TSK-3035,EMP-12,0,0.0,0
TSK-3035,EMP-17,0,0.07333333333333333,0
TSK-3035,EMP-8,0,0.22333333333333333,0
TSK-3035,EMP-15,0,0.0033333333333333335,0
TSK-3035,EMP-18,0,0.0,0
TSK-3035,EMP-11,0,0.023333333333333334,0
TSK-3035,EMP-62,0,0.0,0
TSK-3035,EMP-9,0,0.0,0
TSK-3035,EMP-58,0,0.0,0
TSK-3035,EMP-63,0,0.02,0
TSK-3035,EMP-4,0,0.0,0
TSK-3035,EMP-34,0,0.0,0
TSK-3035,EMP-56,0,0.0,0
TSK-3035,EMP-51,0,0.0,0
TSK-3035,EMP-1,0,0.0,0
TSK-3035,EMP-49,0,0.0,0
TSK-3035,EMP-50,0,0.0,0
TSK-3035,EMP-67,0,0.0,0
TSK-3035,EMP-44,0,0.0,0
TSK-3035,EMP-66,0,0.0,0
TSK-3037,EMP-42,1,0.36333333333333334,0
TSK-3037,EMP-11,0,0.0,0
TSK-3037,EMP-27,0,0.12666666666666668,0
TSK-3037,EMP-34,0,0.0,0
TSK-3037,EMP-14,0,0.21,0
TSK-3037,EMP-7,0,0.03666666666666667,0
TSK-3037,EMP-28,0,0.0,0
TSK-3037,EMP-66,0,0.0,0
TSK-3037,EMP-51,0,0.0,0
TSK-3037,EMP-62,0,0.0,0
TSK-3037,EMP-25,0,0.0,0
TSK-3037,EMP-10,0,0.15333333333333332,0
TSK-3037,EMP-55,0,0.0,0
TSK-3037,EMP-59,0,0.0,0
TSK-3037,EMP-46,0,0.0,0
TSK-3037,EMP-31,0,0.023333333333333334,0
TSK-3037,EMP-29,0,0.0,0
TSK-3037,EMP-15,0,0.0,0
TSK-3037,EMP-65,0,0.0033333333333333335,0
TSK-3037,EMP-67,0,0.0,0
TSK-3037,EMP-18,0,0.0,0
TSK-3038,EMP-42,1,0.6833333333333333,1
TSK-3038,EMP-45,0,0.05333333333333334,0
TSK-3038,EMP-6,0,0.0,0
TSK-3038,EMP-46,0,0.0,0
TSK-3038,EMP-31,0,0.11333333333333333,0
TSK-3038,EMP-48,0,0.0,0
TSK-3038,EMP-27,0,0.06666666666666667,0
TSK-3038,EMP-32,0,0.19666666666666666,0
TSK-3038,EMP-50,0,0.0,0
TSK-3038,EMP-24,0,0.0,0
TSK-3038,EMP-68,0,0.0,0
TSK-3038,EMP-30,0,0.006666666666666667,0
TSK-3038,EMP-58,0,0.0033333333333333335,0
TSK-3038,EMP-25,0,0.006666666666666667,0
TSK-3038,EMP-17,0,0.3333333333333333,0
TSK-3038,EMP-12,0,0.0033333333333333335,0
TSK-3038,EMP-59,0,0.0,0
TSK-3038,EMP-9,0,0.0,0
TSK-3038,EMP-16,0,0.0,0
TSK-3038,EMP-34,0,0.0,0
TSK-3038,EMP-63,0,0.03666666666666667,0
TSK-3048,EMP-65,1,0.2966666666666667,0
TSK-3048,EMP-27,0,0.19,0
TSK-3048,EMP-4,0,0.006666666666666667,0
TSK-3048,EMP-51,0,0.0,0
TSK-3048,EMP-40,0,0.35333333333333333,0
TSK-3048,EMP-59,0,0.0,0
TSK-3048,EMP-6,0,0.006666666666666667,0
TSK-3048,EMP-22,0,0.13666666666666666,0
TSK-3048,EMP-46,0,0.0033333333333333335,0
TSK-3048,EMP-28,0,0.023333333333333334,0
TSK-3048,EMP-45,0,0.0,0
TSK-3048,EMP-44,0,0.0033333333333333335,0
TSK-3048,EMP-63,0,0.0033333333333333335,0
TSK-3048,EMP-58,0,0.0,0
TSK-3048,EMP-5,0,0.5666666666666667,1
TSK-3048,EMP-17,0,0.01,0
TSK-3048,EMP-66,0,0.0,0
TSK-3048,EMP-56,0,0.0,0
TSK-3048,EMP-12,0,0.013333333333333334,0
TSK-3048,EMP-21,0,0.04,0
TSK-3048,EMP-32,0,0.0033333333333333335,0
TSK-3055,EMP-10,1,0.24666666666666667,0
TSK-3055,EMP-68,0,0.0,0
TSK-3055,EMP-24,0,0.0,0
TSK-3055,EMP-30,0,0.0,0
TSK-3055,EMP-12,0,0.0,0
TSK-3055,EMP-44,0,0.0,0
TSK-3055,EMP-63,0,0.0,0
TSK-3055,EMP-67,0,0.0,0
TSK-3055,EMP-16,0,0.0,0
TSK-3055,EMP-48,0,0.0,0
TSK-3055,EMP-7,0,0.10333333333333333,0
TSK-3055,EMP-62,0,0.0,0
TSK-3055,EMP-57,0,0.0,0
TSK-3055,EMP-66,0,0.0,0
TSK-3055,EMP-18,0,0.0,0
TSK-3055,EMP-52,0,0.0,0
TSK-3055,EMP-49,0,0.0,0
TSK-3055,EMP-28,0,0.01,0
TSK-3055,EMP-9,0,0.0,0
TSK-3055,EMP-22,0,0.9033333333333333,1
TSK-3055,EMP-29,0,0.0,0
TSK-3056,EMP-10,1,0.18666666666666668,0
TSK-3056,EMP-20,0,0.0,0
TSK-3056,EMP-42,0,0.0,0
TSK-3056,EMP-15,0,0.0,0
TSK-3056,EMP-32,0,0.30333333333333334,0
TSK-3056,EMP-16,0,0.0,0
TSK-3056,EMP-45,0,0.36333333333333334,0
TSK-3056,EMP-52,0,0.0,0
TSK-3056,EMP-55,0,0.06,0
TSK-3056,EMP-44,0,0.0,0
TSK-3056,EMP-68,0,0.0,0
TSK-3056,EMP-49,0,0.0,0
TSK-3056,EMP-65,0,0.043333333333333335,0
TSK-3056,EMP-30,0,0.0,0
TSK-3056,EMP-40,0,0.0,0
TSK-3056,EMP-46,0,0.0,0
TSK-3056,EMP-4,0,0.0,0
TSK-3056,EMP-28,0,0.23333333333333334,0
TSK-3056,EMP-62,0,0.0,0
TSK-3056,EMP-17,0,0.0,0
TSK-3056,EMP-41,0,0.5,0
TSK-3059,EMP-28,1,0.55,1
TSK-3059,EMP-8,0,0.12333333333333334,0
TSK-3059,EMP-46,0,0.0,0
TSK-3059,EMP-34,0,0.0,0
TSK-3059,EMP-40,0,0.0,0
TSK-3059,EMP-51,0,0.0,0
TSK-3059,EMP-30,0,0.0,0
TSK-3059,EMP-11,0,0.023333333333333334,0
TSK-3059,EMP-52,0,0.0,0
TSK-3059,EMP-10,0,0.09,0
TSK-3059,EMP-67,0,0.0,0
TSK-3059,EMP-56,0,0.11,0
TSK-3059,EMP-9,0,0.0,0
TSK-3059,EMP-44,0,0.0,0
TSK-3059,EMP-5,0,0.0,0
TSK-3059,EMP-63,0,0.0033333333333333335,0
TSK-3059,EMP-18,0,0.0,0
TSK-3059,EMP-17,0,0.0,0
TSK-3059,EMP-62,0,0.08,0
TSK-3059,EMP-15,0,0.0,0
TSK-3059,EMP-55,0,0.01,0
TSK-3076,EMP-42,1,0.35333333333333333,0
TSK-3076,EMP-5,1,0.13666666666666666,0
TSK-3076,EMP-27,0,0.05,0
TSK-3076,EMP-30,0,0.0033333333333333335,0
TSK-3076,EMP-57,0,0.0,0
TSK-3076,EMP-14,0,0.0033333333333333335,0
TSK-3076,EMP-25,0,0.0,0
TSK-3076,EMP-62,0,0.0,0
TSK-3076,EMP-65,0,0.0,0
TSK-3076,EMP-49,0,0.0,0
TSK-3076,EMP-59,0,0.0033333333333333335,0
TSK-3076,EMP-18,0,0.0,0
TSK-3076,EMP-10,0,0.07,0
TSK-3076,EMP-58,0,0.0,0
TSK-3076,EMP-1,0,0.0,0
TSK-3076,EMP-41,0,0.09666666666666666,0
TSK-3076,EMP-15,0,0.0,0
TSK-3076,EMP-52,0,0.006666666666666667,0
TSK-3076,EMP-68,0,0.0,0
TSK-3076,EMP-20,0,0.0,0
TSK-3076,EMP-40,0,0.043333333333333335,0
TSK-3076,EMP-8,0,0.08,0
TSK-3077,EMP-65,1,0.9666666666666667,1
TSK-3077,EMP-11,0,0.06666666666666667,0
TSK-3077,EMP-29,0,0.0,0
TSK-3077,EMP-30,0,0.0,0
TSK-3077,EMP-50,0,0.0,0
TSK-3077,EMP-31,0,0.0033333333333333335,0
TSK-3077,EMP-68,0,0.0,0
TSK-3077,EMP-1,0,0.0,0
TSK-3077,EMP-12,0,0.0033333333333333335,0
TSK-3077,EMP-67,0,0.0,0
TSK-3077,EMP-52,0,0.0,0
TSK-3077,EMP-56,0,0.0,0
TSK-3077,EMP-14,0,0.0,0
TSK-3077,EMP-58,0,0.0,0
TSK-3077,EMP-46,0,0.0033333333333333335,0
TSK-3077,EMP-57,0,0.0,0
TSK-3077,EMP-32,0,0.0033333333333333335,0
TSK-3077,EMP-41,0,0.15333333333333332,0
TSK-3077,EMP-25,0,0.0,0
TSK-3077,EMP-34,0,0.0,0
TSK-3077,EMP-27,0,0.07666666666666666,0
TSK-308,EMP-20,1,0.7733333333333333,1
TSK-308,EMP-52,0,0.0,0
TSK-308,EMP-22,0,0.0,0
TSK-308,EMP-4,0,0.15666666666666668,0
TSK-308,EMP-42,0,0.01,0
TSK-308,EMP-40,0,0.0,0
TSK-308,EMP-18,0,0.39666666666666667,0
TSK-308,EMP-12,0,0.36,0
TSK-308,EMP-31,0,0.0,0
TSK-308,EMP-62,0,0.0,0
TSK-308,EMP-8,0,0.07666666666666666,0
TSK-308,EMP-55,0,0.0033333333333333335,0
TSK-308,EMP-67,0,0.0,0
TSK-308,EMP-9,0,0.0033333333333333335,0
TSK-308,EMP-21,0,0.0,0
TSK-308,EMP-27,0,0.0033333333333333335,0
TSK-308,EMP-30,0,0.0,0
TSK-308,EMP-34,0,0.0033333333333333335,0
TSK-308,EMP-7,0,0.0,0
TSK-308,EMP-58,0,0.0,0
TSK-308,EMP-46,0,0.0033333333333333335,0
TSK-3087,EMP-8,1,0.5833333333333334,1
TSK-3087,EMP-18,0,0.0,0
TSK-3087,EMP-45,0,0.0,0
TSK-3087,EMP-28,0,0.18,0
TSK-3087,EMP-24,0,0.0,0
TSK-3087,EMP-10,0,0.16,0
TSK-3087,EMP-59,0,0.0,0
TSK-3087,EMP-31,0,0.0,0
TSK-3087,EMP-27,0,0.0,0
TSK-3087,EMP-32,0,0.18,0
TSK-3087,EMP-62,0,0.0,0
TSK-3087,EMP-7,0,0.2633333333333333,0
TSK-3087,EMP-58,0,0.0,0
TSK-3087,EMP-57,0,0.0,0
TSK-3087,EMP-40,0,0.0,0
TSK-3087,EMP-30,0,0.0,0
TSK-3087,EMP-20,0,0.0,0
TSK-3087,EMP-49,0,0.006666666666666667,0
TSK-3087,EMP-16,0,0.0033333333333333335,0
TSK-3087,EMP-34,0,0.0,0
TSK-3087,EMP-14,0,0.0,0
TSK-3096,EMP-28,1,0.20333333333333334,0
TSK-3096,EMP-41,0,0.0,0
TSK-3096,EMP-12,0,0.0,0
TSK-3096,EMP-58,0,0.0,0
TSK-3096,EMP-22,0,0.4633333333333333,0
TSK-3096,EMP-7,0,0.34,0
TSK-3096,EMP-63,0,0.0,0
TSK-3096,EMP-21,0,0.0033333333333333335,0
TSK-3096,EMP-56,0,0.0,0
TSK-3096,EMP-24,0,0.0,0
TSK-3096,EMP-67,0,0.0,0
TSK-3096,EMP-18,0,0.0,0
TSK-3096,EMP-32,0,0.0,0
TSK-3096,EMP-5,0,0.05,0
TSK-3096,EMP-6,0,0.0,0
TSK-3096,EMP-11,0,0.006666666666666667,0
TSK-3096,EMP-42,0,0.0,0
TSK-3096,EMP-68,0,0.0,0
TSK-3096,EMP-52,0,0.0,0
TSK-3096,EMP-15,0,0.0,0
TSK-3096,EMP-34,0,0.0,0
TSK-3098,EMP-10,1,0.0,0
TSK-3098,EMP-67,0,0.0,0
TSK-3098,EMP-5,0,0.08,0
TSK-3098,EMP-50,0,0.0,0
TSK-3098,EMP-22,0,0.26666666666666666,0
TSK-3098,EMP-56,0,0.0,0
TSK-3098,EMP-45,0,0.0,0
TSK-3098,EMP-63,0,0.0,0
TSK-3098,EMP-32,0,0.0,0
TSK-3098,EMP-42,0,0.0,0
TSK-3098,EMP-12,0,0.0033333333333333335,0
TSK-3098,EMP-28,0,0.22666666666666666,0
TSK-3098,EMP-16,0,0.0,0
TSK-3098,EMP-40,0,0.0,0
TSK-3098,EMP-66,0,0.0,0
TSK-3098,EMP-25,0,0.0,0
TSK-3098,EMP-7,0,0.29,0
TSK-3098,EMP-6,0,0.0,0
TSK-3098,EMP-21,0,0.01,0
TSK-3098,EMP-55,0,0.43333333333333335,0
TSK-3098,EMP-52,0,0.0,0
TSK-3102,EMP-10,1,0.43666666666666665,0
TSK-3102,EMP-58,0,0.0,0
TSK-3102,EMP-31,0,0.07333333333333333,0
TSK-3102,EMP-67,0,0.0,0
TSK-3102,EMP-40,0,0.006666666666666667,0
TSK-3102,EMP-49,0,0.0,0
TSK-3102,EMP-66,0,0.0,0
TSK-3102,EMP-28,0,0.05,0
TSK-3102,EMP-44,0,0.0,0
TSK-3102,EMP-6,0,0.0,0
TSK-3102,EMP-51,0,0.0,0
TSK-3102,EMP-14,0,0.0,0
TSK-3102,EMP-1,0,0.0,0
TSK-3102,EMP-30,0,0.0,0
TSK-3102,EMP-59,0,0.0,0
TSK-3102,EMP-4,0,0.0,0
TSK-3102,EMP-12,0,0.0,0
TSK-3102,EMP-25,0,0.0,0
TSK-3102,EMP-16,0,0.0,0
TSK-3102,EMP-50,0,0.0,0
TSK-3102,EMP-41,0,0.07,0
TSK-3120,EMP-31,1,0.12666666666666668,0
TSK-3120,EMP-58,0,0.0,0
TSK-3120,EMP-57,0,0.0,0
TSK-3120,EMP-27,0,0.006666666666666667,0
TSK-3120,EMP-1,0,0.0,0
TSK-3120,EMP-22,0,0.16,0
TSK-3120,EMP-12,0,0.0,0
TSK-3120,EMP-10,0,0.24,0
TSK-3120,EMP-63,0,0.0033333333333333335,0
TSK-3120,EMP-56,0,0.0,0
TSK-3120,EMP-41,0,0.06,0
TSK-3120,EMP-44,0,0.0,0
TSK-3120,EMP-18,0,0.0,0
TSK-3120,EMP-66,0,0.0,0
TSK-3120,EMP-30,0,0.0,0
TSK-3120,EMP-68,0,0.0,0
TSK-3120,EMP-42,0,0.1,0
TSK-3120,EMP-25,0,0.0,0
TSK-3120,EMP-62,0,0.36666666666666664,0
TSK-3120,EMP-34,0,0.0,0
TSK-3120,EMP-48,0,0.0,0
TSK-3126,EMP-21,1,0.74,1
TSK-3126,EMP-29,0,0.0,0
TSK-3126,EMP-42,0,0.13,0
TSK-3126,EMP-18,0,0.0,0
TSK-3126,EMP-63,0,0.05333333333333334,0
TSK-3126,EMP-11,0,0.013333333333333334,0
TSK-3126,EMP-5,0,0.0033333333333333335,0
TSK-3126,EMP-51,0,0.0,0
TSK-3126,EMP-49,0,0.0,0
TSK-3126,EMP-9,0,0.0,0
TSK-3126,EMP-66,0,0.0,0
TSK-3126,EMP-15,0,0.0,0
TSK-3126,EMP-62,0,0.0,0
TSK-3126,EMP-4,0,0.0,0
TSK-3126,EMP-52,0,0.0,0
TSK-3126,EMP-57,0,0.0,0
TSK-3126,EMP-8,0,0.04666666666666667,0
TSK-3126,EMP-40,0,0.023333333333333334,0
TSK-3126,EMP-10,0,0.013333333333333334,0
TSK-3126,EMP-7,0,0.10666666666666667,0
TSK-3126,EMP-48,0,0.0,0
TSK-3127,EMP-42,1,0.12,0
TSK-3127,EMP-21,1,0.6633333333333333,1
TSK-3127,EMP-11,0,0.016666666666666666,0
TSK-3127,EMP-66,0,0.0,0
TSK-3127,EMP-32,0,0.02666666666666667,0
TSK-3127,EMP-41,0,0.01,0
TSK-3127,EMP-31,0,0.5433333333333333,1
TSK-3127,EMP-45,0,0.0,0
TSK-3127,EMP-4,0,0.0,0
TSK-3127,EMP-65,0,0.0,0
TSK-3127,EMP-49,0,0.0,0
TSK-3127,EMP-57,0,0.0,0
TSK-3127,EMP-50,0,0.0,0
TSK-3127,EMP-63,0,0.05333333333333334,0
TSK-3127,EMP-30,0,0.0,0
TSK-3127,EMP-27,0,0.013333333333333334,0
TSK-3127,EMP-15,0,0.0,0
TSK-3127,EMP-7,0,0.1,0
TSK-3127,EMP-29,0,0.0,0
TSK-3127,EMP-8,0,0.08,0
TSK-3127,EMP-51,0,0.0,0
TSK-3127,EMP-59,0,0.0,0
TSK-3130,EMP-21,1,0.17666666666666667,0
TSK-3130,EMP-8,0,0.07666666666666666,0
TSK-3130,EMP-34,0,0.0,0
TSK-3130,EMP-24,0,0.0,0
TSK-3130,EMP-1,0,0.0,0
TSK-3130,EMP-22,0,0.056666666666666664,0
TSK-3130,EMP-42,0,0.0,0
TSK-3130,EMP-10,0,0.1,0
TSK-3130,EMP-27,0,0.0,0
TSK-3130,EMP-50,0,0.06666666666666667,0
TSK-3130,EMP-17,0,0.0,0
TSK-3130,EMP-30,0,0.0,0
TSK-3130,EMP-59,0,0.013333333333333334,0
TSK-3130,EMP-67,0,0.0,0
TSK-3130,EMP-28,0,0.6133333333333333,1
TSK-3130,EMP-68,0,0.0,0
TSK-3130,EMP-40,0,0.0,0
TSK-3130,EMP-25,0,0.0,0
TSK-3130,EMP-11,0,0.056666666666666664,0
TSK-3130,EMP-57,0,0.0033333333333333335,0
TSK-3130,EMP-32,0,0.05,0
TSK-3131,EMP-21,1,0.16666666666666666,0
TSK-3131,EMP-55,0,0.0033333333333333335,0
TSK-3131,EMP-63,0,0.016666666666666666,0
TSK-3131,EMP-51,0,0.0,0
TSK-3131,EMP-20,0,0.0,0
TSK-3131,EMP-10,0,0.18,0
TSK-3131,EMP-22,0,0.07333333333333333,0
TSK-3131,EMP-18,0,0.0,0
TSK-3131,EMP-6,0,0.0,0
TSK-3131,EMP-45,0,0.0,0
TSK-3131,EMP-30,0,0.0,0
TSK-3131,EMP-11,0,0.12,0
TSK-3131,EMP-68,0,0.0,0
TSK-3131,EMP-42,0,0.0,0
TSK-3131,EMP-59,0,0.02,0
TSK-3131,EMP-27,0,0.0,0
TSK-3131,EMP-1,0,0.0,0
TSK-3131,EMP-44,0,0.0,0
TSK-3131,EMP-9,0,0.0,0
TSK-3131,EMP-29,0,0.0,0
TSK-3131,EMP-41,0,0.0,0
TSK-3139,EMP-46,1,0.8,1
TSK-3139,EMP-29,0,0.0,0
TSK-3139,EMP-24,0,0.0,0
TSK-3139,EMP-28,0,0.0033333333333333335,0
TSK-3139,EMP-56,0,0.013333333333333334,0
TSK-3139,EMP-22,0,0.2833333333333333,0
TSK-3139,EMP-52,0,0.0,0
TSK-3139,EMP-63,0,0.0,0
TSK-3139,EMP-10,0,0.006666666666666667,0
TSK-3139,EMP-62,0,0.0,0
TSK-3139,EMP-16,0,0.0033333333333333335,0
TSK-3139,EMP-41,0,0.0,0
TSK-3139,EMP-58,0,0.0,0
TSK-3139,EMP-21,0,0.0033333333333333335,0
TSK-3139,EMP-8,0,0.2,0
TSK-3139,EMP-68,0,0.0,0
TSK-3139,EMP-14,0,0.0,0
TSK-3139,EMP-15,0,0.0033333333333333335,0
TSK-3139,EMP-55,0,0.0,0
TSK-3139,EMP-48,0,0.0,0
TSK-3139,EMP-20,0,0.0,0
TSK-3161,EMP-63,1,0.89,1
TSK-3161,EMP-24,0,0.0,0
TSK-3161,EMP-6,0,0.0033333333333333335,0
TSK-3161,EMP-55,0,0.0033333333333333335,0
TSK-3161,EMP-50,0,0.0,0
TSK-3161,EMP-16,0,0.0,0
TSK-3161,EMP-57,0,0.0,0
TSK-3161,EMP-29,0,0.0,0
TSK-3161,EMP-8,0,0.0033333333333333335,0
TSK-3161,EMP-67,0,0.0,0
TSK-3161,EMP-56,0,0.0,0
TSK-3161,EMP-45,0,0.07333333333333333,0
TSK-3161,EMP-41,0,0.22666666666666666,0
TSK-3161,EMP-15,0,0.0,0
TSK-3161,EMP-44,0,0.0033333333333333335,0
TSK-3161,EMP-28,0,0.006666666666666667,0
TSK-3161,EMP-9,0,0.0033333333333333335,0
TSK-3161,EMP-42,0,0.29333333333333333,0
TSK-3161,EMP-34,0,0.0,0
TSK-3161,EMP-14,0,0.0,0
TSK-3161,EMP-31,0,0.023333333333333334,0
TSK-3167,EMP-32,1,0.7266666666666667,1
TSK-3167,EMP-12,0,0.0,0
TSK-3167,EMP-63,0,0.0,0
TSK-3167,EMP-50,0,0.0,0
TSK-3167,EMP-8,0,0.0,0
TSK-3167,EMP-49,0,0.0,0
TSK-3167,EMP-14,0,0.02,0
TSK-3167,EMP-44,0,0.31666666666666665,0
TSK-3167,EMP-46,0,0.54,1
TSK-3167,EMP-6,0,0.0,0
TSK-3167,EMP-25,0,0.0,0
TSK-3167,EMP-67,0,0.0,0
TSK-3167,EMP-16,0,0.21,0
TSK-3167,EMP-59,0,0.0,0
TSK-3167,EMP-66,0,0.0,0
TSK-3167,EMP-9,0,0.0033333333333333335,0
TSK-3167,EMP-45,0,0.0,0
TSK-3167,EMP-41,0,0.0,0
TSK-3167,EMP-21,0,0.0,0
TSK-3167,EMP-56,0,0.0,0
TSK-3167,EMP-1,0,0.056666666666666664,0
TSK-318,EMP-6,1,0.7433333333333333,1
TSK-318,EMP-10,0,0.11,0
TSK-318,EMP-40,0,0.0,0
TSK-318,EMP-55,0,0.0033333333333333335,0
TSK-318,EMP-68,0,0.0,0
TSK-318,EMP-30,0,0.0,0
TSK-318,EMP-32,0,0.0,0
TSK-318,EMP-22,0,0.30333333333333334,0
TSK-318,EMP-15,0,0.0033333333333333335,0
TSK-318,EMP-17,0,0.0,0
TSK-318,EMP-1,0,0.0,0
TSK-318,EMP-58,0,0.0,0
TSK-318,EMP-5,0,0.0,0
TSK-318,EMP-21,0,0.27,0
TSK-318,EMP-16,0,0.0,0
TSK-318,EMP-57,0,0.0,0
TSK-318,EMP-29,0,0.0,0
TSK-318,EMP-44,0,0.0,0
TSK-318,EMP-62,0,0.0,0
TSK-318,EMP-14,0,0.0,0
TSK-318,EMP-31,0,0.006666666666666667,0
TSK-3180,EMP-42,1,0.89,1
TSK-3180,EMP-68,0,0.0,0
TSK-3180,EMP-5,0,0.2733333333333333,0
TSK-3180,EMP-7,0,0.03,0
TSK-3180,EMP-16,0,0.0,0
TSK-3180,EMP-4,0,0.0,0
TSK-3180,EMP-27,0,0.06,0
TSK-3180,EMP-28,0,0.03,0
TSK-3180,EMP-18,0,0.0,0
TSK-3180,EMP-21,0,0.02,0
TSK-3180,EMP-32,0,0.023333333333333334,0
TSK-3180,EMP-9,0,0.0,0
TSK-3180,EMP-46,0,0.0,0
TSK-3180,EMP-62,0,0.0,0
TSK-3180,EMP-55,0,0.0033333333333333335,0
TSK-3180,EMP-48,0,0.0,0
TSK-3180,EMP-24,0,0.0033333333333333335,0
TSK-3180,EMP-66,0,0.0,0
TSK-3180,EMP-11,0,0.09333333333333334,0
TSK-3180,EMP-22,0,0.03,0
TSK-3180,EMP-14,0,0.0,0
TSK-3188,EMP-5,1,0.32,0
TSK-3188,EMP-1,0,0.0,0
TSK-3188,EMP-57,0,0.0,0
TSK-3188,EMP-34,0,0.0,0
TSK-3188,EMP-24,0,0.0,0
TSK-3188,EMP-65,0,0.65,1
TSK-3188,EMP-4,0,0.0,0
TSK-3188,EMP-9,0,0.0,0
TSK-3188,EMP-42,0,0.0,0
TSK-3188,EMP-22,0,0.08666666666666667,0
TSK-3188,EMP-32,0,0.0,0
TSK-3188,EMP-68,0,0.0,0
TSK-3188,EMP-63,0,0.0,0
TSK-3188,EMP-55,0,0.02666666666666667,0
TSK-3188,EMP-14,0,0.0,0
TSK-3188,EMP-52,0,0.0,0
TSK-3188,EMP-48,0,0.0,0
TSK-3188,EMP-6,0,0.0,0
TSK-3188,EMP-51,0,0.0,0
TSK-3188,EMP-11,0,0.09333333333333334,0
TSK-3188,EMP-30,0,0.0,0
TSK-319,EMP-6,1,0.78,1
TSK-319,EMP-67,0,0.0,0
TSK-319,EMP-17,0,0.0,0
TSK-319,EMP-29,0,0.0,0
TSK-319,EMP-57,0,0.0,0
TSK-319,EMP-58,0,0.0,0
TSK-319,EMP-66,0,0.0,0
TSK-319,EMP-63,0,0.0,0
TSK-319,EMP-27,0,0.0033333333333333335,0
TSK-319,EMP-25,0,0.0,0
TSK-319,EMP-30,0,0.0,0
TSK-319,EMP-10,0,0.14,0
TSK-319,EMP-51,0,0.0,0
TSK-319,EMP-5,0,0.0,0
TSK-319,EMP-12,0,0.0033333333333333335,0
TSK-319,EMP-15,0,0.0,0
TSK-319,EMP-1,0,0.0,0
TSK-319,EMP-9,0,0.0,0
TSK-319,EMP-48,0,0.0,0
TSK-319,EMP-21,0,0.29,0
TSK-319,EMP-46,0,0.0,0
TSK-3190,EMP-28,1,0.24333333333333335,0
TSK-3190,EMP-1,0,0.0,0
TSK-3190,EMP-27,0,0.0,0
TSK-3190,EMP-15,0,0.0,0
TSK-3190,EMP-52,0,0.0,0
TSK-3190,EMP-57,0,0.0,0
TSK-3190,EMP-62,0,0.0,0
TSK-3190,EMP-16,0,0.0,0
TSK-3190,EMP-25,0,0.0,0
TSK-3190,EMP-10,0,0.006666666666666667,0
TSK-3190,EMP-7,0,0.3233333333333333,0
TSK-3190,EMP-45,0,0.0033333333333333335,0
TSK-3190,EMP-65,0,0.0,0
TSK-3190,EMP-34,0,0.0,0
TSK-3190,EMP-66,0,0.0,0
TSK-3190,EMP-18,0,0.0,0
TSK-3190,EMP-21,0,0.5166666666666667,1
TSK-3190,EMP-6,0,0.0,0
TSK-3190,EMP-67,0,0.0,0
TSK-3190,EMP-29,0,0.0,0
TSK-3190,EMP-49,0,0.0,0
TSK-3197,EMP-7,1,0.15333333333333332,0
TSK-3197,EMP-68,0,0.0,0
TSK-3197,EMP-42,0,0.0,0
TSK-3197,EMP-4,0,0.0,0
TSK-3197,EMP-17,0,0.0,0
TSK-3197,EMP-28,0,0.06666666666666667,0
TSK-3197,EMP-49,0,0.0,0
TSK-3197,EMP-55,0,0.006666666666666667,0
TSK-3197,EMP-40,0,0.006666666666666667,0
TSK-3197,EMP-41,0,0.08,0
TSK-3197,EMP-65,0,0.23666666666666666,0
TSK-3197,EMP-31,0,0.08333333333333333,0
TSK-3197,EMP-46,0,0.0,0
TSK-3197,EMP-9,0,0.0,0
TSK-3197,EMP-44,0,0.0,0
TSK-3197,EMP-67,0,0.0,0
TSK-3197,EMP-29,0,0.0,0
TSK-3197,EMP-11,0,0.023333333333333334,0
TSK-3197,EMP-62,0,0.0,0
TSK-3197,EMP-63,0,0.0,0
TSK-3197,EMP-15,0,0.0,0
TSK-3201,EMP-62,1,0.5833333333333334,1
TSK-3201,EMP-45,0,0.16666666666666666,0
TSK-3201,EMP-24,0,0.0033333333333333335,0
TSK-3201,EMP-12,0,0.0,0
TSK-3201,EMP-7,0,0.09333333333333334,0
TSK-3201,EMP-1,0,0.0,0
TSK-3201,EMP-49,0,0.0,0
TSK-3201,EMP-11,0,0.05,0
TSK-3201,EMP-16,0,0.0,0
TSK-3201,EMP-57,0,0.0,0
TSK-3201,EMP-17,0,0.0,0
TSK-3201,EMP-59,0,0.0,0
TSK-3201,EMP-50,0,0.0033333333333333335,0
TSK-3201,EMP-58,0,0.0,0
TSK-3201,EMP-56,0,0.0,0
TSK-3201,EMP-27,0,0.013333333333333334,0
TSK-3201,EMP-51,0,0.0,0
TSK-3201,EMP-41,0,0.3466666666666667,0
TSK-3201,EMP-67,0,0.0,0
TSK-3201,EMP-9,0,0.0,0
TSK-3201,EMP-5,0,0.01,0
TSK-3203,EMP-62,1,0.6,1
TSK-3203,EMP-68,0,0.0,0
TSK-3203,EMP-9,0,0.0,0
TSK-3203,EMP-8,0,0.04,0
TSK-3203,EMP-51,0,0.0,0
TSK-3203,EMP-32,0,0.03,0
TSK-3203,EMP-50,0,0.0033333333333333335,0
TSK-3203,EMP-6,0,0.0,0
TSK-3203,EMP-5,0,0.01,0
TSK-3203,EMP-21,0,0.13,0
TSK-3203,EMP-17,0,0.0,0
TSK-3203,EMP-46,0,0.0,0
TSK-3203,EMP-10,0,0.05,0
TSK-3203,EMP-45,0,0.24666666666666667,0
TSK-3203,EMP-66,0,0.0,0
TSK-3203,EMP-28,0,0.14333333333333334,0
TSK-3203,EMP-22,0,0.06,0
TSK-3203,EMP-42,0,0.06,0
TSK-3203,EMP-25,0,0.0,0
TSK-3203,EMP-40,0,0.0,0
TSK-3203,EMP-67,0,0.0,0
TSK-3205,EMP-62,1,0.3566666666666667,0
TSK-3205,EMP-45,0,0.0,0
TSK-3205,EMP-46,0,0.006666666666666667,0
TSK-3205,EMP-18,0,0.0,0
TSK-3205,EMP-8,0,0.05,0
TSK-3205,EMP-34,0,0.0,0
TSK-3205,EMP-11,0,0.04666666666666667,0
TSK-3205,EMP-30,0,0.0,0
TSK-3205,EMP-29,0,0.0,0
TSK-3205,EMP-25,0,0.0,0
TSK-3205,EMP-42,0,0.0,0
TSK-3205,EMP-6,0,0.0,0
TSK-3205,EMP-58,0,0.0,0
TSK-3205,EMP-4,0,0.0,0
TSK-3205,EMP-22,0,0.03,0
TSK-3205,EMP-9,0,0.0,0
TSK-3205,EMP-24,0,0.0,0
TSK-3205,EMP-68,0,0.0,0
TSK-3205,EMP-63,0,0.0033333333333333335,0
TSK-3205,EMP-32,0,0.25666666666666665,0
TSK-3205,EMP-67,0,0.0,0
TSK-3220,EMP-11,1,0.02,0
TSK-3220,EMP-49,0,0.0,0
TSK-3220,EMP-68,0,0.0,0
TSK-3220,EMP-52,0,0.0,0
TSK-3220,EMP-16,0,0.0033333333333333335,0
TSK-3220,EMP-62,0,0.0,0
TSK-3220,EMP-8,0,0.08333333333333333,0
TSK-3220,EMP-41,0,0.08333333333333333,0
TSK-3220,EMP-59,0,0.0,0
TSK-3220,EMP-18,0,0.0,0
TSK-3220,EMP-4,0,0.0033333333333333335,0
TSK-3220,EMP-42,0,0.0,0
TSK-3220,EMP-27,0,0.056666666666666664,0
TSK-3220,EMP-58,0,0.0,0
TSK-3220,EMP-31,0,0.006666666666666667,0
TSK-3220,EMP-51,0,0.0,0
TSK-3220,EMP-44,0,0.0,0
TSK-3220,EMP-24,0,0.0,0
TSK-3220,EMP-57,0,0.0,0
TSK-3220,EMP-12,0,0.0,0
TSK-3220,EMP-32,0,0.0033333333333333335,0
TSK-3230,EMP-22,1,0.5333333333333333,1
TSK-3230,EMP-44,0,0.0,0
TSK-3230,EMP-21,0,0.16,0
TSK-3230,EMP-30,0,0.0,0
TSK-3230,EMP-51,0,0.0,0
TSK-3230,EMP-46,0,0.0,0
TSK-3230,EMP-56,0,0.0,0
TSK-3230,EMP-57,0,0.0,0
TSK-3230,EMP-49,0,0.0,0
TSK-3230,EMP-62,0,0.0033333333333333335,0
TSK-3230,EMP-55,0,0.006666666666666667,0
TSK-3230,EMP-18,0,0.0,0
TSK-3230,EMP-20,0,0.0,0
TSK-3230,EMP-25,0,0.0,0
TSK-3230,EMP-50,0,0.0,0
TSK-3230,EMP-6,0,0.0,0
TSK-3230,EMP-45,0,0.0,0
TSK-3230,EMP-12,0,0.0,0
TSK-3230,EMP-48,0,0.0,0
TSK-3230,EMP-7,0,0.3466666666666667,0
TSK-3230,EMP-52,0,0.0,0
TSK-3234,EMP-42,1,0.45,0
TSK-3234,EMP-16,0,0.0,0
TSK-3234,EMP-6,0,0.0,0
TSK-3234,EMP-65,0,0.0,0
TSK-3234,EMP-59,0,0.0,0
TSK-3234,EMP-56,0,0.0,0
TSK-3234,EMP-31,0,0.06,0
TSK-3234,EMP-44,0,0.0,0
TSK-3234,EMP-9,0,0.0,0
TSK-3234,EMP-40,0,0.03666666666666667,0
TSK-3234,EMP-55,0,0.01,0
TSK-3234,EMP-45,0,0.013333333333333334,0
TSK-3234,EMP-66,0,0.0,0
TSK-3234,EMP-8,0,0.02,0
TSK-3234,EMP-1,0,0.0,0
TSK-3234,EMP-14,0,0.006666666666666667,0
TSK-3234,EMP-10,0,0.023333333333333334,0
TSK-3234,EMP-51,0,0.0,0
TSK-3234,EMP-11,0,0.023333333333333334,0
TSK-3234,EMP-41,0,0.16333333333333333,0
TSK-3234,EMP-21,0,0.02,0
TSK-3235,EMP-8,1,0.2833333333333333,0
TSK-3235,EMP-51,0,0.02,0
TSK-3235,EMP-65,0,0.08666666666666667,0
TSK-3235,EMP-25,0,0.01,0
TSK-3235,EMP-41,0,0.25666666666666665,0
TSK-3235,EMP-16,0,0.15333333333333332,0
TSK-3235,EMP-10,0,0.13333333333333333,0
TSK-3235,EMP-15,0,0.03333333333333333,0
TSK-3235,EMP-50,0,0.0,0
TSK-3235,EMP-62,0,0.013333333333333334,0
TSK-3235,EMP-32,0,0.006666666666666667,0
TSK-3235,EMP-42,0,0.18,0
TSK-3235,EMP-57,0,0.01,0
TSK-3235,EMP-11,0,0.68,1
TSK-3235,EMP-27,0,0.2733333333333333,0
TSK-3235,EMP-45,0,0.22,0
TSK-3235,EMP-1,0,0.0,0
TSK-3235,EMP-46,0,0.14,0
TSK-3235,EMP-48,0,0.08666666666666667,0
TSK-3235,EMP-12,0,0.12666666666666668,0
TSK-3235,EMP-67,0,0.0033333333333333335,0
TSK-3241,EMP-5,1,0.3566666666666667,0
TSK-3241,EMP-21,0,0.07666666666666666,0
TSK-3241,EMP-56,0,0.0,0
TSK-3241,EMP-8,0,0.0,0
TSK-3241,EMP-46,0,0.4,0
TSK-3241,EMP-10,0,0.07333333333333333,0
TSK-3241,EMP-63,0,0.22333333333333333,0
TSK-3241,EMP-68,0,0.0,0
TSK-3241,EMP-42,0,0.06666666666666667,0
TSK-3241,EMP-11,0,0.17333333333333334,0
TSK-3241,EMP-6,0,0.0033333333333333335,0
TSK-3241,EMP-59,0,0.07333333333333333,0
TSK-3241,EMP-4,0,0.0,0
TSK-3241,EMP-52,0,0.0,0
TSK-3241,EMP-65,0,0.0,0
TSK-3241,EMP-32,0,0.0033333333333333335,0
TSK-3241,EMP-24,0,0.0033333333333333335,0
TSK-3241,EMP-15,0,0.0,0
TSK-3241,EMP-51,0,0.03,0
TSK-3241,EMP-17,0,0.0,0
TSK-3241,EMP-40,0,0.0,0
TSK-3250,EMP-12,1,0.21333333333333335,0
TSK-3250,EMP-34,1,0.15666666666666668,0
TSK-3250,EMP-68,1,0.23333333333333334,0
TSK-3250,EMP-40,0,0.06333333333333334,0
TSK-3250,EMP-9,0,0.19,0
TSK-3250,EMP-52,0,0.19,0
TSK-3250,EMP-59,0,0.0,0
TSK-3250,EMP-7,0,0.20333333333333334,0
TSK-3250,EMP-6,0,0.15,0
TSK-3250,EMP-30,0,0.03,0
TSK-3250,EMP-62,0,0.043333333333333335,0
TSK-3250,EMP-18,0,0.07666666666666666,0
TSK-3250,EMP-21,0,0.2866666666666667,0
TSK-3250,EMP-63,0,0.02,0
TSK-3250,EMP-46,0,0.13,0
TSK-3250,EMP-24,0,0.11666666666666667,0
TSK-3250,EMP-65,0,0.11,0
TSK-3250,EMP-50,0,0.013333333333333334,0
TSK-3250,EMP-58,0,0.016666666666666666,0
TSK-3250,EMP-57,0,0.02,0
TSK-3250,EMP-16,0,0.22666666666666666,0
TSK-3250,EMP-32,0,0.023333333333333334,0
TSK-3250,EMP-48,0,0.10333333333333333,0
TSK-3264,EMP-49,1,0.75,1
TSK-3264,EMP-24,0,0.0,0
TSK-3264,EMP-51,0,0.19,0
TSK-3264,EMP-12,0,0.14666666666666667,0
TSK-3264,EMP-58,0,0.0,0
TSK-3264,EMP-10,0,0.0,0
TSK-3264,EMP-32,0,0.49333333333333335,0
TSK-3264,EMP-14,0,0.0,0
TSK-3264,EMP-31,0,0.0,0
TSK-3264,EMP-63,0,0.0,0
TSK-3264,EMP-4,0,0.0,0
TSK-3264,EMP-50,0,0.0,0
TSK-3264,EMP-66,0,0.0,0
TSK-3264,EMP-20,0,0.0033333333333333335,0
TSK-3264,EMP-44,0,0.2,0
TSK-3264,EMP-46,0,0.0033333333333333335,0
TSK-3264,EMP-67,0,0.0,0
TSK-3264,EMP-9,0,0.0,0
TSK-3264,EMP-40,0,0.0,0
TSK-3264,EMP-57,0,0.0,0
TSK-3264,EMP-16,0,0.0033333333333333335,0
TSK-3265,EMP-49,1,0.6433333333333333,1
TSK-3265,EMP-50,0,0.06333333333333334,0
TSK-3265,EMP-10,0,0.0033333333333333335,0
TSK-3265,EMP-63,0,0.0033333333333333335,0
TSK-3265,EMP-9,0,0.006666666666666667,0
TSK-3265,EMP-6,0,0.0,0
TSK-3265,EMP-18,0,0.17333333333333334,0
TSK-3265,EMP-14,0,0.0033333333333333335,0
TSK-3265,EMP-55,0,0.43,0
TSK-3265,EMP-46,0,0.31,0
TSK-3265,EMP-5,0,0.18666666666666668,0
TSK-3265,EMP-11,0,0.023333333333333334,0
TSK-3265,EMP-45,0,0.0,0
TSK-3265,EMP-59,0,0.0033333333333333335,0
TSK-3265,EMP-48,0,0.0,0
TSK-3265,EMP-67,0,0.0,0
TSK-3265,EMP-56,0,0.0033333333333333335,0
TSK-3265,EMP-30,0,0.0,0
TSK-3265,EMP-40,0,0.0033333333333333335,0
TSK-3265,EMP-68,0,0.0,0
TSK-3265,EMP-12,0,0.2866666666666667,0
TSK-3277,EMP-55,1,0.47333333333333333,0
TSK-3277,EMP-27,1,0.4,0
TSK-3277,EMP-41,0,0.39,0
TSK-3277,EMP-57,0,0.0033333333333333335,0
TSK-3277,EMP-31,0,0.14666666666666667,0
TSK-3277,EMP-22,0,0.19333333333333333,0
TSK-3277,EMP-32,0,0.01,0
TSK-3277,EMP-6,0,0.05333333333333334,0
TSK-3277,EMP-20,0,0.07333333333333333,0
TSK-3277,EMP-5,0,0.65,1
TSK-3277,EMP-18,0,0.01,0
TSK-3277,EMP-63,0,0.06666666666666667,0
TSK-3277,EMP-25,0,0.0,0
TSK-3277,EMP-50,0,0.0,0
TSK-3277,EMP-67,0,0.0,0
TSK-3277,EMP-65,0,0.02666666666666667,0
TSK-3277,EMP-9,0,0.15666666666666668,0
TSK-3277,EMP-29,0,0.13666666666666666,0
TSK-3277,EMP-59,0,0.0,0
TSK-3277,EMP-24,0,0.01,0
TSK-3277,EMP-48,0,0.06333333333333334,0
TSK-3277,EMP-68,0,0.13,0
TSK-3282,EMP-55,1,0.51,1
TSK-3282,EMP-29,0,0.0,0
TSK-3282,EMP-62,0,0.016666666666666666,0
TSK-3282,EMP-42,0,0.5366666666666666,1
TSK-3282,EMP-1,0,0.0,0
TSK-3282,EMP-34,0,0.0033333333333333335,0
TSK-3282,EMP-40,0,0.0033333333333333335,0
TSK-3282,EMP-14,0,0.0033333333333333335,0
TSK-3282,EMP-27,0,0.016666666666666666,0
TSK-3282,EMP-15,0,0.013333333333333334,0
TSK-3282,EMP-16,0,0.0033333333333333335,0
TSK-3282,EMP-18,0,0.0033333333333333335,0
TSK-3282,EMP-48,0,0.0,0
TSK-3282,EMP-45,0,0.016666666666666666,0
TSK-3282,EMP-21,0,0.006666666666666667,0
TSK-3282,EMP-46,0,0.01,0
TSK-3282,EMP-50,0,0.0033333333333333335,0
TSK-3282,EMP-24,0,0.0,0
TSK-3282,EMP-32,0,0.006666666666666667,0
TSK-3282,EMP-11,0,0.02666666666666667,0
TSK-3282,EMP-51,0,0.0033333333333333335,0
TSK-3285,EMP-32,1,0.45,0
TSK-3285,EMP-14,0,0.0,0
TSK-3285,EMP-65,0,0.0,0
TSK-3285,EMP-68,0,0.0,0
TSK-3285,EMP-4,0,0.01,0
TSK-3285,EMP-52,0,0.0,0
TSK-3285,EMP-66,0,0.0,0
TSK-3285,EMP-16,0,0.0,0
TSK-3285,EMP-27,0,0.07,0
TSK-3285,EMP-31,0,0.0,0
TSK-3285,EMP-20,0,0.0,0
TSK-3285,EMP-8,0,0.0,0
TSK-3285,EMP-48,0,0.0,0
TSK-3285,EMP-5,0,0.016666666666666666,0
TSK-3285,EMP-11,0,0.19333333333333333,0
TSK-3285,EMP-45,0,0.0033333333333333335,0
TSK-3285,EMP-49,0,0.5266666666666666,1
TSK-3285,EMP-10,0,0.0,0
TSK-3285,EMP-56,0,0.0,0
TSK-3285,EMP-21,0,0.0033333333333333335,0
TSK-3285,EMP-18,0,0.0,0
TSK-3299,EMP-65,1,0.9166666666666666,1
TSK-3299,EMP-16,0,0.0,0
TSK-3299,EMP-10,0,0.056666666666666664,0
TSK-3299,EMP-50,0,0.0,0
TSK-3299,EMP-4,0,0.0,0
TSK-3299,EMP-29,0,0.0,0
TSK-3299,EMP-17,0,0.0,0
TSK-3299,EMP-22,0,0.016666666666666666,0
TSK-3299,EMP-68,0,0.0,0
TSK-3299,EMP-5,0,0.3433333333333333,0
TSK-3299,EMP-12,0,0.0,0
TSK-3299,EMP-56,0,0.0,0
TSK-3299,EMP-63,0,0.0,0
TSK-3299,EMP-59,0,0.0,0
TSK-3299,EMP-8,0,0.02,0
TSK-3299,EMP-11,0,0.01,0
TSK-3299,EMP-48,0,0.0,0
TSK-3299,EMP-51,0,0.0,0
TSK-3299,EMP-67,0,0.0,0
TSK-3299,EMP-6,0,0.0,0
TSK-3299,EMP-25,0,0.0,0
TSK-3303,EMP-68,1,0.11333333333333333,0
TSK-3303,EMP-34,1,0.26666666666666666,0
TSK-3303,EMP-65,1,0.04666666666666667,0
TSK-3303,EMP-27,1,0.22666666666666666,0
TSK-3303,EMP-24,0,0.013333333333333334,0
TSK-3303,EMP-40,0,0.006666666666666667,0
TSK-3303,EMP-1,0,0.0,0
TSK-3303,EMP-41,0,0.19666666666666666,0
TSK-3303,EMP-59,0,0.0,0
TSK-3303,EMP-48,0,0.18,0
TSK-3303,EMP-44,0,0.0033333333333333335,0
TSK-3303,EMP-42,0,0.12333333333333334,0
TSK-3303,EMP-25,0,0.0,0
TSK-3303,EMP-12,0,0.05,0
TSK-3303,EMP-15,0,0.04,0
TSK-3303,EMP-17,0,0.013333333333333334,0
TSK-3303,EMP-6,0,0.02,0
TSK-3303,EMP-67,0,0.0,0
TSK-3303,EMP-51,0,0.006666666666666667,0
TSK-3303,EMP-28,0,0.1,0
TSK-3303,EMP-18,0,0.0,0
TSK-3303,EMP-58,0,0.0,0
TSK-3303,EMP-22,0,0.023333333333333334,0
TSK-3303,EMP-50,0,0.0,0
TSK-3336,EMP-66,1,0.6966666666666667,1
TSK-3336,EMP-44,0,0.0,0
TSK-3336,EMP-11,0,0.0033333333333333335,0
TSK-3336,EMP-63,0,0.013333333333333334,0
TSK-3336,EMP-7,0,0.0,0
TSK-3336,EMP-34,0,0.0,0
TSK-3336,EMP-10,0,0.0,0
TSK-3336,EMP-28,0,0.0033333333333333335,0
TSK-3336,EMP-57,0,0.006666666666666667,0
TSK-3336,EMP-29,0,0.0,0
TSK-3336,EMP-31,0,0.0,0
TSK-3336,EMP-48,0,0.0,0
TSK-3336,EMP-68,0,0.0,0
TSK-3336,EMP-50,0,0.043333333333333335,0
TSK-3336,EMP-27,0,0.0,0
TSK-3336,EMP-14,0,0.0033333333333333335,0
TSK-3336,EMP-22,0,0.0,0
TSK-3336,EMP-6,0,0.0,0
TSK-3336,EMP-5,0,0.03333333333333333,0
TSK-3336,EMP-20,0,0.0,0
TSK-3336,EMP-18,0,0.08666666666666667,0
TSK-334,EMP-11,1,0.7966666666666666,1
TSK-334,EMP-16,0,0.0,0
TSK-334,EMP-17,0,0.0,0
TSK-334,EMP-4,0,0.0,0
TSK-334,EMP-14,0,0.0,0
TSK-334,EMP-62,0,0.01,0
TSK-334,EMP-49,0,0.0,0
TSK-334,EMP-6,0,0.023333333333333334,0
TSK-334,EMP-24,0,0.0,0
TSK-334,EMP-34,0,0.0,0
TSK-334,EMP-59,0,0.006666666666666667,0
TSK-334,EMP-42,0,0.0,0
TSK-334,EMP-12,0,0.0,0
TSK-334,EMP-20,0,0.0,0
TSK-334,EMP-9,0,0.0,0
TSK-334,EMP-40,0,0.0,0
TSK-334,EMP-21,0,0.22333333333333333,0
TSK-334,EMP-45,0,0.0,0
TSK-334,EMP-57,0,0.0,0
TSK-334,EMP-46,0,0.0,0
TSK-334,EMP-18,0,0.0,0
TSK-3348,EMP-66,1,0.6566666666666666,1
TSK-3348,EMP-8,0,0.016666666666666666,0
TSK-3348,EMP-48,0,0.0033333333333333335,0
TSK-3348,EMP-1,0,0.0,0
TSK-3348,EMP-46,0,0.09666666666666666,0
TSK-3348,EMP-52,0,0.0,0
TSK-3348,EMP-31,0,0.0,0
TSK-3348,EMP-32,0,0.42333333333333334,0
TSK-3348,EMP-27,0,0.0,0
TSK-3348,EMP-22,0,0.0,0
TSK-3348,EMP-29,0,0.0,0
TSK-3348,EMP-59,0,0.0033333333333333335,0
TSK-3348,EMP-45,0,0.0,0
TSK-3348,EMP-41,0,0.006666666666666667,0
TSK-3348,EMP-44,0,0.0,0
TSK-3348,EMP-55,0,0.2,0
TSK-3348,EMP-21,0,0.0,0
TSK-3348,EMP-24,0,0.0,0
TSK-3348,EMP-68,0,0.0,0
TSK-3348,EMP-4,0,0.22333333333333333,0
TSK-3348,EMP-67,0,0.006666666666666667,0
TSK-335,EMP-10,1,0.17333333333333334,0
TSK-335,EMP-34,0,0.0,0
TSK-335,EMP-58,0,0.0,0
TSK-335,EMP-7,0,0.0033333333333333335,0
TSK-335,EMP-27,0,0.0033333333333333335,0
TSK-335,EMP-56,0,0.0033333333333333335,0
TSK-335,EMP-15,0,0.0,0
TSK-335,EMP-44,0,0.0033333333333333335,0
TSK-335,EMP-52,0,0.0,0
TSK-335,EMP-8,0,0.013333333333333334,0
TSK-335,EMP-62,0,0.0,0
TSK-335,EMP-68,0,0.0,0
TSK-335,EMP-29,0,0.0,0
TSK-335,EMP-18,0,0.0,0
TSK-335,EMP-45,0,0.006666666666666667,0
TSK-335,EMP-14,0,0.0,0
TSK-335,EMP-12,0,0.0,0
TSK-335,EMP-65,0,0.0,0
TSK-335,EMP-16,0,0.0033333333333333335,0
TSK-335,EMP-57,0,0.0,0
TSK-335,EMP-20,0,0.0,0
TSK-3364,EMP-66,1,0.24333333333333335,0
TSK-3364,EMP-17,0,0.0,0
TSK-3364,EMP-63,0,0.0033333333333333335,0
TSK-3364,EMP-41,0,0.0033333333333333335,0
TSK-3364,EMP-52,0,0.0,0
TSK-3364,EMP-20,0,0.0,0
TSK-3364,EMP-62,0,0.0033333333333333335,0
TSK-3364,EMP-55,0,0.48,0
TSK-3364,EMP-18,0,0.13666666666666666,0
TSK-3364,EMP-8,0,0.0,0
TSK-3364,EMP-5,0,0.36666666666666664,0
TSK-3364,EMP-11,0,0.01,0
TSK-3364,EMP-7,0,0.0,0
TSK-3364,EMP-25,0,0.0033333333333333335,0
TSK-3364,EMP-42,0,0.0033333333333333335,0
TSK-3364,EMP-49,0,0.3566666666666667,0
TSK-3364,EMP-24,0,0.0,0
TSK-3364,EMP-1,0,0.0,0
TSK-3364,EMP-58,0,0.0033333333333333335,0
TSK-3364,EMP-56,0,0.0033333333333333335,0
TSK-3364,EMP-59,0,0.0033333333333333335,0
TSK-3386,EMP-22,1,0.8366666666666667,1
TSK-3386,EMP-50,0,0.0,0
TSK-3386,EMP-4,0,0.02666666666666667,0
TSK-3386,EMP-5,0,0.02666666666666667,0
TSK-3386,EMP-21,0,0.0,0
TSK-3386,EMP-49,0,0.0,0
TSK-3386,EMP-27,0,0.10666666666666667,0
TSK-3386,EMP-1,0,0.0,0
TSK-3386,EMP-24,0,0.0,0
TSK-3386,EMP-48,0,0.0,0
TSK-3386,EMP-9,0,0.0,0
TSK-3386,EMP-44,0,0.0,0
TSK-3386,EMP-14,0,0.07333333333333333,0
TSK-3386,EMP-15,0,0.0,0
TSK-3386,EMP-55,0,0.03666666666666667,0
TSK-3386,EMP-56,0,0.0,0
TSK-3386,EMP-34,0,0.0,0
TSK-3386,EMP-58,0,0.0,0
TSK-3386,EMP-57,0,0.0,0
TSK-3386,EMP-42,0,0.0,0
TSK-3386,EMP-41,0,0.013333333333333334,0
TSK-3390,EMP-65,1,0.0033333333333333335,0
TSK-3390,EMP-42,1,0.4266666666666667,0
TSK-3390,EMP-12,0,0.02,0
TSK-3390,EMP-48,0,0.0,0
TSK-3390,EMP-4,0,0.0033333333333333335,0
TSK-3390,EMP-34,0,0.0,0
TSK-3390,EMP-52,0,0.0,0
TSK-3390,EMP-59,0,0.0,0
TSK-3390,EMP-30,0,0.0,0
TSK-3390,EMP-28,0,0.0033333333333333335,0
TSK-3390,EMP-6,0,0.0033333333333333335,0
TSK-3390,EMP-5,0,0.016666666666666666,0
TSK-3390,EMP-9,0,0.006666666666666667,0
TSK-3390,EMP-56,0,0.0,0
TSK-3390,EMP-31,0,0.0,0
TSK-3390,EMP-18,0,0.0,0
TSK-3390,EMP-1,0,0.0,0
TSK-3390,EMP-22,0,0.0033333333333333335,0
TSK-3390,EMP-10,0,0.0,0
TSK-3390,EMP-62,0,0.0033333333333333335,0
TSK-3390,EMP-66,0,0.0033333333333333335,0
TSK-3390,EMP-50,0,0.0,0
TSK-3393,EMP-10,1,0.2,0
TSK-3393,EMP-24,0,0.0,0
TSK-3393,EMP-1,0,0.0,0
TSK-3393,EMP-42,0,0.0,0
TSK-3393,EMP-17,0,0.0033333333333333335,0
TSK-3393,EMP-63,0,0.0,0
TSK-3393,EMP-11,0,0.14,0
TSK-3393,EMP-58,0,0.0,0
TSK-3393,EMP-65,0,0.0,0
TSK-3393,EMP-9,0,0.0,0
TSK-3393,EMP-22,0,0.0033333333333333335,0
TSK-3393,EMP-59,0,0.0,0
TSK-3393,EMP-62,0,0.0,0
TSK-3393,EMP-29,0,0.0,0
TSK-3393,EMP-68,0,0.03,0
TSK-3393,EMP-16,0,0.0,0
TSK-3393,EMP-31,0,0.0,0
TSK-3393,EMP-8,0,0.2,0
TSK-3393,EMP-32,0,0.19666666666666666,0
TSK-3393,EMP-49,0,0.016666666666666666,0
TSK-3393,EMP-66,0,0.0,0
TSK-3407,EMP-65,1,0.6033333333333334,1
TSK-3407,EMP-41,0,0.13,0
TSK-3407,EMP-51,0,0.0,0
TSK-3407,EMP-68,0,0.0,0
TSK-3407,EMP-66,0,0.0,0
TSK-3407,EMP-45,0,0.0,0
TSK-3407,EMP-10,0,0.13333333333333333,0
TSK-3407,EMP-63,0,0.0,0
TSK-3407,EMP-31,0,0.013333333333333334,0
TSK-3407,EMP-25,0,0.0,0
TSK-3407,EMP-30,0,0.0,0
TSK-3407,EMP-22,0,0.18333333333333332,0
TSK-3407,EMP-24,0,0.0,0
TSK-3407,EMP-14,0,0.0,0
TSK-3407,EMP-56,0,0.0,0
TSK-3407,EMP-18,0,0.0,0
TSK-3407,EMP-7,0,0.013333333333333334,0
TSK-3407,EMP-67,0,0.0,0
TSK-3407,EMP-55,0,0.006666666666666667,0
TSK-3407,EMP-5,0,0.5433333333333333,1
TSK-3407,EMP-1,0,0.0,0
TSK-3409,EMP-65,1,0.53,1
TSK-3409,EMP-18,0,0.0033333333333333335,0
TSK-3409,EMP-57,0,0.0,0
TSK-3409,EMP-31,0,0.006666666666666667,0
TSK-3409,EMP-62,0,0.0,0
TSK-3409,EMP-12,0,0.0,0
TSK-3409,EMP-44,0,0.0,0
TSK-3409,EMP-51,0,0.0,0
TSK-3409,EMP-10,0,0.03333333333333333,0
TSK-3409,EMP-49,0,0.0,0
TSK-3409,EMP-4,0,0.0033333333333333335,0
TSK-3409,EMP-41,0,0.15666666666666668,0
TSK-3409,EMP-46,0,0.0,0
TSK-3409,EMP-6,0,0.0,0
TSK-3409,EMP-1,0,0.0,0
TSK-3409,EMP-20,0,0.0,0
TSK-3409,EMP-45,0,0.0,0
TSK-3409,EMP-21,0,0.07,0
TSK-3409,EMP-30,0,0.0033333333333333335,0
TSK-3409,EMP-8,0,0.05,0
TSK-3409,EMP-55,0,0.013333333333333334,0
TSK-3421,EMP-21,1,0.14333333333333334,0
TSK-3421,EMP-6,0,0.0,0
TSK-3421,EMP-10,0,0.14333333333333334,0
TSK-3421,EMP-45,0,0.02666666666666667,0
TSK-3421,EMP-49,0,0.0,0
TSK-3421,EMP-50,0,0.0,0
TSK-3421,EMP-67,0,0.0,0
TSK-3421,EMP-40,0,0.006666666666666667,0
TSK-3421,EMP-52,0,0.0,0
TSK-3421,EMP-20,0,0.0,0
TSK-3421,EMP-12,0,0.0,0
TSK-3421,EMP-59,0,0.0,0
TSK-3421,EMP-11,0,0.05,0
TSK-3421,EMP-62,0,0.0,0
TSK-3421,EMP-66,0,0.0,0
TSK-3421,EMP-17,0,0.006666666666666667,0
TSK-3421,EMP-8,0,0.11666666666666667,0
TSK-3421,EMP-25,0,0.0,0
TSK-3421,EMP-4,0,0.0,0
TSK-3421,EMP-16,0,0.0,0
TSK-3421,EMP-24,0,0.0,0
TSK-3439,EMP-11,1,0.20333333333333334,0
TSK-3439,EMP-42,0,0.0,0
TSK-3439,EMP-51,0,0.0,0
TSK-3439,EMP-7,0,0.10666666666666667,0
TSK-3439,EMP-28,0,0.0033333333333333335,0
TSK-3439,EMP-29,0,0.0,0
TSK-3439,EMP-24,0,0.0,0
TSK-3439,EMP-40,0,0.0,0
TSK-3439,EMP-20,0,0.0,0
TSK-3439,EMP-12,0,0.0033333333333333335,0
TSK-3439,EMP-21,0,0.0033333333333333335,0
TSK-3439,EMP-65,0,0.0,0
TSK-3439,EMP-56,0,0.0,0
TSK-3439,EMP-45,0,0.0,0
TSK-3439,EMP-57,0,0.0,0
TSK-3439,EMP-62,0,0.0,0
TSK-3439,EMP-48,0,0.0,0
TSK-3439,EMP-55,0,0.0,0
TSK-3439,EMP-30,0,0.0,0
TSK-3439,EMP-8,0,0.01,0
TSK-3439,EMP-41,0,0.0,0
TSK-3442,EMP-28,1,0.3233333333333333,0
TSK-3442,EMP-62,0,0.0,0
TSK-3442,EMP-42,0,0.0,0
TSK-3442,EMP-27,0,0.0,0
TSK-3442,EMP-59,0,0.0,0
TSK-3442,EMP-5,0,0.02,0
TSK-3442,EMP-52,0,0.0,0
TSK-3442,EMP-41,0,0.0,0
TSK-3442,EMP-66,0,0.0,0
TSK-3442,EMP-20,0,0.0,0
TSK-3442,EMP-40,0,0.0,0
TSK-3442,EMP-68,0,0.0,0
TSK-3442,EMP-10,0,0.0033333333333333335,0
TSK-3442,EMP-48,0,0.0,0
TSK-3442,EMP-44,0,0.0,0
TSK-3442,EMP-51,0,0.0,0
TSK-3442,EMP-30,0,0.0,0
TSK-3442,EMP-21,0,0.0,0
TSK-3442,EMP-11,0,0.0033333333333333335,0
TSK-3442,EMP-31,0,0.09666666666666666,0
TSK-3442,EMP-14,0,0.0033333333333333335,0
TSK-3464,EMP-57,1,0.12666666666666668,0
TSK-3464,EMP-8,0,0.05,0
TSK-3464,EMP-6,0,0.0,0
TSK-3464,EMP-67,0,0.0,0
TSK-3464,EMP-66,0,0.0,0
TSK-3464,EMP-12,0,0.0,0
TSK-3464,EMP-34,0,0.0,0
TSK-3464,EMP-32,0,0.09666666666666666,0
TSK-3464,EMP-55,0,0.0,0
TSK-3464,EMP-63,0,0.01,0
TSK-3464,EMP-9,0,0.0,0
TSK-3464,EMP-44,0,0.0,0
TSK-3464,EMP-45,0,0.0,0
TSK-3464,EMP-1,0,0.0,0
TSK-3464,EMP-42,0,0.0,0
TSK-3464,EMP-18,0,0.0,0
TSK-3464,EMP-56,0,0.08,0
TSK-3464,EMP-46,0,0.0,0
TSK-3464,EMP-49,0,0.006666666666666667,0
TSK-3464,EMP-25,0,0.0,0
TSK-3464,EMP-52,0,0.0,0
TSK-3467,EMP-57,1,0.0,0
TSK-3467,EMP-28,0,0.05333333333333334,0
TSK-3467,EMP-18,0,0.0,0
TSK-3467,EMP-68,0,0.0,0
TSK-3467,EMP-67,0,0.0,0
TSK-3467,EMP-52,0,0.0,0
TSK-3467,EMP-46,0,0.0,0
TSK-3467,EMP-62,0,0.0,0
TSK-3467,EMP-58,0,0.0,0
TSK-3467,EMP-65,0,0.21666666666666667,0
TSK-3467,EMP-59,0,0.0,0
TSK-3467,EMP-14,0,0.0,0
TSK-3467,EMP-27,0,0.01,0
TSK-3467,EMP-30,0,0.0,0
TSK-3467,EMP-17,0,0.0,0
TSK-3467,EMP-51,0,0.0,0
TSK-3467,EMP-11,0,0.18,0
TSK-3467,EMP-6,0,0.0033333333333333335,0
TSK-3467,EMP-21,0,0.41333333333333333,0
TSK-3467,EMP-24,0,0.0,0
TSK-3467,EMP-32,0,0.0,0
TSK-3470,EMP-11,1,0.013333333333333334,0
TSK-3470,EMP-68,0,0.0,0
TSK-3470,EMP-20,0,0.0,0
TSK-3470,EMP-44,0,0.0,0
TSK-3470,EMP-21,0,0.4533333333333333,0
TSK-3470,EMP-65,0,0.0,0
TSK-3470,EMP-46,0,0.0,0
TSK-3470,EMP-16,0,0.0,0
TSK-3470,EMP-59,0,0.0,0
TSK-3470,EMP-9,0,0.0,0
TSK-3470,EMP-7,0,0.32,0
TSK-3470,EMP-27,0,0.23666666666666666,0
TSK-3470,EMP-29,0,0.0,0
TSK-3470,EMP-30,0,0.0,0
TSK-3470,EMP-34,0,0.0,0
TSK-3470,EMP-63,0,0.0,0
TSK-3470,EMP-51,0,0.0,0
TSK-3470,EMP-58,0,0.0,0
TSK-3470,EMP-4,0,0.06,0
TSK-3470,EMP-67,0,0.0,0
TSK-3470,EMP-40,0,0.0,0
TSK-351,EMP-16,1,0.4533333333333333,0
TSK-351,EMP-4,1,0.2833333333333333,0
TSK-351,EMP-7,0,0.29333333333333333,0
TSK-351,EMP-9,0,0.0033333333333333335,0
TSK-351,EMP-52,0,0.0,0
TSK-351,EMP-17,0,0.0,0
TSK-351,EMP-30,0,0.0,0
TSK-351,EMP-59,0,0.0033333333333333335,0
TSK-351,EMP-21,0,0.49,0
TSK-351,EMP-41,0,0.0,0
TSK-351,EMP-62,0,0.0,0
TSK-351,EMP-24,0,0.0,0
TSK-351,EMP-11,0,0.3933333333333333,0
TSK-351,EMP-68,0,0.0,0
TSK-351,EMP-29,0,0.0,0
TSK-351,EMP-46,0,0.0,0
TSK-351,EMP-6,0,0.17333333333333334,0
TSK-351,EMP-40,0,0.0033333333333333335,0
TSK-351,EMP-27,0,0.0,0
TSK-351,EMP-57,0,0.0,0
TSK-351,EMP-34,0,0.0,0
TSK-351,EMP-28,0,0.0033333333333333335,0
TSK-356,EMP-8,1,0.24333333333333335,0
TSK-356,EMP-11,0,0.01,0
TSK-356,EMP-59,0,0.0,0
TSK-356,EMP-30,0,0.0,0
TSK-356,EMP-14,0,0.10333333333333333,0
TSK-356,EMP-49,0,0.0,0
TSK-356,EMP-15,0,0.26,0
TSK-356,EMP-10,0,0.0033333333333333335,0
TSK-356,EMP-42,0,0.0033333333333333335,0
TSK-356,EMP-25,0,0.0,0
TSK-356,EMP-46,0,0.0,0
TSK-356,EMP-55,0,0.0,0
TSK-356,EMP-58,0,0.0,0
TSK-356,EMP-24,0,0.0033333333333333335,0
TSK-356,EMP-22,0,0.2866666666666667,0
TSK-356,EMP-32,0,0.0,0
TSK-356,EMP-50,0,0.0,0
TSK-356,EMP-7,0,0.48,0
TSK-356,EMP-63,0,0.0,0
TSK-356,EMP-52,0,0.0,0
TSK-356,EMP-48,0,0.0,0
TSK-363,EMP-7,1,0.8633333333333333,1
TSK-363,EMP-57,0,0.0,0
TSK-363,EMP-67,0,0.0,0
TSK-363,EMP-65,0,0.0,0
TSK-363,EMP-22,0,0.18333333333333332,0
TSK-363,EMP-9,0,0.0,0
TSK-363,EMP-5,0,0.0,0
TSK-363,EMP-25,0,0.0,0
TSK-363,EMP-14,0,0.0033333333333333335,0
TSK-363,EMP-10,0,0.17666666666666667,0
TSK-363,EMP-68,0,0.0,0
TSK-363,EMP-15,0,0.0,0
TSK-363,EMP-40,0,0.0,0
TSK-363,EMP-31,0,0.0,0
TSK-363,EMP-45,0,0.0,0
TSK-363,EMP-48,0,0.0,0
TSK-363,EMP-41,0,0.0,0
TSK-363,EMP-32,0,0.0,0
TSK-363,EMP-29,0,0.0,0
TSK-363,EMP-49,0,0.0,0
TSK-363,EMP-52,0,0.0,0
TSK-364,EMP-4,1,0.6633333333333333,1
TSK-364,EMP-5,1,0.54,1
TSK-364,EMP-24,0,0.0033333333333333335,0
TSK-364,EMP-57,0,0.0,0
TSK-364,EMP-27,0,0.0,0
TSK-364,EMP-9,0,0.0,0
TSK-364,EMP-10,0,0.006666666666666667,0
TSK-364,EMP-44,0,0.0,0
TSK-364,EMP-1,0,0.006666666666666667,0
TSK-364,EMP-68,0,0.0,0
TSK-364,EMP-30,0,0.0,0
TSK-364,EMP-41,0,0.0033333333333333335,0
TSK-364,EMP-63,0,0.006666666666666667,0
TSK-364,EMP-45,0,0.0,0
TSK-364,EMP-16,0,0.7933333333333333,1
TSK-364,EMP-31,0,0.0,0
TSK-364,EMP-56,0,0.0,0
TSK-364,EMP-49,0,0.0,0
TSK-364,EMP-65,0,0.0,0
TSK-364,EMP-29,0,0.0,0
TSK-364,EMP-6,0,0.0033333333333333335,0
TSK-364,EMP-52,0,0.0,0
TSK-375,EMP-10,1,0.6,1
TSK-375,EMP-57,0,0.0033333333333333335,0
TSK-375,EMP-14,0,0.0,0
TSK-375,EMP-40,0,0.0,0
TSK-375,EMP-68,0,0.0,0
TSK-375,EMP-27,0,0.0,0
TSK-375,EMP-4,0,0.0033333333333333335,0
TSK-375,EMP-42,0,0.0,0
TSK-375,EMP-48,0,0.0,0
TSK-375,EMP-29,0,0.0,0
TSK-375,EMP-46,0,0.0,0
TSK-375,EMP-12,0,0.0,0
TSK-375,EMP-49,0,0.0,0
TSK-375,EMP-7,0,0.16666666666666666,0
TSK-375,EMP-24,0,0.0,0
TSK-375,EMP-56,0,0.0033333333333333335,0
TSK-375,EMP-45,0,0.0,0
TSK-375,EMP-59,0,0.0,0
TSK-375,EMP-52,0,0.0,0
TSK-375,EMP-30,0,0.0,0
TSK-375,EMP-50,0,0.0,0
TSK-390,EMP-18,1,0.52,1
TSK-390,EMP-6,1,0.7,1
TSK-390,EMP-59,0,0.006666666666666667,0
TSK-390,EMP-20,0,0.016666666666666666,0
TSK-390,EMP-46,0,0.006666666666666667,0
TSK-390,EMP-45,0,0.006666666666666667,0
TSK-390,EMP-4,0,0.44,0
TSK-390,EMP-11,0,0.006666666666666667,0
TSK-390,EMP-55,0,0.0,0
TSK-390,EMP-12,0,0.0033333333333333335,0
TSK-390,EMP-66,0,0.0033333333333333335,0
TSK-390,EMP-42,0,0.0,0
TSK-390,EMP-24,0,0.0,0
TSK-390,EMP-62,0,0.006666666666666667,0
TSK-390,EMP-49,0,0.0,0
TSK-390,EMP-21,0,0.006666666666666667,0
TSK-390,EMP-1,0,0.0,0
TSK-390,EMP-65,0,0.0,0
TSK-390,EMP-56,0,0.013333333333333334,0
TSK-390,EMP-7,0,0.0033333333333333335,0
TSK-390,EMP-32,0,0.0,0
TSK-390,EMP-51,0,0.25333333333333335,0
TSK-392,EMP-5,1,0.3333333333333333,0
TSK-392,EMP-52,0,0.09666666666666666,0
TSK-392,EMP-27,0,0.07333333333333333,0
TSK-392,EMP-6,0,0.4166666666666667,0
TSK-392,EMP-28,0,0.043333333333333335,0
TSK-392,EMP-24,0,0.15333333333333332,0
TSK-392,EMP-17,0,0.51,1
TSK-392,EMP-12,0,0.3466666666666667,0
TSK-392,EMP-42,0,0.04666666666666667,0
TSK-392,EMP-56,0,0.006666666666666667,0
TSK-392,EMP-15,0,0.03,0
TSK-392,EMP-66,0,0.013333333333333334,0
TSK-392,EMP-21,0,0.02666666666666667,0
TSK-392,EMP-49,0,0.0033333333333333335,0
TSK-392,EMP-32,0,0.006666666666666667,0
TSK-392,EMP-22,0,0.22666666666666666,0
TSK-392,EMP-48,0,0.14,0
TSK-392,EMP-68,0,0.2,0
TSK-392,EMP-58,0,0.0033333333333333335,0
TSK-392,EMP-45,0,0.4066666666666667,0
TSK-392,EMP-55,0,0.23,0
TSK-407,EMP-15,1,0.03,0
TSK-407,EMP-29,0,0.0,0
TSK-407,EMP-46,0,0.0,0
TSK-407,EMP-48,0,0.0,0
TSK-407,EMP-49,0,0.0,0
TSK-407,EMP-50,0,0.0,0
TSK-407,EMP-20,0,0.0,0
TSK-407,EMP-12,0,0.0,0
TSK-407,EMP-57,0,0.0,0
TSK-407,EMP-25,0,0.0,0
TSK-407,EMP-9,0,0.0033333333333333335,0
TSK-407,EMP-17,0,0.0033333333333333335,0
TSK-407,EMP-62,0,0.0033333333333333335,0
TSK-407,EMP-18,0,0.006666666666666667,0
TSK-407,EMP-58,0,0.0,0
TSK-407,EMP-67,0,0.0,0
TSK-407,EMP-44,0,0.0,0
TSK-407,EMP-32,0,0.006666666666666667,0
TSK-407,EMP-55,0,0.0,0
TSK-407,EMP-42,0,0.0,0
TSK-407,EMP-10,0,0.006666666666666667,0
TSK-422,EMP-18,1,0.006666666666666667,0
TSK-422,EMP-30,1,0.02,0
TSK-422,EMP-5,1,0.7366666666666667,1
TSK-422,EMP-29,1,0.08666666666666667,0
TSK-422,EMP-68,0,0.06666666666666667,0
TSK-422,EMP-41,0,0.4533333333333333,0
TSK-422,EMP-1,0,0.0,0
TSK-422,EMP-22,0,0.37333333333333335,0
TSK-422,EMP-42,0,0.18333333333333332,0
TSK-422,EMP-20,0,0.013333333333333334,0
TSK-422,EMP-58,0,0.0,0
TSK-422,EMP-21,0,0.19666666666666666,0
TSK-422,EMP-6,0,0.13333333333333333,0
TSK-422,EMP-34,0,0.04666666666666667,0
TSK-422,EMP-11,0,0.49333333333333335,0
TSK-422,EMP-49,0,0.05333333333333334,0
TSK-422,EMP-7,0,0.2966666666666667,0
TSK-422,EMP-31,0,0.32666666666666666,0
TSK-422,EMP-25,0,0.0033333333333333335,0
TSK-422,EMP-44,0,0.1,0
TSK-422,EMP-8,0,0.15333333333333332,0
TSK-422,EMP-40,0,0.15333333333333332,0
TSK-422,EMP-32,0,0.01,0
TSK-422,EMP-48,0,0.07666666666666666,0
TSK-445,EMP-6,1,0.6266666666666667,1
TSK-445,EMP-66,0,0.0,0
TSK-445,EMP-7,0,0.0,0
TSK-445,EMP-46,0,0.0033333333333333335,0
TSK-445,EMP-16,0,0.006666666666666667,0
TSK-445,EMP-51,0,0.0,0
TSK-445,EMP-18,0,0.0033333333333333335,0
TSK-445,EMP-29,0,0.0,0
TSK-445,EMP-58,0,0.0,0
TSK-445,EMP-45,0,0.013333333333333334,0
TSK-445,EMP-4,0,0.006666666666666667,0
TSK-445,EMP-32,0,0.0,0
TSK-445,EMP-59,0,0.0,0
TSK-445,EMP-15,0,0.37,0
TSK-445,EMP-5,0,0.0,0
TSK-445,EMP-24,0,0.0,0
TSK-445,EMP-27,0,0.006666666666666667,0
TSK-445,EMP-50,0,0.0,0
TSK-445,EMP-40,0,0.0,0
TSK-445,EMP-11,0,0.15333333333333332,0
TSK-445,EMP-34,0,0.0,0
TSK-460,EMP-11,1,0.66,1
TSK-460,EMP-4,1,0.32666666666666666,0
TSK-460,EMP-22,0,0.006666666666666667,0
TSK-460,EMP-20,0,0.0,0
TSK-460,EMP-51,0,0.0,0
TSK-460,EMP-55,0,0.0,0
TSK-460,EMP-65,0,0.0,0
TSK-460,EMP-48,0,0.0,0
TSK-460,EMP-45,0,0.0,0
TSK-460,EMP-56,0,0.0,0
TSK-460,EMP-40,0,0.0,0
TSK-460,EMP-50,0,0.0,0
TSK-460,EMP-31,0,0.0033333333333333335,0
TSK-460,EMP-63,0,0.0,0
TSK-460,EMP-12,0,0.13666666666666666,0
TSK-460,EMP-6,0,0.17666666666666667,0
TSK-460,EMP-49,0,0.0,0
TSK-460,EMP-25,0,0.0,0
TSK-460,EMP-67,0,0.0,0
TSK-460,EMP-32,0,0.0,0
TSK-460,EMP-68,0,0.0,0
TSK-460,EMP-17,0,0.0033333333333333335,0
TSK-461,EMP-21,1,0.4533333333333333,0
TSK-461,EMP-51,0,0.0,0
TSK-461,EMP-12,0,0.0,0
TSK-461,EMP-15,0,0.0,0
TSK-461,EMP-11,0,0.13,0
TSK-461,EMP-50,0,0.0,0
TSK-461,EMP-49,0,0.0,0
TSK-461,EMP-40,0,0.0,0
TSK-461,EMP-46,0,0.0,0
TSK-461,EMP-8,0,0.09333333333333334,0
TSK-461,EMP-7,0,0.5833333333333334,1
TSK-461,EMP-9,0,0.0,0
TSK-461,EMP-27,0,0.0,0
TSK-461,EMP-62,0,0.0,0
TSK-461,EMP-34,0,0.0,0
TSK-461,EMP-63,0,0.0,0
TSK-461,EMP-66,0,0.0,0
TSK-461,EMP-52,0,0.0,0
TSK-461,EMP-48,0,0.0,0
TSK-461,EMP-14,0,0.0,0
TSK-461,EMP-6,0,0.0,0
TSK-474,EMP-11,1,0.3566666666666667,0
TSK-474,EMP-42,0,0.0,0
TSK-474,EMP-10,0,0.2833333333333333,0
TSK-474,EMP-45,0,0.0,0
TSK-474,EMP-22,0,0.3566666666666667,0
TSK-474,EMP-49,0,0.0,0
TSK-474,EMP-30,0,0.0,0
TSK-474,EMP-44,0,0.0,0
TSK-474,EMP-18,0,0.0,0
TSK-474,EMP-32,0,0.0,0
TSK-474,EMP-50,0,0.0,0
TSK-474,EMP-48,0,0.0,0
TSK-474,EMP-12,0,0.0,0
TSK-474,EMP-31,0,0.0,0
TSK-474,EMP-9,0,0.0,0
TSK-474,EMP-65,0,0.0,0
TSK-474,EMP-68,0,0.0,0
TSK-474,EMP-15,0,0.1,0
TSK-474,EMP-25,0,0.0,0
TSK-474,EMP-52,0,0.0,0
TSK-474,EMP-7,0,0.45666666666666667,0
TSK-478,EMP-6,1,0.6566666666666666,1
TSK-478,EMP-68,0,0.0,0
TSK-478,EMP-1,0,0.0,0
TSK-478,EMP-29,0,0.0,0
TSK-478,EMP-45,0,0.006666666666666667,0
TSK-478,EMP-42,0,0.006666666666666667,0
TSK-478,EMP-20,0,0.0,0
TSK-478,EMP-24,0,0.0,0
TSK-478,EMP-65,0,0.0033333333333333335,0
TSK-478,EMP-16,0,0.0033333333333333335,0
TSK-478,EMP-48,0,0.0,0
TSK-478,EMP-18,0,0.006666666666666667,0
TSK-478,EMP-21,0,0.0033333333333333335,0
TSK-478,EMP-58,0,0.0,0
TSK-478,EMP-55,0,0.0033333333333333335,0
TSK-478,EMP-40,0,0.0033333333333333335,0
TSK-478,EMP-5,0,0.0033333333333333335,0
TSK-478,EMP-56,0,0.01,0
TSK-478,EMP-14,0,0.0,0
TSK-478,EMP-9,0,0.0033333333333333335,0
TSK-478,EMP-12,0,0.006666666666666667,0
TSK-479,EMP-6,1,0.72,1
TSK-479,EMP-50,0,0.006666666666666667,0
TSK-479,EMP-62,0,0.013333333333333334,0
TSK-479,EMP-32,0,0.0033333333333333335,0
TSK-479,EMP-63,0,0.006666666666666667,0
TSK-479,EMP-17,0,0.0033333333333333335,0
TSK-479,EMP-18,0,0.01,0
TSK-479,EMP-55,0,0.006666666666666667,0
TSK-479,EMP-46,0,0.013333333333333334,0
TSK-479,EMP-9,0,0.0,0
TSK-479,EMP-8,0,0.006666666666666667,0
TSK-479,EMP-22,0,0.0,0
TSK-479,EMP-34,0,0.0,0
TSK-479,EMP-66,0,0.0,0
TSK-479,EMP-48,0,0.0,0
TSK-479,EMP-42,0,0.0033333333333333335,0
TSK-479,EMP-20,0,0.006666666666666667,0
TSK-479,EMP-11,0,0.21,0
TSK-479,EMP-30,0,0.0,0
TSK-479,EMP-28,0,0.0033333333333333335,0
TSK-479,EMP-57,0,0.013333333333333334,0
TSK-481,EMP-6,1,0.3333333333333333,0
TSK-481,EMP-65,0,0.0,0
TSK-481,EMP-12,0,0.006666666666666667,0
TSK-481,EMP-51,0,0.0033333333333333335,0
TSK-481,EMP-58,0,0.0,0
TSK-481,EMP-25,0,0.0,0
TSK-481,EMP-30,0,0.0,0
TSK-481,EMP-45,0,0.0033333333333333335,0
TSK-481,EMP-29,0,0.0,0
TSK-481,EMP-24,0,0.0,0
TSK-481,EMP-9,0,0.006666666666666667,0
TSK-481,EMP-63,0,0.006666666666666667,0
TSK-481,EMP-18,0,0.0033333333333333335,0
TSK-481,EMP-31,0,0.0,0
TSK-481,EMP-22,0,0.39,0
TSK-481,EMP-41,0,0.0033333333333333335,0
TSK-481,EMP-27,0,0.0,0
TSK-481,EMP-46,0,0.006666666666666667,0
TSK-481,EMP-49,0,0.0,0
TSK-481,EMP-32,0,0.0,0
TSK-481,EMP-44,0,0.0,0
TSK-492,EMP-7,1,0.0033333333333333335,0
TSK-492,EMP-6,1,0.6466666666666666,1
TSK-492,EMP-14,0,0.0,0
TSK-492,EMP-22,0,0.013333333333333334,0
TSK-492,EMP-49,0,0.0,0
TSK-492,EMP-45,0,0.0,0
TSK-492,EMP-67,0,0.0033333333333333335,0
TSK-492,EMP-5,0,0.0033333333333333335,0
TSK-492,EMP-58,0,0.0,0
TSK-492,EMP-11,0,0.18333333333333332,0
TSK-492,EMP-51,0,0.0,0
TSK-492,EMP-18,0,0.0,0
TSK-492,EMP-8,0,0.006666666666666667,0
TSK-492,EMP-42,0,0.0033333333333333335,0
TSK-492,EMP-59,0,0.0,0
TSK-492,EMP-50,0,0.0,0
TSK-492,EMP-56,0,0.0,0
TSK-492,EMP-46,0,0.0033333333333333335,0
TSK-492,EMP-40,0,0.0033333333333333335,0
TSK-492,EMP-24,0,0.0,0
TSK-492,EMP-63,0,0.0033333333333333335,0
TSK-492,EMP-66,0,0.0,0
TSK-508,EMP-10,1,0.30666666666666664,0
TSK-508,EMP-52,0,0.0,0
TSK-508,EMP-18,0,0.0,0
TSK-508,EMP-65,0,0.0,0
TSK-508,EMP-66,0,0.0,0
TSK-508,EMP-68,0,0.0,0
TSK-508,EMP-20,0,0.0,0
TSK-508,EMP-40,0,0.0,0
TSK-508,EMP-1,0,0.0,0
TSK-508,EMP-51,0,0.0,0
TSK-508,EMP-14,0,0.0033333333333333335,0
TSK-508,EMP-41,0,0.0,0
TSK-508,EMP-29,0,0.0,0
TSK-508,EMP-49,0,0.0,0
TSK-508,EMP-50,0,0.0,0
TSK-508,EMP-15,0,0.0,0
TSK-508,EMP-24,0,0.0,0
TSK-508,EMP-8,0,0.11,0
TSK-508,EMP-9,0,0.0,0
TSK-508,EMP-5,0,0.006666666666666667,0
TSK-508,EMP-56,0,0.0,0
TSK-509,EMP-11,1,0.64,1
TSK-509,EMP-48,0,0.0,0
TSK-509,EMP-16,0,0.0,0
TSK-509,EMP-34,0,0.0,0
TSK-509,EMP-20,0,0.0,0
TSK-509,EMP-5,0,0.0,0
TSK-509,EMP-66,0,0.0,0
TSK-509,EMP-50,0,0.0,0
TSK-509,EMP-42,0,0.0,0
TSK-509,EMP-17,0,0.0,0
TSK-509,EMP-59,0,0.0,0
TSK-509,EMP-29,0,0.0,0
TSK-509,EMP-28,0,0.006666666666666667,0
TSK-509,EMP-45,0,0.0,0
TSK-509,EMP-22,0,0.07,0
TSK-509,EMP-57,0,0.0,0
TSK-509,EMP-30,0,0.0,0
TSK-509,EMP-63,0,0.0,0
TSK-509,EMP-41,0,0.0,0
TSK-509,EMP-1,0,0.0,0
TSK-509,EMP-4,0,0.0,0
TSK-513,EMP-16,1,0.6533333333333333,1
TSK-513,EMP-68,1,0.0,0
TSK-513,EMP-5,1,0.59,1
TSK-513,EMP-12,0,0.006666666666666667,0
TSK-513,EMP-7,0,0.21333333333333335,0
TSK-513,EMP-56,0,0.0,0
TSK-513,EMP-44,0,0.0033333333333333335,0
TSK-513,EMP-4,0,0.8066666666666666,1
TSK-513,EMP-25,0,0.0,0
TSK-513,EMP-22,0,0.15666666666666668,0
TSK-513,EMP-52,0,0.0,0
TSK-513,EMP-50,0,0.0,0
TSK-513,EMP-1,0,0.0,0
TSK-513,EMP-40,0,0.0033333333333333335,0
TSK-513,EMP-66,0,0.0,0
TSK-513,EMP-30,0,0.0,0
TSK-513,EMP-59,0,0.0,0
TSK-513,EMP-55,0,0.006666666666666667,0
TSK-513,EMP-10,0,0.006666666666666667,0
TSK-513,EMP-34,0,0.0,0
TSK-513,EMP-65,0,0.006666666666666667,0
TSK-513,EMP-15,0,0.5,0
TSK-513,EMP-45,0,0.0,0
TSK-520,EMP-41,1,0.6533333333333333,1
TSK-520,EMP-16,1,0.48333333333333334,0
TSK-520,EMP-6,1,0.15,0
TSK-520,EMP-7,1,0.5133333333333333,1
TSK-520,EMP-27,1,0.5633333333333334,1
TSK-520,EMP-11,1,0.6766666666666666,1
TSK-520,EMP-4,1,0.65,1
TSK-520,EMP-14,1,0.3566666666666667,0
TSK-520,EMP-5,1,0.7466666666666667,1
TSK-520,EMP-55,1,0.73,1
TSK-520,EMP-42,0,0.4066666666666667,0
TSK-520,EMP-17,0,0.42,0
TSK-520,EMP-20,0,0.17666666666666667,0
TSK-520,EMP-59,0,0.0,0
TSK-520,EMP-8,0,0.35,0
TSK-520,EMP-18,0,0.043333333333333335,0
TSK-520,EMP-21,0,0.38666666666666666,0
TSK-520,EMP-46,0,0.3466666666666667,0
TSK-520,EMP-29,0,0.2966666666666667,0
TSK-520,EMP-22,0,0.44666666666666666,0
TSK-520,EMP-9,0,0.54,1
TSK-520,EMP-44,0,0.29333333333333333,0
TSK-520,EMP-1,0,0.01,0
TSK-520,EMP-50,0,0.0,0
TSK-520,EMP-57,0,0.0,0
TSK-520,EMP-31,0,0.4066666666666667,0
TSK-520,EMP-12,0,0.4633333333333333,0
TSK-520,EMP-67,0,0.0,0
TSK-520,EMP-15,0,0.23,0
TSK-520,EMP-65,0,0.11333333333333333,0
TSK-521,EMP-41,1,0.02666666666666667,0
TSK-521,EMP-40,1,0.006666666666666667,0
TSK-521,EMP-45,1,0.006666666666666667,0
TSK-521,EMP-4,1,0.6433333333333333,1
TSK-521,EMP-5,1,0.7866666666666666,1
TSK-521,EMP-55,1,0.64,1
TSK-521,EMP-46,0,0.2966666666666667,0
TSK-521,EMP-24,0,0.0,0
TSK-521,EMP-50,0,0.056666666666666664,0
TSK-521,EMP-15,0,0.02,0
TSK-521,EMP-21,0,0.01,0
TSK-521,EMP-10,0,0.013333333333333334,0
TSK-521,EMP-59,0,0.0033333333333333335,0
TSK-521,EMP-32,0,0.28,0
TSK-521,EMP-51,0,0.27,0
TSK-521,EMP-34,0,0.006666666666666667,0
TSK-521,EMP-67,0,0.0,0
TSK-521,EMP-1,0,0.006666666666666667,0
TSK-521,EMP-49,0,0.44333333333333336,0
TSK-521,EMP-66,0,0.13,0
TSK-521,EMP-18,0,0.18,0
TSK-521,EMP-9,0,0.013333333333333334,0
TSK-521,EMP-65,0,0.0,0
TSK-521,EMP-27,0,0.006666666666666667,0
TSK-521,EMP-29,0,0.016666666666666666,0
TSK-521,EMP-58,0,0.0033333333333333335,0
TSK-529,EMP-11,1,0.48333333333333334,0
TSK-529,EMP-44,0,0.0,0
TSK-529,EMP-56,0,0.02,0
TSK-529,EMP-50,0,0.0,0
TSK-529,EMP-14,0,0.0,0
TSK-529,EMP-55,0,0.0,0
TSK-529,EMP-16,0,0.0,0
TSK-529,EMP-59,0,0.006666666666666667,0
TSK-529,EMP-15,0,0.04,0
TSK-529,EMP-17,0,0.0,0
TSK-529,EMP-57,0,0.0,0
TSK-529,EMP-9,0,0.0,0
TSK-529,EMP-25,0,0.0,0
TSK-529,EMP-12,0,0.0,0
TSK-529,EMP-51,0,0.0,0
TSK-529,EMP-4,0,0.0,0
TSK-529,EMP-68,0,0.0,0
TSK-529,EMP-48,0,0.0,0
TSK-529,EMP-45,0,0.0,0
TSK-529,EMP-32,0,0.0,0
TSK-529,EMP-66,0,0.0,0
TSK-537,EMP-10,1,0.32666666666666666,0
TSK-537,EMP-63,0,0.0,0
TSK-537,EMP-11,0,0.15,0
TSK-537,EMP-55,0,0.0,0
TSK-537,EMP-41,0,0.0,0
TSK-537,EMP-34,0,0.0,0
TSK-537,EMP-44,0,0.0,0
TSK-537,EMP-45,0,0.0,0
TSK-537,EMP-66,0,0.0,0
TSK-537,EMP-52,0,0.0,0
TSK-537,EMP-49,0,0.0,0
TSK-537,EMP-14,0,0.0,0
TSK-537,EMP-27,0,0.0,0
TSK-537,EMP-30,0,0.0,0
TSK-537,EMP-58,0,0.013333333333333334,0
TSK-537,EMP-46,0,0.0,0
TSK-537,EMP-8,0,0.14666666666666667,0
TSK-537,EMP-7,0,0.4666666666666667,0
TSK-537,EMP-48,0,0.0,0
TSK-537,EMP-42,0,0.0,0
TSK-537,EMP-6,0,0.0,0
TSK-558,EMP-16,1,0.5166666666666667,1
TSK-558,EMP-50,0,0.0,0
TSK-558,EMP-14,0,0.0033333333333333335,0
TSK-558,EMP-29,0,0.0,0
TSK-558,EMP-63,0,0.0,0
TSK-558,EMP-56,0,0.0,0
TSK-558,EMP-17,0,0.0,0
TSK-558,EMP-6,0,0.01,0
TSK-558,EMP-8,0,0.01,0
TSK-558,EMP-11,0,0.0,0
TSK-558,EMP-22,0,0.0,0
TSK-558,EMP-7,0,0.0,0
TSK-558,EMP-62,0,0.0,0
TSK-558,EMP-20,0,0.0,0
TSK-558,EMP-1,0,0.0,0
TSK-558,EMP-18,0,0.0,0
TSK-558,EMP-32,0,0.0,0
TSK-558,EMP-58,0,0.0,0
TSK-558,EMP-31,0,0.0,0
TSK-558,EMP-55,0,0.0,0
TSK-558,EMP-15,0,0.016666666666666666,0
TSK-559,EMP-29,1,0.51,1
TSK-559,EMP-41,1,0.6733333333333333,1
TSK-559,EMP-42,1,0.49,0
TSK-559,EMP-16,1,0.49,0
TSK-559,EMP-17,1,0.59,1
TSK-559,EMP-7,1,0.6366666666666667,1
TSK-559,EMP-9,1,0.6433333333333333,1
TSK-559,EMP-27,1,0.5866666666666667,1
TSK-559,EMP-30,1,0.12333333333333334,0
TSK-559,EMP-11,1,0.6866666666666666,1
TSK-559,EMP-12,1,0.5433333333333333,1
TSK-559,EMP-14,1,0.5233333333333333,1
TSK-559,EMP-8,1,0.3433333333333333,0
TSK-559,EMP-4,1,0.6833333333333333,1
TSK-559,EMP-18,0,0.05,0
TSK-559,EMP-51,0,0.10333333333333333,0
TSK-559,EMP-1,0,0.013333333333333334,0
TSK-559,EMP-65,0,0.25666666666666665,0
TSK-559,EMP-21,0,0.5533333333333333,1
TSK-559,EMP-50,0,0.0033333333333333335,0
TSK-559,EMP-57,0,0.006666666666666667,0
TSK-559,EMP-24,0,0.06333333333333334,0
TSK-559,EMP-63,0,0.02,0
TSK-559,EMP-66,0,0.13333333333333333,0
TSK-559,EMP-55,0,0.6166666666666667,1
TSK-559,EMP-20,0,0.10333333333333333,0
TSK-559,EMP-56,0,0.016666666666666666,0
TSK-559,EMP-52,0,0.11666666666666667,0
TSK-559,EMP-5,0,0.45,0
TSK-559,EMP-40,0,0.38333333333333336,0
TSK-559,EMP-32,0,0.06,0
TSK-559,EMP-6,0,0.22666666666666666,0
TSK-559,EMP-34,0,0.10333333333333333,0
TSK-559,EMP-59,0,0.0,0
TSK-56,EMP-9,1,0.44333333333333336,0
TSK-56,EMP-41,0,0.0033333333333333335,0
TSK-56,EMP-5,0,0.37666666666666665,0
TSK-56,EMP-51,0,0.0,0
TSK-56,EMP-44,0,0.0,0
TSK-56,EMP-40,0,0.0,0
TSK-56,EMP-18,0,0.01,0
TSK-56,EMP-17,0,0.006666666666666667,0
TSK-56,EMP-57,0,0.0,0
TSK-56,EMP-24,0,0.0,0
TSK-56,EMP-7,0,0.0,0
TSK-56,EMP-29,0,0.0,0
TSK-56,EMP-45,0,0.0,0
TSK-56,EMP-63,0,0.0,0
TSK-56,EMP-14,0,0.58,1
TSK-56,EMP-22,0,0.0,0
TSK-56,EMP-62,0,0.0,0
TSK-56,EMP-65,0,0.0,0
TSK-56,EMP-46,0,0.0,0
TSK-56,EMP-59,0,0.0,0
TSK-56,EMP-34,0,0.0,0
TSK-567,EMP-7,1,0.30333333333333334,0
TSK-567,EMP-66,0,0.0,0
TSK-567,EMP-25,0,0.0,0
TSK-567,EMP-32,0,0.0,0
TSK-567,EMP-42,0,0.0,0
TSK-567,EMP-16,0,0.0,0
TSK-567,EMP-14,0,0.0,0
TSK-567,EMP-1,0,0.0,0
TSK-567,EMP-31,0,0.0033333333333333335,0
TSK-567,EMP-30,0,0.0,0
TSK-567,EMP-28,0,0.0033333333333333335,0
TSK-567,EMP-34,0,0.0,0
TSK-567,EMP-46,0,0.0,0
TSK-567,EMP-51,0,0.0,0
TSK-567,EMP-18,0,0.0,0
TSK-567,EMP-12,0,0.0,0
TSK-567,EMP-15,0,0.32666666666666666,0
TSK-567,EMP-48,0,0.0,0
TSK-567,EMP-11,0,0.29333333333333333,0
TSK-567,EMP-68,0,0.0,0
TSK-567,EMP-49,0,0.0,0
TSK-577,EMP-8,1,0.86,1
TSK-577,EMP-4,0,0.0033333333333333335,0
TSK-577,EMP-56,0,0.0,0
TSK-577,EMP-27,0,0.0,0
TSK-577,EMP-44,0,0.0,0
TSK-577,EMP-48,0,0.0,0
TSK-577,EMP-62,0,0.0,0
TSK-577,EMP-15,0,0.0,0
TSK-577,EMP-68,0,0.0,0
TSK-577,EMP-58,0,0.0,0
TSK-577,EMP-1,0,0.0,0
TSK-577,EMP-18,0,0.0,0
TSK-577,EMP-45,0,0.0,0
TSK-577,EMP-21,0,0.006666666666666667,0
TSK-577,EMP-31,0,0.0,0
TSK-577,EMP-32,0,0.0,0
TSK-577,EMP-17,0,0.0,0
TSK-577,EMP-63,0,0.0,0
TSK-577,EMP-6,0,0.013333333333333334,0
TSK-577,EMP-55,0,0.0,0
TSK-577,EMP-16,0,0.46,0
TSK-611,EMP-9,1,0.8066666666666666,1
TSK-611,EMP-11,0,0.0,0
TSK-611,EMP-32,0,0.0,0
TSK-611,EMP-56,0,0.0,0
TSK-611,EMP-66,0,0.0,0
TSK-611,EMP-44,0,0.0,0
TSK-611,EMP-5,0,0.0033333333333333335,0
TSK-611,EMP-50,0,0.0,0
TSK-611,EMP-17,0,0.006666666666666667,0
TSK-611,EMP-52,0,0.0,0
TSK-611,EMP-24,0,0.0,0
TSK-611,EMP-49,0,0.0,0
TSK-611,EMP-1,0,0.0,0
TSK-611,EMP-46,0,0.0,0
TSK-611,EMP-25,0,0.0,0
TSK-611,EMP-15,0,0.006666666666666667,0
TSK-611,EMP-67,0,0.0,0
TSK-611,EMP-6,0,0.006666666666666667,0
TSK-611,EMP-20,0,0.0,0
TSK-611,EMP-57,0,0.0,0
TSK-611,EMP-68,0,0.0,0
TSK-635,EMP-6,1,0.03666666666666667,0
TSK-635,EMP-52,0,0.0033333333333333335,0
TSK-635,EMP-30,0,0.0,0
TSK-635,EMP-21,0,0.4666666666666667,0
TSK-635,EMP-58,0,0.0,0
TSK-635,EMP-22,0,0.31,0
TSK-635,EMP-62,0,0.02,0
TSK-635,EMP-29,0,0.0,0
TSK-635,EMP-66,0,0.006666666666666667,0
TSK-635,EMP-48,0,0.0033333333333333335,0
TSK-635,EMP-46,0,0.006666666666666667,0
TSK-635,EMP-28,0,0.01,0
TSK-635,EMP-18,0,0.0033333333333333335,0
TSK-635,EMP-55,0,0.013333333333333334,0
TSK-635,EMP-49,0,0.006666666666666667,0
TSK-635,EMP-68,0,0.0,0
TSK-635,EMP-32,0,0.0033333333333333335,0
TSK-635,EMP-24,0,0.0,0
TSK-635,EMP-4,0,0.0033333333333333335,0
TSK-635,EMP-63,0,0.0033333333333333335,0
TSK-635,EMP-10,0,0.18,0
TSK-638,EMP-10,1,0.72,1
TSK-638,EMP-48,0,0.0,0
TSK-638,EMP-32,0,0.0033333333333333335,0
TSK-638,EMP-45,0,0.0033333333333333335,0
TSK-638,EMP-14,0,0.0033333333333333335,0
TSK-638,EMP-59,0,0.0,0
TSK-638,EMP-52,0,0.0,0
TSK-638,EMP-28,0,0.01,0
TSK-638,EMP-7,0,0.22666666666666666,0
TSK-638,EMP-18,0,0.0,0
TSK-638,EMP-51,0,0.0,0
TSK-638,EMP-62,0,0.0,0
TSK-638,EMP-56,0,0.0,0
TSK-638,EMP-40,0,0.0033333333333333335,0
TSK-638,EMP-9,0,0.0,0
TSK-638,EMP-65,0,0.0,0
TSK-638,EMP-49,0,0.0,0
TSK-638,EMP-67,0,0.0,0
TSK-638,EMP-50,0,0.0,0
TSK-638,EMP-25,0,0.0,0
TSK-638,EMP-31,0,0.013333333333333334,0
TSK-653,EMP-12,1,0.8633333333333333,1
TSK-653,EMP-14,1,0.5266666666666666,1
TSK-653,EMP-25,0,0.0,0
TSK-653,EMP-65,0,0.0,0
TSK-653,EMP-42,0,0.0033333333333333335,0
TSK-653,EMP-7,0,0.0,0
TSK-653,EMP-4,0,0.0,0
TSK-653,EMP-55,0,0.0,0
TSK-653,EMP-34,0,0.0,0
TSK-653,EMP-57,0,0.0,0
TSK-653,EMP-52,0,0.0,0
TSK-653,EMP-30,0,0.0033333333333333335,0
TSK-653,EMP-10,0,0.0033333333333333335,0
TSK-653,EMP-63,0,0.0,0
TSK-653,EMP-32,0,0.0,0
TSK-653,EMP-27,0,0.013333333333333334,0
TSK-653,EMP-49,0,0.0,0
TSK-653,EMP-31,0,0.0,0
TSK-653,EMP-29,0,0.01,0
TSK-653,EMP-18,0,0.0,0
TSK-653,EMP-16,0,0.0033333333333333335,0
TSK-653,EMP-5,0,0.19,0
TSK-665,EMP-12,1,0.55,1
TSK-665,EMP-14,1,0.81,1
TSK-665,EMP-22,0,0.0,0
TSK-665,EMP-50,0,0.0,0
TSK-665,EMP-27,0,0.0033333333333333335,0
TSK-665,EMP-56,0,0.0,0
TSK-665,EMP-66,0,0.0,0
TSK-665,EMP-63,0,0.0,0
TSK-665,EMP-4,0,0.0033333333333333335,0
TSK-665,EMP-58,0,0.0,0
TSK-665,EMP-57,0,0.0,0
TSK-665,EMP-44,0,0.0033333333333333335,0
TSK-665,EMP-7,0,0.0,0
TSK-665,EMP-55,0,0.0,0
TSK-665,EMP-11,0,0.0,0
TSK-665,EMP-28,0,0.0,0
TSK-665,EMP-9,0,0.01,0
TSK-665,EMP-18,0,0.0033333333333333335,0
TSK-665,EMP-21,0,0.0,0
TSK-665,EMP-24,0,0.0,0
TSK-665,EMP-67,0,0.0,0
TSK-665,EMP-29,0,0.0,0
TSK-670,EMP-6,1,0.006666666666666667,0
TSK-670,EMP-25,0,0.0,0
TSK-670,EMP-9,0,0.0,0
TSK-670,EMP-8,0,0.016666666666666666,0
TSK-670,EMP-52,0,0.0,0
TSK-670,EMP-22,0,0.18333333333333332,0
TSK-670,EMP-10,0,0.20666666666666667,0
TSK-670,EMP-28,0,0.0033333333333333335,0
TSK-670,EMP-18,0,0.0033333333333333335,0
TSK-670,EMP-17,0,0.0,0
TSK-670,EMP-50,0,0.0,0
TSK-670,EMP-31,0,0.0,0
TSK-670,EMP-5,0,0.0,0
TSK-670,EMP-15,0,0.36,0
TSK-670,EMP-12,0,0.0,0
TSK-670,EMP-24,0,0.0,0
TSK-670,EMP-44,0,0.0,0
TSK-670,EMP-29,0,0.0,0
TSK-670,EMP-46,0,0.0,0
TSK-670,EMP-30,0,0.0,0
TSK-670,EMP-1,0,0.0,0
TSK-677,EMP-12,1,0.8466666666666667,1
TSK-677,EMP-22,0,0.006666666666666667,0
TSK-677,EMP-40,0,0.0,0
TSK-677,EMP-48,0,0.0,0
TSK-677,EMP-10,0,0.0033333333333333335,0
TSK-677,EMP-56,0,0.0,0
TSK-677,EMP-44,0,0.0,0
TSK-677,EMP-62,0,0.0,0
TSK-677,EMP-14,0,0.0033333333333333335,0
TSK-677,EMP-1,0,0.0,0
TSK-677,EMP-15,0,0.0,0
TSK-677,EMP-55,0,0.0,0
TSK-677,EMP-49,0,0.0,0
TSK-677,EMP-18,0,0.0,0
TSK-677,EMP-45,0,0.0,0
TSK-677,EMP-27,0,0.0033333333333333335,0
TSK-677,EMP-9,0,0.0,0
TSK-677,EMP-32,0,0.0,0
TSK-677,EMP-17,0,0.0,0
TSK-677,EMP-65,0,0.0,0
TSK-677,EMP-7,0,0.006666666666666667,0
TSK-679,EMP-12,1,0.9233333333333333,1
TSK-679,EMP-15,0,0.0,0
TSK-679,EMP-4,0,0.0033333333333333335,0
TSK-679,EMP-6,0,0.0,0
TSK-679,EMP-10,0,0.0,0
TSK-679,EMP-1,0,0.0,0
TSK-679,EMP-63,0,0.0,0
TSK-679,EMP-51,0,0.0,0
TSK-679,EMP-58,0,0.0,0
TSK-679,EMP-25,0,0.0,0
TSK-679,EMP-24,0,0.0,0
TSK-679,EMP-56,0,0.0,0
TSK-679,EMP-62,0,0.0,0
TSK-679,EMP-50,0,0.0,0
TSK-679,EMP-57,0,0.0,0
TSK-679,EMP-55,0,0.0,0
TSK-679,EMP-11,0,0.006666666666666667,0
TSK-679,EMP-46,0,0.0,0
TSK-679,EMP-66,0,0.0,0
TSK-679,EMP-18,0,0.0,0
TSK-679,EMP-52,0,0.0,0
TSK-687,EMP-12,1,0.94,1
TSK-687,EMP-45,0,0.0,0
TSK-687,EMP-34,0,0.0,0
TSK-687,EMP-4,0,0.006666666666666667,0
TSK-687,EMP-68,0,0.0,0
TSK-687,EMP-9,0,0.01,0
TSK-687,EMP-30,0,0.0,0
TSK-687,EMP-62,0,0.0,0
TSK-687,EMP-50,0,0.0033333333333333335,0
TSK-687,EMP-10,0,0.0,0
TSK-687,EMP-21,0,0.0,0
TSK-687,EMP-31,0,0.0,0
TSK-687,EMP-66,0,0.0,0
TSK-687,EMP-51,0,0.0,0
TSK-687,EMP-46,0,0.0,0
TSK-687,EMP-65,0,0.0,0
TSK-687,EMP-15,0,0.0,0
TSK-687,EMP-17,0,0.0,0
TSK-687,EMP-16,0,0.08333333333333333,0
TSK-687,EMP-59,0,0.0,0
TSK-687,EMP-1,0,0.0,0
TSK-704,EMP-12,1,0.5066666666666667,1
TSK-704,EMP-57,0,0.0,0
TSK-704,EMP-66,0,0.0,0
TSK-704,EMP-58,0,0.0,0
TSK-704,EMP-59,0,0.0,0
TSK-704,EMP-31,0,0.006666666666666667,0
TSK-704,EMP-11,0,0.0033333333333333335,0
TSK-704,EMP-62,0,0.0,0
TSK-704,EMP-8,0,0.0033333333333333335,0
TSK-704,EMP-28,0,0.0,0
TSK-704,EMP-21,0,0.0033333333333333335,0
TSK-704,EMP-68,0,0.0,0
TSK-704,EMP-34,0,0.0,0
TSK-704,EMP-32,0,0.0,0
TSK-704,EMP-6,0,0.0,0
TSK-704,EMP-29,0,0.0,0
TSK-704,EMP-30,0,0.0,0
TSK-704,EMP-5,0,0.02,0
TSK-704,EMP-48,0,0.0,0
TSK-704,EMP-50,0,0.0,0
TSK-704,EMP-7,0,0.63,1
TSK-710,EMP-17,1,0.38333333333333336,0
TSK-710,EMP-44,0,0.0,0
TSK-710,EMP-65,0,0.0033333333333333335,0
TSK-710,EMP-31,0,0.0,0
TSK-710,EMP-24,0,0.0,0
TSK-710,EMP-6,0,0.0033333333333333335,0
TSK-710,EMP-14,0,0.0033333333333333335,0
TSK-710,EMP-15,0,0.0,0
TSK-710,EMP-34,0,0.0,0
TSK-710,EMP-49,0,0.0033333333333333335,0
TSK-710,EMP-57,0,0.0,0
TSK-710,EMP-58,0,0.0,0
TSK-710,EMP-22,0,0.006666666666666667,0
TSK-710,EMP-55,0,0.006666666666666667,0
TSK-710,EMP-25,0,0.0,0
TSK-710,EMP-30,0,0.0,0
TSK-710,EMP-18,0,0.006666666666666667,0
TSK-710,EMP-16,0,0.13666666666666666,0
TSK-710,EMP-40,0,0.0,0
TSK-710,EMP-59,0,0.0,0
TSK-710,EMP-5,0,0.09666666666666666,0
TSK-730,EMP-14,1,0.45666666666666667,0
TSK-730,EMP-57,0,0.0,0
TSK-730,EMP-11,0,0.006666666666666667,0
TSK-730,EMP-58,0,0.0,0
TSK-730,EMP-42,0,0.0,0
TSK-730,EMP-44,0,0.19,0
TSK-730,EMP-6,0,0.016666666666666666,0
TSK-730,EMP-32,0,0.0033333333333333335,0
TSK-730,EMP-12,0,0.0,0
TSK-730,EMP-41,0,0.006666666666666667,0
TSK-730,EMP-5,0,0.4633333333333333,0
TSK-730,EMP-51,0,0.0,0
TSK-730,EMP-4,0,0.21666666666666667,0
TSK-730,EMP-50,0,0.0,0
TSK-730,EMP-34,0,0.0,0
TSK-730,EMP-17,0,0.006666666666666667,0
TSK-730,EMP-18,0,0.0,0
TSK-730,EMP-15,0,0.0033333333333333335,0
TSK-730,EMP-55,0,0.18,0
TSK-730,EMP-59,0,0.0,0
TSK-730,EMP-45,0,0.016666666666666666,0
TSK-738,EMP-14,1,0.72,1
TSK-738,EMP-10,0,0.0,0
TSK-738,EMP-30,0,0.0,0
TSK-738,EMP-52,0,0.0,0
TSK-738,EMP-57,0,0.0,0
TSK-738,EMP-45,0,0.0033333333333333335,0
TSK-738,EMP-6,0,0.0,0
TSK-738,EMP-58,0,0.0,0
TSK-738,EMP-11,0,0.0,0
TSK-738,EMP-28,0,0.0033333333333333335,0
TSK-738,EMP-16,0,0.0033333333333333335,0
TSK-738,EMP-62,0,0.0,0
TSK-738,EMP-63,0,0.0,0
TSK-738,EMP-46,0,0.0,0
TSK-738,EMP-18,0,0.0,0
TSK-738,EMP-21,0,0.0,0
TSK-738,EMP-48,0,0.0,0
TSK-738,EMP-1,0,0.0,0
TSK-738,EMP-17,0,0.0,0
TSK-738,EMP-7,0,0.0,0
TSK-738,EMP-59,0,0.0,0
TSK-741,EMP-44,1,0.03333333333333333,0
TSK-741,EMP-49,1,0.0033333333333333335,0
TSK-741,EMP-27,1,0.11666666666666667,0
TSK-741,EMP-68,0,0.0,0
TSK-741,EMP-28,0,0.0,0
TSK-741,EMP-40,0,0.0,0
TSK-741,EMP-31,0,0.0033333333333333335,0
TSK-741,EMP-7,0,0.0033333333333333335,0
TSK-741,EMP-11,0,0.0033333333333333335,0
TSK-741,EMP-32,0,0.0,0
TSK-741,EMP-10,0,0.01,0
TSK-741,EMP-55,0,0.03,0
TSK-741,EMP-22,0,0.7066666666666667,1
TSK-741,EMP-20,0,0.0,0
TSK-741,EMP-8,0,0.0,0
TSK-741,EMP-57,0,0.0,0
TSK-741,EMP-59,0,0.0,0
TSK-741,EMP-66,0,0.0,0
TSK-741,EMP-21,0,0.0033333333333333335,0
TSK-741,EMP-16,0,0.0,0
TSK-741,EMP-17,0,0.0,0
TSK-741,EMP-18,0,0.0033333333333333335,0
TSK-741,EMP-45,0,0.013333333333333334,0
TSK-759,EMP-11,1,0.62,1
TSK-759,EMP-56,0,0.0,0
TSK-759,EMP-24,0,0.0,0
TSK-759,EMP-63,0,0.0,0
TSK-759,EMP-42,0,0.0,0
TSK-759,EMP-50,0,0.0,0
TSK-759,EMP-55,0,0.0,0
TSK-759,EMP-12,0,0.0,0
TSK-759,EMP-18,0,0.0,0
TSK-759,EMP-10,0,0.04666666666666667,0
TSK-759,EMP-4,0,0.0,0
TSK-759,EMP-44,0,0.0,0
TSK-759,EMP-58,0,0.006666666666666667,0
TSK-759,EMP-40,0,0.0,0
TSK-759,EMP-41,0,0.0,0
TSK-759,EMP-45,0,0.0,0
TSK-759,EMP-52,0,0.0,0
TSK-759,EMP-1,0,0.0,0
TSK-759,EMP-65,0,0.0,0
TSK-759,EMP-20,0,0.0,0
TSK-759,EMP-16,0,0.0,0
TSK-772,EMP-17,1,0.8833333333333333,1
TSK-772,EMP-63,0,0.0,0
TSK-772,EMP-50,0,0.0,0
TSK-772,EMP-9,0,0.0,0
TSK-772,EMP-6,0,0.0,0
TSK-772,EMP-12,0,0.0033333333333333335,0
TSK-772,EMP-62,0,0.0,0
TSK-772,EMP-56,0,0.0,0
TSK-772,EMP-15,0,0.01,0
TSK-772,EMP-25,0,0.0,0
TSK-772,EMP-24,0,0.0,0
TSK-772,EMP-65,0,0.0,0
TSK-772,EMP-30,0,0.04666666666666667,0
TSK-772,EMP-29,0,0.26666666666666666,0
TSK-772,EMP-31,0,0.0,0
TSK-772,EMP-51,0,0.0,0
TSK-772,EMP-8,0,0.006666666666666667,0
TSK-772,EMP-11,0,0.0,0
TSK-772,EMP-28,0,0.0,0
TSK-772,EMP-5,0,0.02,0
TSK-772,EMP-34,0,0.0,0
TSK-794,EMP-22,1,0.023333333333333334,0
TSK-794,EMP-34,0,0.013333333333333334,0
TSK-794,EMP-7,0,0.5433333333333333,1
TSK-794,EMP-52,0,0.0033333333333333335,0
TSK-794,EMP-9,0,0.01,0
TSK-794,EMP-56,0,0.0033333333333333335,0
TSK-794,EMP-45,0,0.02666666666666667,0
TSK-794,EMP-11,0,0.23333333333333334,0
TSK-794,EMP-10,0,0.31,0
TSK-794,EMP-5,0,0.04666666666666667,0
TSK-794,EMP-57,0,0.0,0
TSK-794,EMP-8,0,0.05,0
TSK-794,EMP-55,0,0.02,0
TSK-794,EMP-20,0,0.01,0
TSK-794,EMP-14,0,0.01,0
TSK-794,EMP-29,0,0.03,0
TSK-794,EMP-40,0,0.006666666666666667,0
TSK-794,EMP-31,0,0.02,0
TSK-794,EMP-16,0,0.02,0
TSK-794,EMP-63,0,0.0,0
TSK-794,EMP-58,0,0.0,0
TSK-798,EMP-10,1,0.11666666666666667,0
TSK-798,EMP-20,0,0.0,0
TSK-798,EMP-44,0,0.0,0
TSK-798,EMP-7,0,0.43,0
TSK-798,EMP-22,0,0.3333333333333333,0
TSK-798,EMP-14,0,0.0,0
TSK-798,EMP-50,0,0.0,0
TSK-798,EMP-18,0,0.0,0
TSK-798,EMP-58,0,0.0,0
TSK-798,EMP-8,0,0.29,0
TSK-798,EMP-56,0,0.0,0
TSK-798,EMP-65,0,0.0,0
TSK-798,EMP-16,0,0.0,0
TSK-798,EMP-12,0,0.0,0
TSK-798,EMP-67,0,0.0,0
TSK-798,EMP-24,0,0.0,0
TSK-798,EMP-15,0,0.08,0
TSK-798,EMP-6,0,0.0,0
TSK-798,EMP-27,0,0.0,0
TSK-798,EMP-63,0,0.0,0
TSK-798,EMP-49,0,0.0,0
TSK-809,EMP-21,1,0.7366666666666667,1
TSK-809,EMP-22,0,0.05,0
TSK-809,EMP-7,0,0.38333333333333336,0
TSK-809,EMP-12,0,0.023333333333333334,0
TSK-809,EMP-68,0,0.03,0
TSK-809,EMP-27,0,0.02666666666666667,0
TSK-809,EMP-15,0,0.006666666666666667,0
TSK-809,EMP-51,0,0.006666666666666667,0
TSK-809,EMP-25,0,0.0033333333333333335,0
TSK-809,EMP-67,0,0.0033333333333333335,0
TSK-809,EMP-20,0,0.01,0
TSK-809,EMP-45,0,0.013333333333333334,0
TSK-809,EMP-44,0,0.0033333333333333335,0
TSK-809,EMP-32,0,0.0033333333333333335,0
TSK-809,EMP-10,0,0.29333333333333333,0
TSK-809,EMP-6,0,0.22,0
TSK-809,EMP-55,0,0.023333333333333334,0
TSK-809,EMP-48,0,0.0,0
TSK-809,EMP-9,0,0.006666666666666667,0
TSK-809,EMP-41,0,0.013333333333333334,0
TSK-809,EMP-34,0,0.023333333333333334,0
TSK-811,EMP-21,1,0.8333333333333334,1
TSK-811,EMP-46,0,0.006666666666666667,0
TSK-811,EMP-58,0,0.0,0
TSK-811,EMP-4,0,0.02666666666666667,0
TSK-811,EMP-67,0,0.0033333333333333335,0
TSK-811,EMP-31,0,0.016666666666666666,0
TSK-811,EMP-1,0,0.0,0
TSK-811,EMP-40,0,0.0,0
TSK-811,EMP-65,0,0.01,0
TSK-811,EMP-34,0,0.013333333333333334,0
TSK-811,EMP-5,0,0.01,0
TSK-811,EMP-25,0,0.0,0
TSK-811,EMP-24,0,0.023333333333333334,0
TSK-811,EMP-48,0,0.0,0
TSK-811,EMP-42,0,0.006666666666666667,0
TSK-811,EMP-22,0,0.006666666666666667,0
TSK-811,EMP-18,0,0.0,0
TSK-811,EMP-28,0,0.023333333333333334,0
TSK-811,EMP-15,0,0.006666666666666667,0
TSK-811,EMP-49,0,0.0,0
TSK-811,EMP-12,0,0.01,0
TSK-839,EMP-22,1,0.26666666666666666,0
TSK-839,EMP-8,0,0.28,0
TSK-839,EMP-58,0,0.03666666666666667,0
TSK-839,EMP-25,0,0.03333333333333333,0
TSK-839,EMP-41,0,0.38,0
TSK-839,EMP-48,0,0.03333333333333333,0
TSK-839,EMP-30,0,0.04,0
TSK-839,EMP-7,0,0.5533333333333333,1
TSK-839,EMP-31,0,0.19333333333333333,0
TSK-839,EMP-27,0,0.2833333333333333,0
TSK-839,EMP-49,0,0.18333333333333332,0
TSK-839,EMP-11,0,0.5433333333333333,1
TSK-839,EMP-14,0,0.16,0
TSK-839,EMP-17,0,0.16333333333333333,0
TSK-839,EMP-63,0,0.02,0
TSK-839,EMP-10,0,0.33666666666666667,0
TSK-839,EMP-24,0,0.07333333333333333,0
TSK-839,EMP-15,0,0.08,0
TSK-839,EMP-52,0,0.09333333333333334,0
TSK-839,EMP-57,0,0.08,0
TSK-839,EMP-62,0,0.10666666666666667,0
TSK-848,EMP-16,1,0.7366666666666667,1
TSK-848,EMP-8,0,0.0,0
TSK-848,EMP-49,0,0.0,0
TSK-848,EMP-14,0,0.0,0
TSK-848,EMP-10,0,0.0033333333333333335,0
TSK-848,EMP-55,0,0.0,0
TSK-848,EMP-67,0,0.0033333333333333335,0
TSK-848,EMP-9,0,0.0,0
TSK-848,EMP-20,0,0.0,0
TSK-848,EMP-18,0,0.0,0
TSK-848,EMP-21,0,0.0033333333333333335,0
TSK-848,EMP-25,0,0.0,0
TSK-848,EMP-59,0,0.0,0
TSK-848,EMP-22,0,0.0033333333333333335,0
TSK-848,EMP-57,0,0.0,0
TSK-848,EMP-6,0,0.0,0
TSK-848,EMP-46,0,0.0,0
TSK-848,EMP-1,0,0.0,0
TSK-848,EMP-32,0,0.0,0
TSK-848,EMP-28,0,0.0,0
TSK-848,EMP-17,0,0.0033333333333333335,0
TSK-849,EMP-5,1,0.0033333333333333335,0
TSK-849,EMP-12,1,0.41333333333333333,0
TSK-849,EMP-52,0,0.0,0
TSK-849,EMP-22,0,0.013333333333333334,0
TSK-849,EMP-34,0,0.0,0
TSK-849,EMP-46,0,0.0,0
TSK-849,EMP-51,0,0.056666666666666664,0
TSK-849,EMP-25,0,0.0,0
TSK-849,EMP-42,0,0.0,0
TSK-849,EMP-21,0,0.006666666666666667,0
TSK-849,EMP-40,0,0.0,0
TSK-849,EMP-58,0,0.0,0
TSK-849,EMP-11,0,0.14666666666666667,0
TSK-849,EMP-29,0,0.0,0
TSK-849,EMP-67,0,0.0,0
TSK-849,EMP-31,0,0.006666666666666667,0
TSK-849,EMP-4,0,0.0,0
TSK-849,EMP-8,0,0.006666666666666667,0
TSK-849,EMP-18,0,0.0,0
TSK-849,EMP-56,0,0.0,0
TSK-849,EMP-32,0,0.33,0
TSK-849,EMP-16,0,0.0,0
TSK-857,EMP-10,1,0.48333333333333334,0
TSK-857,EMP-63,0,0.0,0
TSK-857,EMP-62,0,0.016666666666666666,0
TSK-857,EMP-55,0,0.10666666666666667,0
TSK-857,EMP-1,0,0.0,0
TSK-857,EMP-24,0,0.006666666666666667,0
TSK-857,EMP-50,0,0.0,0
TSK-857,EMP-32,0,0.006666666666666667,0
TSK-857,EMP-25,0,0.0033333333333333335,0
TSK-857,EMP-58,0,0.0033333333333333335,0
TSK-857,EMP-4,0,0.14,0
TSK-857,EMP-42,0,0.056666666666666664,0
TSK-857,EMP-48,0,0.006666666666666667,0
TSK-857,EMP-5,0,0.06333333333333334,0
TSK-857,EMP-59,0,0.0,0
TSK-857,EMP-41,0,0.04666666666666667,0
TSK-857,EMP-11,0,0.19,0
TSK-857,EMP-20,0,0.01,0
TSK-857,EMP-21,0,0.71,1
TSK-857,EMP-17,0,0.03,0
TSK-857,EMP-6,0,0.10333333333333333,0
TSK-867,EMP-15,1,0.9266666666666666,1
TSK-867,EMP-55,0,0.0,0
TSK-867,EMP-59,0,0.0,0
TSK-867,EMP-27,0,0.0,0
TSK-867,EMP-44,0,0.0,0
TSK-867,EMP-68,0,0.0,0
TSK-867,EMP-8,0,0.27,0
TSK-867,EMP-5,0,0.10666666666666667,0
TSK-867,EMP-21,0,0.0033333333333333335,0
TSK-867,EMP-12,0,0.0033333333333333335,0
TSK-867,EMP-57,0,0.0,0
TSK-867,EMP-17,0,0.0,0
TSK-867,EMP-31,0,0.0,0
TSK-867,EMP-28,0,0.0,0
TSK-867,EMP-66,0,0.0,0
TSK-867,EMP-41,0,0.0,0
TSK-867,EMP-32,0,0.0,0
TSK-867,EMP-49,0,0.0,0
TSK-867,EMP-46,0,0.0,0
TSK-867,EMP-1,0,0.0,0
TSK-867,EMP-6,0,0.0,0
TSK-869,EMP-15,1,0.9666666666666667,1
TSK-869,EMP-4,0,0.10333333333333333,0
TSK-869,EMP-57,0,0.0,0
TSK-869,EMP-10,0,0.0,0
TSK-869,EMP-20,0,0.0,0
TSK-869,EMP-25,0,0.0,0
TSK-869,EMP-67,0,0.0,0
TSK-869,EMP-49,0,0.0,0
TSK-869,EMP-32,0,0.0033333333333333335,0
TSK-869,EMP-18,0,0.023333333333333334,0
TSK-869,EMP-46,0,0.0,0
TSK-869,EMP-31,0,0.0,0
TSK-869,EMP-28,0,0.0,0
TSK-869,EMP-21,0,0.0,0
TSK-869,EMP-59,0,0.0,0
TSK-869,EMP-62,0,0.0,0
TSK-869,EMP-51,0,0.0,0
TSK-869,EMP-7,0,0.02,0
TSK-869,EMP-41,0,0.0,0
TSK-869,EMP-56,0,0.0,0
TSK-869,EMP-30,0,0.0,0
TSK-876,EMP-4,1,0.7933333333333333,1
TSK-876,EMP-68,0,0.0033333333333333335,0
TSK-876,EMP-9,0,0.006666666666666667,0
TSK-876,EMP-15,0,0.45,0
TSK-876,EMP-17,0,0.0033333333333333335,0
TSK-876,EMP-18,0,0.5966666666666667,1
TSK-876,EMP-66,0,0.0,0
TSK-876,EMP-49,0,0.0,0
TSK-876,EMP-28,0,0.0,0
TSK-876,EMP-51,0,0.0033333333333333335,0
TSK-876,EMP-1,0,0.0,0
TSK-876,EMP-56,0,0.0,0
TSK-876,EMP-22,0,0.06666666666666667,0
TSK-876,EMP-65,0,0.0,0
TSK-876,EMP-62,0,0.0,0
TSK-876,EMP-58,0,0.0,0
TSK-876,EMP-45,0,0.0033333333333333335,0
TSK-876,EMP-34,0,0.0,0
TSK-876,EMP-30,0,0.0033333333333333335,0
TSK-876,EMP-21,0,0.0033333333333333335,0
TSK-876,EMP-20,0,0.0,0
TSK-893,EMP-22,1,0.86,1
TSK-893,EMP-51,0,0.0,0
TSK-893,EMP-59,0,0.0,0
TSK-893,EMP-44,0,0.0,0
TSK-893,EMP-25,0,0.0,0
TSK-893,EMP-18,0,0.0,0
TSK-893,EMP-32,0,0.0,0
TSK-893,EMP-4,0,0.0033333333333333335,0
TSK-893,EMP-12,0,0.0,0
TSK-893,EMP-45,0,0.0033333333333333335,0
TSK-893,EMP-11,0,0.02666666666666667,0
TSK-893,EMP-63,0,0.0,0
TSK-893,EMP-24,0,0.0,0
TSK-893,EMP-66,0,0.0,0
TSK-893,EMP-17,0,0.0,0
TSK-893,EMP-20,0,0.0,0
TSK-893,EMP-10,0,0.006666666666666667,0
TSK-893,EMP-52,0,0.0,0
TSK-893,EMP-31,0,0.0033333333333333335,0
TSK-893,EMP-16,0,0.0,0
TSK-893,EMP-46,0,0.0,0
TSK-903,EMP-44,1,0.2833333333333333,0
TSK-903,EMP-46,1,0.01,0
TSK-903,EMP-14,1,0.7433333333333333,1
TSK-903,EMP-10,0,0.0,0
TSK-903,EMP-56,0,0.0,0
TSK-903,EMP-28,0,0.0,0
TSK-903,EMP-21,0,0.0,0
TSK-903,EMP-18,0,0.0033333333333333335,0
TSK-903,EMP-31,0,0.0,0
TSK-903,EMP-12,0,0.0033333333333333335,0
TSK-903,EMP-15,0,0.0033333333333333335,0
TSK-903,EMP-63,0,0.0033333333333333335,0
TSK-903,EMP-40,0,0.0,0
TSK-903,EMP-16,0,0.0,0
TSK-903,EMP-29,0,0.0033333333333333335,0
TSK-903,EMP-51,0,0.006666666666666667,0
TSK-903,EMP-68,0,0.0,0
TSK-903,EMP-49,0,0.01,0
TSK-903,EMP-57,0,0.0,0
TSK-903,EMP-11,0,0.0,0
TSK-903,EMP-5,0,0.17,0
TSK-903,EMP-50,0,0.0,0
TSK-903,EMP-65,0,0.0033333333333333335,0
TSK-904,EMP-22,1,0.23,0
TSK-904,EMP-68,0,0.0,0
TSK-904,EMP-15,0,0.0,0
TSK-904,EMP-17,0,0.0,0
TSK-904,EMP-29,0,0.0,0
TSK-904,EMP-28,0,0.12666666666666668,0
TSK-904,EMP-40,0,0.0033333333333333335,0
TSK-904,EMP-67,0,0.0,0
TSK-904,EMP-5,0,0.0,0
TSK-904,EMP-32,0,0.0,0
TSK-904,EMP-50,0,0.0,0
TSK-904,EMP-14,0,0.0,0
TSK-904,EMP-27,0,0.0,0
TSK-904,EMP-11,0,0.16666666666666666,0
TSK-904,EMP-49,0,0.0,0
TSK-904,EMP-59,0,0.0,0
TSK-904,EMP-63,0,0.0,0
TSK-904,EMP-24,0,0.0,0
TSK-904,EMP-42,0,0.0,0
TSK-904,EMP-56,0,0.0,0
TSK-904,EMP-25,0,0.0,0
TSK-905,EMP-46,1,0.0033333333333333335,0
TSK-905,EMP-14,1,0.6966666666666667,1
TSK-905,EMP-8,0,0.0033333333333333335,0
TSK-905,EMP-50,0,0.0,0
TSK-905,EMP-65,0,0.0,0
TSK-905,EMP-59,0,0.0,0
TSK-905,EMP-27,0,0.15333333333333332,0
TSK-905,EMP-56,0,0.0,0
TSK-905,EMP-20,0,0.0,0
TSK-905,EMP-57,0,0.0,0
TSK-905,EMP-16,0,0.0033333333333333335,0
TSK-905,EMP-31,0,0.0,0
TSK-905,EMP-68,0,0.0,0
TSK-905,EMP-29,0,0.0,0
TSK-905,EMP-21,0,0.0033333333333333335,0
TSK-905,EMP-63,0,0.0,0
TSK-905,EMP-25,0,0.0,0
TSK-905,EMP-11,0,0.01,0
TSK-905,EMP-4,0,0.25,0
TSK-905,EMP-55,0,0.22,0
TSK-905,EMP-49,0,0.0033333333333333335,0
TSK-905,EMP-10,0,0.0033333333333333335,0
TSK-909,EMP-21,1,0.6033333333333334,1
TSK-909,EMP-45,0,0.14,0
TSK-909,EMP-55,0,0.21,0
TSK-909,EMP-65,0,0.006666666666666667,0
TSK-909,EMP-6,0,0.11,0
TSK-909,EMP-7,0,0.5366666666666666,1
TSK-909,EMP-24,0,0.03333333333333333,0
TSK-909,EMP-4,0,0.24,0
TSK-909,EMP-49,0,0.04666666666666667,0
TSK-909,EMP-63,0,0.013333333333333334,0
TSK-909,EMP-66,0,0.03333333333333333,0
TSK-909,EMP-15,0,0.03,0
TSK-909,EMP-25,0,0.01,0
TSK-909,EMP-14,0,0.06666666666666667,0
TSK-909,EMP-51,0,0.03,0
TSK-909,EMP-27,0,0.15333333333333332,0
TSK-909,EMP-52,0,0.02666666666666667,0
TSK-909,EMP-1,0,0.0,0
TSK-909,EMP-16,0,0.15666666666666668,0
TSK-909,EMP-41,0,0.17333333333333334,0
TSK-909,EMP-9,0,0.07333333333333333,0
TSK-918,EMP-22,1,0.016666666666666666,0
TSK-918,EMP-6,0,0.07666666666666666,0
TSK-918,EMP-42,0,0.023333333333333334,0
TSK-918,EMP-31,0,0.07666666666666666,0
TSK-918,EMP-55,0,0.04,0
TSK-918,EMP-1,0,0.0,0
TSK-918,EMP-58,0,0.0,0
TSK-918,EMP-12,0,0.03333333333333333,0
TSK-918,EMP-63,0,0.0,0
TSK-918,EMP-52,0,0.0,0
TSK-918,EMP-7,0,0.5033333333333333,1
TSK-918,EMP-18,0,0.0,0
TSK-918,EMP-49,0,0.006666666666666667,0
TSK-918,EMP-41,0,0.05333333333333334,0
TSK-918,EMP-5,0,0.07666666666666666,0
TSK-918,EMP-10,0,0.07333333333333333,0
TSK-918,EMP-29,0,0.04,0
TSK-918,EMP-16,0,0.023333333333333334,0
TSK-918,EMP-20,0,0.0,0
TSK-918,EMP-57,0,0.0,0
TSK-918,EMP-9,0,0.016666666666666666,0
TSK-919,EMP-22,1,0.1,0
TSK-919,EMP-63,0,0.0033333333333333335,0
TSK-919,EMP-68,0,0.02,0
TSK-919,EMP-62,0,0.03333333333333333,0
TSK-919,EMP-16,0,0.05333333333333334,0
TSK-919,EMP-8,0,0.25,0
TSK-919,EMP-59,0,0.0,0
TSK-919,EMP-58,0,0.01,0
TSK-919,EMP-67,0,0.013333333333333334,0
TSK-919,EMP-51,0,0.02666666666666667,0
TSK-919,EMP-1,0,0.0,0
TSK-919,EMP-25,0,0.01,0
TSK-919,EMP-32,0,0.006666666666666667,0
TSK-919,EMP-55,0,0.07333333333333333,0
TSK-919,EMP-34,0,0.043333333333333335,0
TSK-919,EMP-7,0,0.37666666666666665,0
TSK-919,EMP-12,0,0.04,0
TSK-919,EMP-17,0,0.04666666666666667,0
TSK-919,EMP-49,0,0.043333333333333335,0
TSK-919,EMP-57,0,0.056666666666666664,0
TSK-919,EMP-6,0,0.10666666666666667,0
TSK-922,EMP-6,1,0.12,0
TSK-922,EMP-30,0,0.0,0
TSK-922,EMP-57,0,0.0,0
TSK-922,EMP-16,0,0.0,0
TSK-922,EMP-14,0,0.0,0
TSK-922,EMP-42,0,0.006666666666666667,0
TSK-922,EMP-46,0,0.0033333333333333335,0
TSK-922,EMP-32,0,0.0033333333333333335,0
TSK-922,EMP-12,0,0.0,0
TSK-922,EMP-55,0,0.0,0
TSK-922,EMP-34,0,0.0,0
TSK-922,EMP-50,0,0.0,0
TSK-922,EMP-25,0,0.0,0
TSK-922,EMP-5,0,0.23333333333333334,0
TSK-922,EMP-51,0,0.0,0
TSK-922,EMP-20,0,0.0,0
TSK-922,EMP-1,0,0.0,0
TSK-922,EMP-65,0,0.0,0
TSK-922,EMP-48,0,0.0,0
TSK-922,EMP-56,0,0.0,0
TSK-922,EMP-21,0,0.18333333333333332,0
TSK-927,EMP-8,1,0.7766666666666666,1
TSK-927,EMP-65,0,0.0,0
TSK-927,EMP-4,0,0.0,0
TSK-927,EMP-21,0,0.0,0
TSK-927,EMP-58,0,0.0,0
TSK-927,EMP-24,0,0.0,0
TSK-927,EMP-34,0,0.0,0
TSK-927,EMP-49,0,0.0,0
TSK-927,EMP-68,0,0.0,0
TSK-927,EMP-17,0,0.0,0
TSK-927,EMP-63,0,0.0,0
TSK-927,EMP-6,0,0.0,0
TSK-927,EMP-22,0,0.0,0
TSK-927,EMP-30,0,0.0,0
TSK-927,EMP-11,0,0.0,0
TSK-927,EMP-56,0,0.0,0
TSK-927,EMP-29,0,0.0,0
TSK-927,EMP-32,0,0.0,0
TSK-927,EMP-12,0,0.0033333333333333335,0
TSK-927,EMP-7,0,0.0,0
TSK-927,EMP-16,0,0.43,0
TSK-961,EMP-7,1,0.5933333333333334,1
TSK-961,EMP-14,0,0.0033333333333333335,0
TSK-961,EMP-52,0,0.013333333333333334,0
TSK-961,EMP-40,0,0.006666666666666667,0
TSK-961,EMP-55,0,0.01,0
TSK-961,EMP-6,0,0.03333333333333333,0
TSK-961,EMP-59,0,0.0,0
TSK-961,EMP-27,0,0.016666666666666666,0
TSK-961,EMP-45,0,0.03,0
TSK-961,EMP-66,0,0.01,0
TSK-961,EMP-34,0,0.006666666666666667,0
TSK-961,EMP-21,0,0.4,0
TSK-961,EMP-67,0,0.03333333333333333,0
TSK-961,EMP-51,0,0.016666666666666666,0
TSK-961,EMP-49,0,0.0033333333333333335,0
TSK-961,EMP-41,0,0.03,0
TSK-961,EMP-25,0,0.0,0
TSK-961,EMP-48,0,0.01,0
TSK-961,EMP-46,0,0.01,0
TSK-961,EMP-11,0,0.14333333333333334,0
TSK-961,EMP-56,0,0.01,0
TSK-969,EMP-21,1,0.43,0
TSK-969,EMP-6,0,0.0,0
TSK-969,EMP-11,0,0.25,0
TSK-969,EMP-44,0,0.0,0
TSK-969,EMP-5,0,0.0033333333333333335,0
TSK-969,EMP-55,0,0.0,0
TSK-969,EMP-52,0,0.0,0
TSK-969,EMP-8,0,0.13333333333333333,0
TSK-969,EMP-45,0,0.0,0
TSK-969,EMP-14,0,0.0,0
TSK-969,EMP-1,0,0.0,0
TSK-969,EMP-28,0,0.13333333333333333,0
TSK-969,EMP-30,0,0.0,0
TSK-969,EMP-63,0,0.0,0
TSK-969,EMP-9,0,0.0,0
TSK-969,EMP-57,0,0.0,0
TSK-969,EMP-68,0,0.0,0
TSK-969,EMP-59,0,0.0033333333333333335,0
TSK-969,EMP-12,0,0.0,0
TSK-969,EMP-48,0,0.0,0
TSK-969,EMP-41,0,0.0,0
TSK-976,EMP-4,1,0.43,0
TSK-976,EMP-16,1,0.5033333333333333,1
TSK-976,EMP-20,0,0.39666666666666667,0
TSK-976,EMP-28,0,0.0,0
TSK-976,EMP-67,0,0.0,0
TSK-976,EMP-50,0,0.0,0
TSK-976,EMP-46,0,0.0033333333333333335,0
TSK-976,EMP-66,0,0.0,0
TSK-976,EMP-51,0,0.0,0
TSK-976,EMP-56,0,0.0,0
TSK-976,EMP-22,0,0.0,0
TSK-976,EMP-21,0,0.0,0
TSK-976,EMP-62,0,0.0,0
TSK-976,EMP-11,0,0.12666666666666668,0
TSK-976,EMP-8,0,0.2633333333333333,0
TSK-976,EMP-15,0,0.0033333333333333335,0
TSK-976,EMP-18,0,0.48,0
TSK-976,EMP-45,0,0.0033333333333333335,0
TSK-976,EMP-12,0,0.21333333333333335,0
TSK-976,EMP-49,0,0.0,0
TSK-976,EMP-52,0,0.0033333333333333335,0
TSK-976,EMP-41,0,0.0,0
TSK-978,EMP-7,1,0.41,0
TSK-978,EMP-34,0,0.0,0
TSK-978,EMP-49,0,0.0,0
TSK-978,EMP-11,0,0.33666666666666667,0
TSK-978,EMP-45,0,0.0,0
TSK-978,EMP-56,0,0.0,0
TSK-978,EMP-14,0,0.0,0
TSK-978,EMP-12,0,0.0,0
TSK-978,EMP-62,0,0.0,0
TSK-978,EMP-5,0,0.0,0
TSK-978,EMP-24,0,0.0,0
TSK-978,EMP-15,0,0.0,0
TSK-978,EMP-4,0,0.0,0
TSK-978,EMP-18,0,0.0,0
TSK-978,EMP-8,0,0.19333333333333333,0
TSK-978,EMP-1,0,0.0,0
TSK-978,EMP-6,0,0.0033333333333333335,0
TSK-978,EMP-17,0,0.0,0
TSK-978,EMP-68,0,0.0,0
TSK-978,EMP-63,0,0.0,0
TSK-978,EMP-28,0,0.21,0
TSK-992,EMP-11,1,0.0,0
TSK-992,EMP-8,1,0.3333333333333333,0
TSK-992,EMP-28,0,0.0,0
TSK-992,EMP-41,0,0.0,0
TSK-992,EMP-5,0,0.06,0
TSK-992,EMP-56,0,0.0,0
TSK-992,EMP-42,0,0.0,0
TSK-992,EMP-1,0,0.0,0
TSK-992,EMP-25,0,0.0,0
TSK-992,EMP-44,0,0.0,0
TSK-992,EMP-62,0,0.0,0
TSK-992,EMP-31,0,0.0,0
TSK-992,EMP-29,0,0.0,0
TSK-992,EMP-34,0,0.0,0
TSK-992,EMP-66,0,0.0,0
TSK-992,EMP-20,0,0.0,0
TSK-992,EMP-67,0,0.0,0
TSK-992,EMP-14,0,0.05333333333333334,0
TSK-992,EMP-49,0,0.0,0
TSK-992,EMP-50,0,0.0,0
TSK-992,EMP-17,0,0.0,0
TSK-992,EMP-18,0,0.05,0
